time_s,vin_V,vgs_V,vout_V
0,0,2,3.29457363701
2e-08,1.25663705813e-06,2.00000125664,3.29456948371
4e-08,2.51327409641e-06,2.00000251327,3.2945653304
8e-08,5.02654803407e-06,2.00000502655,3.29455702378
1.6e-07,1.00530947981e-05,2.00001005309,3.29454041049
3.2e-07,2.01061794361e-05,2.00002010617,3.29450718374
6.4e-07,4.02122775912e-05,2.00004021222,3.29444072965
1.28e-06,8.04239049364e-05,2.00008042369,3.29430782012
2.56e-06,0.000160842607967,2.00016084175,3.29404200313
4.56e-06,0.000286474051904,2.00028647133,3.29362670473
6.56e-06,0.000412060258267,2.00041205463,3.29321151368
8.56e-06,0.000537581395539,2.00053757181,3.2927964956
1.056e-05,0.000663017642476,2.00066300305,3.2923817161
1.256e-05,0.000788349191242,2.00078832855,3.2919672408
1.456e-05,0.000913556250531,2.00091352852,3.29155313527
1.656e-05,0.0010386190487,2.00103858319,3.29113946506
1.856e-05,0.00116351783688,2.0011634728,3.29072629565
2.056e-05,0.0012882328921,2.00128817764,3.29031369249
2.256e-05,0.00141274452042,2.00141267801,3.28990172094
2.456e-05,0.00153703306,2.00153695426,3.28949044629
2.656e-05,0.00166107888425,2.00166098676,3.28907993374
2.856e-05,0.00178486240488,2.00178475593,3.28867024839
3.056e-05,0.00190836407504,2.00190824221,3.28826145523
3.256e-05,0.0020315643924,2.00203142611,3.28785361913
3.456e-05,0.00215444390219,2.00215428818,3.28744680483
3.656e-05,0.00227698320031,2.00227680901,3.28704107691
3.856e-05,0.00239916293639,2.00239896927,3.28663649984
4.056e-05,0.00252096381683,2.00252074965,3.28623313788
4.256e-05,0.00264236660786,2.00264213093,3.28583105515
4.456e-05,0.00276335213857,2.00276309394,3.28543031558
4.656e-05,0.00288390130394,2.00288361958,3.28503098289
4.856e-05,0.00300399506786,2.00300368881,3.28463312062
5.056e-05,0.00312361446615,2.00312328268,3.28423679208
5.256e-05,0.00324274060949,2.0032423823,3.28384206035
5.456e-05,0.00336135468651,2.00336096886,3.2834489883
5.656e-05,0.00347943796665,2.00347902364,3.28305763853
5.856e-05,0.0035969718032,2.003596528,3.28266807341
6.056e-05,0.00371393763621,2.00371346337,3.28228035501
6.256e-05,0.00383031699541,2.0038298113,3.28189454515
6.456e-05,0.00394609150316,2.00394555341,3.28151070535
6.656e-05,0.00406124287731,2.00406067142,3.28112889686
6.856e-05,0.00417575293413,2.00417514717,3.2807491806
7.056e-05,0.00428960359116,2.00428896256,3.28037161717
7.256e-05,0.00440277687005,2.00440209962,3.27999626686
7.456e-05,0.00451525489944,2.0045145405,3.27962318962
7.656e-05,0.00462701991774,2.00462626743,3.27925244504
7.856e-05,0.00473805427595,2.00473726277,3.27888409239
8.056e-05,0.00484834044047,2.004847509,3.27851819053
8.256e-05,0.00495786099583,2.0049569887,3.27815479797
8.456e-05,0.00506659864746,2.0050656846,3.27779397284
8.656e-05,0.00517453622444,2.00517357951,3.27743577286
8.856e-05,0.00528165668216,2.00528065641,3.27708025535
9.056e-05,0.00538794310506,2.00538689838,3.27672747723
9.256e-05,0.00549337870928,2.00549228866,3.27637749497
9.456e-05,0.00559794684533,2.00559681059,3.27603036463
9.656e-05,0.00570163100068,2.00570044767,3.27568614182
9.856e-05,0.00580441480239,2.00580318354,3.27534488171
0.00010056,0.00590628201973,2.00590500197,3.27500663898
0.00010256,0.00600721656666,2.00600588689,3.27467146788
0.00010456,0.00610720250446,2.00610582236,3.27433942215
0.00010656,0.00620622404419,2.00620479261,3.27401055506
0.00010856,0.00630426554919,2.006302782,3.27368491937
0.00011056,0.00640131153759,2.00639977506,3.27336256735
0.00011256,0.00649734668468,2.00649575648,3.27304355074
0.00011456,0.00659235582542,2.00659071109,3.27272792077
0.00011656,0.00668632395675,2.00668462391,3.27241572813
0.00011856,0.00677923624001,2.0067774801,3.27210702298
0.00012056,0.00687107800329,2.006869265,3.27180185491
0.00012256,0.0069618347437,2.00695996412,3.27150027299
0.00012456,0.00705149212969,2.00704956313,3.27120232568
0.00012656,0.00714003600334,2.00713804789,3.27090806091
0.00012856,0.00722745238253,2.00722540442,3.27061752599
0.00013056,0.00731372746321,2.00731161893,3.27033076767
0.00013256,0.00739884762154,2.00739667781,3.27004783209
0.00013456,0.00748279941606,2.00748056761,3.26976876477
0.00013656,0.0075655695898,2.0075632751,3.26949361066
0.00013856,0.00764714507241,2.00764478722,3.26922241404
0.00014056,0.00772751298216,2.00772509109,3.26895521859
0.00014256,0.00780666062803,2.00780417403,3.26869206735
0.00014456,0.00788457551169,2.00788202355,3.26843300272
0.00014656,0.00796124532947,2.00795862737,3.26817806643
0.00014856,0.00803665797433,2.00803397338,3.26792729959
0.00015056,0.00811080153773,2.00810804968,3.26768074261
0.00015256,0.00818366431154,2.00818084459,3.26743843524
0.00015456,0.00825523478989,2.00825234659,3.26720041656
0.00015656,0.00832550167097,2.00832254441,3.26696672496
0.00015856,0.00839445385883,2.00839142696,3.26673739814
0.00016056,0.0084620804651,2.00845898335,3.2665124731
0.00016256,0.00852837081078,2.00852520293,3.26629198613
0.00016456,0.00859331442784,2.00859007524,3.26607597283
0.00016656,0.00865690106094,2.00865359002,3.26586446806
0.00016856,0.008719120669,2.00871573726,3.26565750598
0.00017056,0.00877996342684,2.00877650713,3.26545512
0.00017256,0.00883941972667,2.00883589004,3.2652573428
0.00017456,0.00889748017966,2.00889387662,3.26506420634
0.00017656,0.00895413561738,2.00895045771,3.26487574183
0.00017856,0.00900937709329,2.00900562437,3.26469197969
0.00018056,0.00906319588412,2.00905936789,3.26451294965
0.00018256,0.00911558349125,2.00911167978,3.26433868062
0.00018456,0.00916653164207,2.00916255179,3.26416920078
0.00018656,0.00921603229129,2.00921197588,3.26400453753
0.00018856,0.00926407762218,2.00925994424,3.26384471749
0.00019056,0.00931066004781,2.00930644931,3.2636897665
0.00019256,0.0093557722123,2.00935148373,3.26353970963
0.00019456,0.00939940699189,2.0093950404,3.26339457113
0.00019656,0.00944155749616,2.00943711244,3.2632543745
0.00019856,0.00948221706905,2.0094776932,3.26311914241
0.00020056,0.00952137928994,2.00951677628,3.26298889674
0.00020256,0.00955903797467,2.0095543555,3.26286365856
0.00020456,0.00959518717649,2.00959042493,3.26274344815
0.00020656,0.00962982118702,2.00962497888,3.26262828495
0.00020856,0.00966293453716,2.00965801188,3.26251818761
0.00021056,0.00969452199792,2.00968951873,3.26241317394
0.00021256,0.00972457858127,2.00971949444,3.26231326095
0.00021456,0.00975309954093,2.00974793429,3.26221846481
0.00021656,0.00978008037311,2.00977483377,3.26212880087
0.00021856,0.00980551681723,2.00980018865,3.26204428365
0.00022056,0.00982940485657,2.00982399493,3.26196492683
0.00022256,0.00985174071894,2.00984624883,3.26189074326
0.00022456,0.00987252087725,2.00986694685,3.26182174496
0.00022656,0.00989174205006,2.00988608572,3.26175794311
0.00022856,0.00990940120213,2.00990366241,3.26169934802
0.00023056,0.00992549554488,2.00991967416,3.2616459692
0.00023256,0.00994002253683,2.00993411843,3.2615978153
0.00023456,0.00995297988399,2.00994699294,3.2615548941
0.00023656,0.00996436554024,2.00995829565,3.26151721257
0.00023856,0.00997417770767,2.00996802479,3.26148477681
0.00024056,0.00998241483681,2.00997617882,3.26145759207
0.00024256,0.00998907562693,2.00998275645,3.26143566275
0.00024456,0.00999415902621,2.00998775664,3.26141899242
0.00024656,0.00999766423192,2.0099911786,3.26140758376
0.00024856,0.00999959069056,2.00999302179,3.26140143864
0.00025056,0.00999993809791,2.00999328592,3.26140055803
0.00025256,0.0099987063991,2.00999197095,3.2614049421
0.00025456,0.00999589578865,2.00998907709,3.26141459011
0.00025656,0.00999150671038,2.00998460478,3.26142950053
0.00025856,0.00998553985737,2.00997855475,3.26144967091
0.00026056,0.00997799617187,2.00997092794,3.26147509801
0.00026256,0.00996887684509,2.00996172556,3.2615057777
0.00026456,0.00995818331711,2.00995094907,3.26154170501
0.00026656,0.00994591727654,2.00993860015,3.26158287412
0.00026856,0.00993208066033,2.00992468077,3.26162927836
0.00027056,0.00991667565345,2.00990919312,3.26168091021
0.00027256,0.00989970468853,2.00989213965,3.26173776132
0.00027456,0.00988117044547,2.00987352305,3.26179982247
0.00027656,0.00986107585106,2.00985334626,3.26186708361
0.00027856,0.00983942407845,2.00983161247,3.26193953385
0.00028056,0.00981621854673,2.00980832511,3.26201716145
0.00028256,0.0097914629203,2.00978348785,3.26209995384
0.00028456,0.00976516110836,2.00975710462,3.26218789763
0.00028656,0.00973731726429,2.00972917958,3.26228097856
0.00028856,0.00970793578495,2.00969971715,3.26237918157
0.00029056,0.00967702131,2.00966872197,3.26248249075
0.00029256,0.00964457872121,2.00963619894,3.26259088939
0.00029456,0.00961061314164,2.0096021532,3.26270435994
0.00029656,0.00957512993484,2.00956659013,3.26282288402
0.00029856,0.00953813470403,2.00952951533,3.26294644247
0.00030056,0.00949963329118,2.00949093466,3.26307501528
0.00030256,0.00945963177611,2.00945085423,3.26320858165
0.00030456,0.00941813647552,2.00940928034,3.26334711996
0.00030656,0.009375153942,2.00936621958,3.26349060782
0.00030856,0.009330690963,2.00932167873,3.26363902199
0.00031056,0.00928475455973,2.00927566484,3.26379233848
0.00031256,0.00923735198608,2.00922818517,3.2639505325
0.00031456,0.00918849072746,2.00917924721,3.26411357845
0.00031656,0.00913817849965,2.0091288587,3.26428144999
0.00031856,0.00908642324752,2.00907702759,3.26445411996
0.00032056,0.00903323314383,2.00902376206,3.26463156046
0.00032256,0.0089786165879,2.00896907054,3.2648137428
0.00032456,0.00892258220433,2.00891296165,3.26500063755
0.00032656,0.0088651388416,2.00885544425,3.26519221451
0.00032856,0.00880629557068,2.00879652743,3.26538844272
0.00033056,0.0087460616836,2.00873622049,3.26558929049
0.00033256,0.00868444669199,2.00867453295,3.26579472537
0.00033456,0.00862146032558,2.00861147456,3.2660047142
0.00033656,0.00855711253064,2.00854705527,3.26621922306
0.00033856,0.00849141346843,2.00848128526,3.26643821733
0.00034056,0.0084243735136,2.0084141749,3.26666166166
0.00034256,0.00835600325254,2.00834573481,3.26688951999
0.00034456,0.00828631348169,2.00827597578,3.26712175554
0.00034656,0.00821531520589,2.00820490884,3.26735833087
0.00034856,0.00814301963658,2.00813254519,3.26759920779
0.00035056,0.00806943819008,2.00805889628,3.26784434748
0.00035256,0.00799458248574,2.00798397373,3.2680937104
0.00035456,0.00791846434415,2.00790778938,3.26834725636
0.00035656,0.00784109578524,2.00783035524,3.26860494448
0.00035856,0.00776248902642,2.00775168356,3.26886673324
0.00036056,0.00768265648059,2.00767178675,3.26913258046
0.00036256,0.00760161075424,2.00759067743,3.26940244331
0.00036456,0.00751936464544,2.00750836841,3.26967627834
0.00036656,0.00743593114179,2.00742487268,3.26995404146
0.00036856,0.00735132341841,2.00734020344,3.27023568794
0.00037056,0.00726555483585,2.00725437404,3.27052117245
0.00037256,0.00717863893795,2.00716739805,3.27081044906
0.00037456,0.00709058944975,2.0070792892,3.27110347123
0.00037656,0.00700142027527,2.00699006141,3.27140019182
0.00037856,0.00691114549537,2.00689972875,3.27170056311
0.00038056,0.00681977936548,2.00680830551,3.27200453683
0.00038256,0.00672733631338,2.0067158061,3.2723120641
0.00038456,0.00663383093688,2.00662224515,3.27262309551
0.00038656,0.00653927800157,2.00652763743,3.27293758108
0.00038856,0.00644369243847,2.00643199786,3.27325547031
0.00039056,0.00634708934163,2.00633534157,3.27357671215
0.00039256,0.0062494839658,2.00623768381,3.27390125501
0.00039456,0.00615089172401,2.00613904,3.27422904682
0.00039656,0.00605132818511,2.00603942571,3.27456003497
0.00039856,0.00595080907135,2.00593885669,3.27489416636
0.00040056,0.00584935025585,2.00583734881,3.2752313874
0.00040256,0.00574696776013,2.00573491809,3.27557164402
0.00040456,0.00564367775158,2.00563158072,3.27591488168
0.00040656,0.0055394965409,2.00552735302,3.27626104538
0.00040856,0.00543444057949,2.00542225143,3.27661007964
0.00041056,0.00532852645692,2.00531629257,3.27696192856
0.00041256,0.00522177089825,2.00520949315,3.27731653581
0.00041456,0.00511419076142,2.00510187005,3.27767384461
0.00041656,0.00500580303459,2.00499344026,3.27803379778
0.00041856,0.00489662483343,2.0048842209,3.27839633773
0.00042056,0.00478667339844,2.00477422922,3.27876140646
0.00042256,0.00467596609224,2.00466348259,3.2791289456
0.00042456,0.00456452039678,2.0045519985,3.27949889638
0.00042656,0.00445235391064,2.00443979455,3.2798711997
0.00042856,0.0043394843462,2.00432688846,3.28024579605
0.00043056,0.00422592952688,2.00421329805,3.28062262562
0.00043256,0.0041117073843,2.00409904127,3.28100162821
0.00043456,0.00399683595546,2.00398413617,3.28138274334
0.00043656,0.00388133337989,2.00386860087,3.28176591019
0.00043856,0.00376521789678,2.00375245363,3.28215106761
0.00044056,0.00364850784212,2.00363571279,3.28253815419
0.00044256,0.00353122164578,2.00351839679,3.2829271082
0.00044456,0.0034133778286,2.00340052414,3.28331786764
0.00044656,0.0032949949995,2.00328211347,3.28371037025
0.00044856,0.00317609185249,2.00316318347,3.28410455351
0.00045056,0.00305668716375,2.00304375292,3.28450035463
0.00045256,0.00293679978868,2.00292384068,3.28489771061
0.00045456,0.00281644865888,2.00280346568,3.2852965582
0.00045656,0.00269565277919,2.00268264694,3.28569683395
0.00045856,0.00257443122467,2.00256140354,3.28609847419
0.00046056,0.00245280313762,2.00243975461,3.28650141507
0.00046256,0.00233078772452,2.00231771938,3.28690559252
0.00046456,0.00220840425302,2.0021953171,3.28731094233
0.00046656,0.00208567204888,2.00207256712,3.2877174001
0.00046856,0.00196261049296,2.0019494888,3.28812490129
0.00047056,0.00183923901808,2.00182610159,3.2885333812
0.00047256,0.00171557710604,2.00170242498,3.28894277502
0.00047456,0.00159164428449,2.00157847849,3.28935301778
0.00047656,0.00146746012386,2.00145428169,3.28976404443
0.00047856,0.00134304423426,2.0013298542,3.2901757898
0.00048056,0.0012184162624,2.00120521567,3.29058818863
0.00048256,0.0010935958885,2.00108038577,3.29100117557
0.00048456,0.000968602823125,2.00095538422,3.29141468521
0.00048656,0.000843456804137,2.00083023076,3.29182865208
0.00048856,0.000718177593543,2.00070494516,3.29224301064
0.00049056,0.000592784974381,2.00057954718,3.29265769533
0.00049256,0.0004672987476,2.00045405665,3.29307264056
0.00049456,0.000341738728929,2.00032849337,3.29348778071
0.00049656,0.000216124745752,2.00020287717,3.29390305014
0.00049856,9.04766339719e-05,2.0000772279,3.29431838324
0.00050056,-3.51857651176e-05,1.99995156538,3.29473371439
0.00050256,-0.000160842607967,1.99982590946,3.29514897801
0.00050456,-0.000286474051904,1.99970027999,3.29556410852
0.00050656,-0.000412060258267,1.99957469681,3.29597904041
0.00050856,-0.000537581395539,1.99944917974,3.29639370823
0.00051056,-0.000663017642476,1.9993237486,3.29680804657
0.00051256,-0.000788349191242,1.99919842321,3.2972219901
0.00051456,-0.000913556250531,1.99907322335,3.29763547358
0.00051656,-0.0010386190487,1.9989481688,3.29804843187
0.00051856,-0.00116351783688,1.9988232793,3.29846079991
0.00052056,-0.0012882328921,1.99869857457,3.29887251278
0.00052256,-0.00141274452042,1.9985740743,3.29928350567
0.00052456,-0.00153703306,1.99844979816,3.29969371391
0.00052656,-0.00166107888425,1.99832576577,3.30010307297
0.00052856,-0.00178486240488,1.99820199672,3.30051151849
0.00053056,-0.00190836407504,1.99807851055,3.30091898626
0.00053256,-0.0020315643924,1.99795532676,3.30132541224
0.00053456,-0.00215444390219,1.9978324648,3.30173073258
0.00053656,-0.00227698320031,1.99770994407,3.30213488364
0.00053856,-0.00239916293639,1.99758778393,3.30253780197
0.00054056,-0.00252096381683,1.99746600366,3.30293942432
0.00054256,-0.00264236660786,1.99734462249,3.3033396877
0.00054456,-0.00276335213857,1.99722365959,3.30373852932
0.00054656,-0.00288390130394,1.99710313406,3.30413588665
0.00054856,-0.00300399506786,1.99698306494,3.30453169741
0.00055056,-0.00312361446615,1.99686347118,3.30492589958
0.00055256,-0.00324274060949,1.99674437167,3.30531843141
0.00055456,-0.00336135468651,1.99662578522,3.30570923144
0.00055656,-0.00347943796665,1.99650773055,3.30609823849
0.00055856,-0.0035969718032,1.99639022631,3.30648539168
0.00056056,-0.00371393763621,1.99627329104,3.30687063046
0.00056256,-0.00383031699541,1.99615694322,3.30725389457
0.00056456,-0.00394609150316,1.99604120122,3.3076351241
0.00056656,-0.00406124287731,1.99592608332,3.30801425946
0.00056856,-0.00417575293413,1.99581160769,3.30839124141
0.00057056,-0.00428960359116,1.99569779241,3.30876601107
0.00057256,-0.00440277687005,1.99558465545,3.30913850992
0.00057456,-0.00451525489944,1.99547221469,3.30950867981
0.00057656,-0.00462701991774,1.99536048786,3.30987646298
0.00057856,-0.00473805427595,1.99524949263,3.31024180205
0.00058056,-0.00484834044047,1.99513924651,3.31060464005
0.00058256,-0.00495786099583,1.99502976692,3.3109649204
0.00058456,-0.00506659864746,1.99492107114,3.31132258694
0.00058656,-0.00517453622444,1.99481317634,3.31167758395
0.00058856,-0.00528165668216,1.99470609955,3.31202985613
0.00059056,-0.00538794310506,1.99459985769,3.31237934861
0.00059256,-0.00549337870928,1.99449446752,3.31272600699
0.00059456,-0.00559794684533,1.9943899457,3.31306977731
0.00059656,-0.00570163100068,1.99428630873,3.31341060608
0.00059856,-0.00580441480239,1.99418357297,3.3137484403
0.00060056,-0.00590628201973,1.99408175465,3.31408322741
0.00060256,-0.00600721656666,1.99398086984,3.31441491537
0.00060456,-0.00610720250446,1.99388093448,3.31474345264
0.00060656,-0.00620622404419,1.99378196434,3.31506878816
0.00060856,-0.00630426554919,1.99368397506,3.31539087139
0.00061056,-0.00640131153759,1.99358698211,3.31570965232
0.00061256,-0.00649734668468,1.9934910008,3.31602508146
0.00061456,-0.00659235582542,1.9933960463,3.31633710985
0.00061656,-0.00668632395675,1.99330213359,3.31664568906
0.00061856,-0.00677923624001,1.99320927751,3.31695077123
0.00062056,-0.00687107800329,1.99311749272,3.31725230903
0.00062256,-0.0069618347437,1.99302679371,3.31755025573
0.00062456,-0.00705149212969,1.99293719481,3.31784456512
0.00062656,-0.00714003600334,1.99284871016,3.31813519159
0.00062856,-0.00722745238253,1.99276135374,3.31842209013
0.00063056,-0.00731372746321,1.99267513934,3.31870521627
0.00063256,-0.00739884762154,1.99259008058,3.31898452619
0.00063456,-0.00748279941606,1.99250619088,3.31925997662
0.00063656,-0.0075655695898,1.9924234835,3.31953152494
0.00063856,-0.00764714507241,1.9923419715,3.31979912912
0.00064056,-0.00772751298216,1.99226166774,3.32006274775
0.00064256,-0.00780666062803,1.99218258491,3.32032234005
0.00064456,-0.00788457551169,1.99210473549,3.32057786588
0.00064656,-0.00796124532947,1.99202813179,3.32082928573
0.00064856,-0.00803665797433,1.99195278589,3.32107656072
0.00065056,-0.00811080153773,1.9918787097,3.32131965265
0.00065256,-0.00818366431154,1.9918059149,3.32155852394
0.00065456,-0.00825523478989,1.99173441301,3.32179313769
0.00065656,-0.00832550167097,1.9916642153,3.32202345766
0.00065856,-0.00839445385883,1.99159533286,3.32224944829
0.00066056,-0.0084620804651,1.99152777658,3.32247107467
0.00066256,-0.00852837081078,1.99146155711,3.32268830259
0.00066456,-0.00859331442784,1.99139668491,3.32290109854
0.00066656,-0.00865690106094,1.99133317024,3.32310942965
0.00066856,-0.008719120669,1.99127102312,3.3233132638
0.00067056,-0.00877996342684,1.99121025335,3.32351256954
0.00067256,-0.00883941972667,1.99115087055,3.32370731613
0.00067456,-0.00889748017966,1.99109288408,3.32389747353
0.00067656,-0.00895413561738,1.9910363031,3.32408301242
0.00067856,-0.00900937709329,1.99098113655,3.3242639042
0.00068056,-0.00906319588412,1.99092739314,3.32444012099
0.00068256,-0.00911558349125,1.99087508136,3.32461163563
0.00068456,-0.00916653164207,1.99082420946,3.32477842169
0.00068656,-0.00921603229129,1.99077478548,3.32494045347
0.00068856,-0.00926407762218,1.99072681723,3.32509770601
0.00069056,-0.00931066004782,1.99068031227,3.32525015508
0.00069256,-0.0093557722123,1.99063527796,3.32539777722
0.00069456,-0.00939940699189,1.9905917214,3.32554054969
0.00069656,-0.00944155749616,1.99054964948,3.32567845049
0.00069856,-0.00948221706905,1.99050906883,3.32581145842
0.00070056,-0.00952137928994,1.99046998586,3.32593955298
0.00070256,-0.00955903797467,1.99043240675,3.32606271446
0.00070456,-0.00959518717649,1.99039633743,3.32618092391
0.00070656,-0.00962982118702,1.99036178359,3.32629416313
0.00070856,-0.00966293453716,1.9903287507,3.32640241471
0.00071056,-0.00969452199792,1.99029724396,3.32650566198
0.00071256,-0.00972457858127,1.99026726836,3.32660388906
0.00071456,-0.00975309954093,1.99023882862,3.32669708085
0.00071656,-0.00978008037311,1.99021192925,3.326785223
0.00071856,-0.00980551681723,1.99018657447,3.32686830196
0.00072056,-0.00982940485657,1.99016276831,3.32694630495
0.00072256,-0.00985174071894,1.99014051452,3.32701921998
0.00072456,-0.00987252087725,1.99011981661,3.32708703584
0.00072656,-0.00989174205006,1.99010067785,3.32714974209
0.00072856,-0.00990940120213,1.99008310127,3.32720732909
0.00073056,-0.00992549554488,1.99006708963,3.327259788
0.00073256,-0.00994002253683,1.99005264548,3.32730711074
0.00073456,-0.00995297988399,1.99003977108,3.32734929004
0.00073656,-0.00996436554024,1.99002846847,3.32738631941
0.00073856,-0.00997417770767,1.99001873944,3.32741819317
0.00074056,-0.00998241483681,1.99001058552,3.32744490641
0.00074256,-0.00998907562693,1.990004008,3.32746645503
0.00074456,-0.00999415902621,1.98999900792,3.32748283571
0.00074656,-0.00999766423192,1.98999558607,3.32749404594
0.00074856,-0.00999959069056,1.98999374299,3.32750008399
0.00075056,-0.00999993809791,1.98999347897,3.32750094894
0.00075256,-0.0099987063991,1.98999479405,3.32749664065
0.00075456,-0.00999589578865,1.98999768803,3.32748715979
0.00075656,-0.00999150671038,1.99000216044,3.3274725078
0.00075856,-0.00998553985737,1.99000821058,3.32745268696
0.00076056,-0.00997799617187,1.9900158375,3.32742770029
0.00076256,-0.00996887684509,1.99002503999,3.32739755164
0.00076456,-0.00995818331711,1.9900358166,3.32736224565
0.00076656,-0.00994591727654,1.99004816562,3.32732178775
0.00076856,-0.00993208066033,1.99006208511,3.32727618414
0.00077056,-0.00991667565345,1.99007757287,3.32722544185
0.00077256,-0.00989970468853,1.99009462645,3.32716956868
0.00077456,-0.00988117044547,1.99011324316,3.32710857321
0.00077656,-0.00986107585106,1.99013342006,3.32704246482
0.00077856,-0.00983942407845,1.99015515397,3.32697125368
0.00078056,-0.00981621854673,1.99017844144,3.32689495075
0.00078256,-0.0097914629203,1.99020327881,3.32681356774
0.00078456,-0.00976516110836,1.99022966215,3.32672711718
0.00078656,-0.00973731726429,1.9902575873,3.32663561237
0.00078856,-0.00970793578495,1.99028704984,3.32653906738
0.00079056,-0.00967702131,1.99031804513,3.32643749707
0.00079256,-0.00964457872121,1.99035056827,3.32633091705
0.00079456,-0.00961061314164,1.99038461412,3.32621934372
0.00079656,-0.00957512993484,1.9904201773,3.32610279426
0.00079856,-0.00953813470403,1.99045725221,3.32598128659
0.00080056,-0.00949963329118,1.99049583299,3.32585483942
0.00080256,-0.00945963177611,1.99053591354,3.32572347221
0.00080456,-0.00941813647552,1.99057748753,3.32558720519
0.00080656,-0.009375153942,1.99062054841,3.32544605932
0.00080856,-0.009330690963,1.99066508936,3.32530005634
0.00081056,-0.00928475455973,1.99071110336,3.32514921873
0.00081256,-0.00923735198608,1.99075858315,3.32499356973
0.00081456,-0.00918849072746,1.99080752121,3.32483313331
0.00081656,-0.00913817849965,1.99085790984,3.32466793417
0.00081856,-0.00908642324752,1.99090974106,3.32449799778
0.00082056,-0.00903323314382,1.99096300669,3.32432335032
0.00082256,-0.0089786165879,1.99101769833,3.3241440187
0.00082456,-0.00892258220433,1.99107380733,3.32396003056
0.00082656,-0.0088651388416,1.99113132484,3.32377141427
0.00082856,-0.00880629557068,1.99119024177,3.32357819891
0.00083056,-0.0087460616836,1.99125054882,3.32338041427
0.00083256,-0.00868444669199,1.99131223646,3.32317809086
0.00083456,-0.00862146032558,1.99137529497,3.32297125988
0.00083656,-0.00855711253064,1.99143971436,3.32275995326
0.00083856,-0.00849141346843,1.99150548449,3.32254420359
0.00084056,-0.0084243735136,1.99157259495,3.32232404417
0.00084256,-0.00835600325254,1.99164103516,3.32209950899
0.00084456,-0.00828631348169,1.99171079429,3.32187063271
0.00084656,-0.00821531520589,1.99178186135,3.32163745069
0.00084856,-0.00814301963658,1.9918542251,3.32139999893
0.00085056,-0.00806943819008,1.99192787412,3.32115831413
0.00085256,-0.00799458248574,1.99200279678,3.32091243361
0.00085456,-0.00791846434415,1.99207898125,3.32066239539
0.00085656,-0.00784109578524,1.9921564155,3.32040823811
0.00085856,-0.00776248902642,1.99223508729,3.32015000107
0.00086056,-0.00768265648059,1.99231498421,3.31988772421
0.00086256,-0.00760161075424,1.99239609364,3.31962144809
0.00086456,-0.00751936464544,1.99247840277,3.31935121392
0.00086656,-0.00743593114179,1.99256189861,3.3190770635
0.00086856,-0.00735132341841,1.99264656796,3.31879903927
0.00087056,-0.00726555483585,1.99273239747,3.31851718429
0.00087256,-0.00717863893795,1.99281937357,3.31823154218
0.00087456,-0.00709058944975,1.99290748253,3.3179421572
0.00087656,-0.00700142027527,1.99299671043,3.31764907418
0.00087856,-0.00691114549537,1.9930870432,3.31735233854
0.00088056,-0.00681977936548,1.99317846655,3.31705199627
0.00088256,-0.00672733631338,1.99327096607,3.31674809394
0.00088456,-0.00663383093688,1.99336452713,3.31644067868
0.00088656,-0.00653927800157,1.99345913496,3.31612979817
0.00088856,-0.00644369243847,1.99355477464,3.31581550066
0.00089056,-0.00634708934163,1.99365143104,3.31549783492
0.00089256,-0.0062494839658,1.99374908891,3.31517685026
0.00089456,-0.00615089172401,1.99384773284,3.31485259653
0.00089656,-0.00605132818511,1.99394734723,3.3145251241
0.00089856,-0.00595080907135,1.99404791636,3.31419448383
0.00090056,-0.00584935025585,1.99414942436,3.31386072712
0.00090256,-0.00574696776013,1.99425185518,3.31352390585
0.00090456,-0.00564367775158,1.99435519266,3.31318407239
0.00090656,-0.0055394965409,1.99445942048,3.3128412796
0.00090856,-0.00543444057949,1.99456452217,3.31249558081
0.00091056,-0.00532852645692,1.99467048115,3.31214702982
0.00091256,-0.00522177089825,1.99477728067,3.31179568089
0.00091456,-0.00511419076142,1.99488490388,3.31144158872
0.00091656,-0.00500580303459,1.99499333379,3.31108480848
0.00091856,-0.00489662483343,1.99510255325,3.31072539575
0.00092056,-0.00478667339844,1.99521254504,3.31036340654
0.00092256,-0.00467596609223,1.99532329178,3.30999889728
0.00092456,-0.00456452039678,1.99543477599,3.30963192483
0.00092656,-0.00445235391064,1.99554698005,3.30926254642
0.00092856,-0.0043394843462,1.99565988625,3.30889081969
0.00093056,-0.00422592952688,1.99577347676,3.30851680266
0.00093256,-0.0041117073843,1.99588773365,3.30814055373
0.00093456,-0.00399683595546,1.99600263887,3.30776213166
0.00093656,-0.00388133337989,1.99611817428,3.30738159556
0.00093856,-0.00376521789678,1.99623432162,3.30699900492
0.00094056,-0.00364850784212,1.99635106257,3.30661441953
0.00094256,-0.00353122164578,1.99646837869,3.30622789953
0.00094456,-0.0034133778286,1.99658625144,3.30583950539
0.00094656,-0.0032949949995,1.99670466223,3.30544929788
0.00094856,-0.00317609185249,1.99682359234,3.30505733807
0.00095056,-0.00305668716375,1.996943023,3.30466368734
0.00095256,-0.00293679978868,1.99706293535,3.30426840733
0.00095456,-0.00281644865888,1.99718331046,3.30387155998
0.00095656,-0.00269565277919,1.9973041293,3.30347320747
0.00095856,-0.00257443122467,1.99742537282,3.30307341227
0.00096056,-0.00245280313762,1.99754702185,3.30267223707
0.00096256,-0.00233078772452,1.9976690572,3.3022697448
0.00096456,-0.00220840425302,1.99779145959,3.30186599862
0.00096656,-0.00208567204888,1.99791420968,3.30146106191
0.00096856,-0.00196261049295,1.99803728811,3.30105499825
0.00097056,-0.00183923901808,1.99816067543,3.30064787144
0.00097256,-0.00171557710604,1.99828435215,3.30023974543
0.00097456,-0.00159164428449,1.99840829875,3.29983068438
0.00097656,-0.00146746012385,1.99853249566,3.29942075261
0.00097856,-0.00134304423426,1.99865692326,3.2990100146
0.00098056,-0.0012184162624,1.9987815619,3.29859853496
0.00098256,-0.0010935958885,1.99890639191,3.29818637845
0.00098456,-0.000968602823124,1.99903139357,3.29777360998
0.00098656,-0.000843456804137,1.99915654714,3.29736029454
0.00098856,-0.000718177593542,1.99928183286,3.29694649725
0.00099056,-0.00059278497438,1.99940723094,3.29653228332
0.00099256,-0.000467298747599,1.99953272158,3.29611771806
0.00099456,-0.000341738728929,1.99965828497,3.29570286683
0.00099656,-0.000216124745751,1.99978390128,3.29528779509
0.00099856,-9.04766339711e-05,1.99990955067,3.29487256833
0.00100056,3.51857651183e-05,2.0000352133,3.2944572521
0.00100256,0.000160842607968,2.00016086932,3.29404191198
0.00100456,0.000286474051904,2.0002864989,3.29362661358
0.00100656,0.000412060258268,2.0004120822,3.29321142252
0.00100856,0.000537581395539,2.00053759938,3.29279640443
0.00101056,0.000663017642477,2.00066303062,3.29238162492
0.00101256,0.000788349191242,2.00078835612,3.29196714961
0.00101456,0.000913556250532,2.00091355609,3.29155304408
0.00101656,0.0010386190487,2.00103861076,3.29113937385
0.00101856,0.00116351783688,2.00116350037,3.29072620444
0.00102056,0.0012882328921,2.00128820521,3.29031360127
0.00102256,0.00141274452042,2.00141270558,3.28990162971
0.00102456,0.00153703306,2.00153698183,3.28949035505
0.00102656,0.00166107888425,2.00166101433,3.28907984249
0.00102856,0.00178486240488,2.00178478349,3.28867015713
0.00103056,0.00190836407504,2.00190826978,3.28826136396
0.00103256,0.0020315643924,2.00203145368,3.28785352785
0.00103456,0.00215444390219,2.00215431575,3.28744671354
0.00103656,0.00227698320031,2.00227683658,3.28704098561
0.00103856,0.00239916293639,2.00239899684,3.28663640853
0.00104056,0.00252096381683,2.00252077722,3.28623304657
0.00104256,0.00264236660786,2.0026421585,3.28583096383
0.00104456,0.00276335213857,2.00276312151,3.28543022425
0.00104656,0.00288390130394,2.00288364714,3.28503089155
0.00104856,0.00300399506787,2.00300371638,3.28463302927
0.00105056,0.00312361446615,2.00312331024,3.28423670072
0.00105256,0.00324274060949,2.00324240986,3.28384196898
0.00105456,0.00336135468651,2.00336099643,3.28344889692
0.00105656,0.00347943796665,2.00347905121,3.28305754715
0.00105856,0.0035969718032,2.00359655556,3.28266798201
0.00106056,0.00371393763621,2.00371349094,3.2822802636
0.00106256,0.00383031699541,2.00382983887,3.28189445373
0.00106456,0.00394609150316,2.00394558098,3.28151061393
0.00106656,0.00406124287731,2.00406069899,3.28112880543
0.00106856,0.00417575293413,2.00417517473,3.28074908916
0.00107056,0.00428960359116,2.00428899012,3.28037152572
0.00107256,0.00440277687006,2.00440212719,3.2799961754
0.00107456,0.00451525489944,2.00451456806,3.27962309815
0.00107656,0.00462701991774,2.00462629499,3.27925235357
0.00107856,0.00473805427595,2.00473729034,3.27888400091
0.00108056,0.00484834044047,2.00484753657,3.27851809904
0.00108256,0.00495786099583,2.00495701627,3.27815470648
0.00108456,0.00506659864746,2.00506571216,3.27779388134
0.00108656,0.00517453622444,2.00517360707,3.27743568135
0.00108856,0.00528165668216,2.00528068397,3.27708016383
0.00109056,0.00538794310506,2.00538692594,3.2767273857
0.00109256,0.00549337870929,2.00549231622,3.27637740343
0.00109456,0.00559794684533,2.00559683815,3.27603027309
0.00109656,0.00570163100068,2.00570047523,3.27568605027
0.00109856,0.0058044148024,2.0058032111,3.27534479015
0.00110056,0.00590628201973,2.00590502954,3.27500654742
0.00110256,0.00600721656666,2.00600591445,3.27467137631
0.00110456,0.00610720250446,2.00610584993,3.27433933057
0.00110656,0.00620622404419,2.00620482017,3.27401046347
0.00110856,0.00630426554919,2.00630280956,3.27368482778
0.00111056,0.00640131153759,2.00639980262,3.27336247575
0.00111256,0.00649734668468,2.00649578404,3.27304345913
0.00111456,0.00659235582542,2.00659073865,3.27272782915
0.00111656,0.00668632395675,2.00668465147,3.27241563651
0.00111856,0.00677923624001,2.00677750766,3.27210693135
0.00112056,0.00687107800329,2.00686929256,3.27180176328
0.00112256,0.0069618347437,2.00695999168,3.27150018135
0.00112456,0.0070514921297,2.00704959069,3.27120223404
0.00112656,0.00714003600334,2.00713807545,3.27090796926
0.00112856,0.00722745238253,2.00722543198,3.27061743433
0.00113056,0.00731372746321,2.00731164649,3.27033067601
0.00113256,0.00739884762154,2.00739670536,3.27004774042
0.00113456,0.00748279941606,2.00748059517,3.2697686731
0.00113656,0.0075655695898,2.00756330266,3.26949351898
0.00113856,0.00764714507241,2.00764481478,3.26922232235
0.00114056,0.00772751298216,2.00772511864,3.2689551269
0.00114256,0.00780666062803,2.00780420158,3.26869197565
0.00114456,0.00788457551169,2.00788205111,3.26843291101
0.00114656,0.00796124532947,2.00795865492,3.26817797473
0.00114856,0.00803665797433,2.00803400093,3.26792720788
0.00115056,0.00811080153773,2.00810807724,3.26768065089
0.00115256,0.00818366431154,2.00818087214,3.26743834351
0.00115456,0.00825523478989,2.00825237415,3.26720032483
0.00115656,0.00832550167097,2.00832257197,3.26696663323
0.00115856,0.00839445385883,2.00839145451,3.2667373064
0.00116056,0.00846208046511,2.00845901091,3.26651238135
0.00116256,0.00852837081078,2.00852523049,3.26629189438
0.00116456,0.00859331442784,2.00859010279,3.26607588108
0.00116656,0.00865690106094,2.00865361757,3.26586437631
0.00116856,0.00871912066901,2.00871576481,3.26565741422
0.00117056,0.00877996342684,2.00877653468,3.26545502823
0.00117256,0.00883941972667,2.0088359176,3.26525725103
0.00117456,0.00889748017966,2.00889390418,3.26506411457
0.00117656,0.00895413561738,2.00895048526,3.26487565005
0.00117856,0.00900937709329,2.00900565192,3.26469188791
0.00118056,0.00906319588412,2.00905939544,3.26451285786
0.00118256,0.00911558349125,2.00911170733,3.26433858883
0.00118456,0.00916653164207,2.00916257934,3.26416910899
0.00118656,0.00921603229129,2.00921200343,3.26400444574
0.00118856,0.00926407762218,2.0092599718,3.26384462569
0.00119056,0.00931066004782,2.00930647686,3.2636896747
0.00119256,0.0093557722123,2.00935151128,3.26353961782
0.00119456,0.00939940699189,2.00939506795,3.26339447933
0.00119656,0.00944155749616,2.00943713999,3.26325428269
0.00119856,0.00948221706905,2.00947772075,3.2631190506
0.00120056,0.00952137928994,2.00951680383,3.26298880493
0.00120256,0.00955903797467,2.00955438305,3.26286356675
0.00120456,0.00959518717649,2.00959045248,3.26274335633
0.00120656,0.00962982118702,2.00962500643,3.26262819313
0.00120856,0.00966293453716,2.00965803943,3.26251809579
0.00121056,0.00969452199792,2.00968954628,3.26241308212
0.00121256,0.00972457858127,2.00971952199,3.26231316913
0.00121456,0.00975309954093,2.00974796183,3.26221837299
0.00121656,0.00978008037311,2.00977486132,3.26212870905
0.00121856,0.00980551681723,2.0098002162,3.26204419182
0.00122056,0.00982940485657,2.00982402247,3.261964835
0.00122256,0.00985174071894,2.00984627638,3.26189065143
0.00122456,0.00987252087725,2.0098669744,3.26182165313
0.00122656,0.00989174205006,2.00988611326,3.26175785127
0.00122856,0.00990940120213,2.00990368996,3.26169925619
0.00123056,0.00992549554488,2.0099197017,3.26164587737
0.00123256,0.00994002253683,2.00993414597,3.26159772346
0.00123456,0.00995297988399,2.00994702048,3.26155480227
0.00123656,0.00996436554024,2.0099583232,3.26151712074
0.00123856,0.00997417770767,2.00996805234,3.26148468497
0.00124056,0.00998241483681,2.00997620637,3.26145750023
0.00124256,0.00998907562693,2.00998278399,3.26143557092
0.00124456,0.00999415902621,2.00998778418,3.26141890059
0.00124656,0.00999766423192,2.00999120614,3.26140749193
0.00124856,0.00999959069056,2.00999304933,3.2614013468
0.00125056,0.00999993809791,2.00999331347,3.2614004662
0.00125256,0.0099987063991,2.00999199849,3.26140485027
0.00125456,0.00999589578865,2.00998910463,3.26141449828
0.00125656,0.00999150671038,2.00998463233,3.2614294087
0.00125856,0.00998553985737,2.00997858229,3.26144957909
0.00126056,0.00997799617187,2.00997095549,3.26147500619
0.00126256,0.00996887684509,2.00996175311,3.26150568588
0.00126456,0.00995818331711,2.00995097661,3.26154161319
0.00126656,0.00994591727654,2.00993862769,3.2615827823
0.00126856,0.00993208066033,2.00992470831,3.26162918654
0.00127056,0.00991667565345,2.00990922067,3.2616808184
0.00127256,0.00989970468853,2.00989216719,3.26173766951
0.00127456,0.00988117044547,2.00987355059,3.26179973066
0.00127656,0.00986107585106,2.0098533738,3.2618669918
0.00127856,0.00983942407845,2.00983164001,3.26193944204
0.00128056,0.00981621854673,2.00980835265,3.26201706964
0.00128256,0.0097914629203,2.00978351539,3.26209986204
0.00128456,0.00976516110836,2.00975713216,3.26218780583
0.00128656,0.00973731726429,2.00972920712,3.26228088676
0.00128856,0.00970793578495,2.00969974469,3.26237908977
0.00129056,0.00967702131,2.00966874951,3.26248239896
0.00129256,0.00964457872121,2.00963622648,3.2625907976
0.00129456,0.00961061314164,2.00960218074,3.26270426815
0.00129656,0.00957512993484,2.00956661767,3.26282279224
0.00129856,0.00953813470403,2.00952954287,3.26294635069
0.00130056,0.00949963329118,2.0094909622,3.26307492351
0.00130256,0.00945963177611,2.00945088176,3.26320848988
0.00130456,0.00941813647552,2.00940930788,3.2633470282
0.00130656,0.009375153942,2.00936624711,3.26349051606
0.00130856,0.009330690963,2.00932170627,3.26363893023
0.00131056,0.00928475455972,2.00927569238,3.26379224673
0.00131256,0.00923735198608,2.0092282127,3.26395044075
0.00131456,0.00918849072746,2.00917927475,3.26411348671
0.00131656,0.00913817849965,2.00912888623,3.26428135825
0.00131856,0.00908642324752,2.00907705512,3.26445402823
0.00132056,0.00903323314382,2.0090237896,3.26463146873
0.00132256,0.0089786165879,2.00896909807,3.26481365108
0.00132456,0.00892258220433,2.00891298918,3.26500054584
0.00132656,0.0088651388416,2.00885547178,3.2651921228
0.00132856,0.00880629557068,2.00879655496,3.26538835102
0.00133056,0.0087460616836,2.00873624802,3.26558919879
0.00133256,0.00868444669199,2.00867456049,3.26579463368
0.00133456,0.00862146032558,2.00861150209,3.26600462251
0.00133656,0.00855711253064,2.0085470828,3.26621913138
0.00133856,0.00849141346843,2.00848131279,3.26643812566
0.00134056,0.0084243735136,2.00841420244,3.26666156999
0.00134256,0.00835600325253,2.00834576234,3.26688942832
0.00134456,0.00828631348169,2.00827600332,3.26712166388
0.00134656,0.00821531520589,2.00820493637,3.26735823921
0.00134856,0.00814301963658,2.00813257273,3.26759911615
0.00135056,0.00806943819008,2.00805892382,3.26784425584
0.00135256,0.00799458248574,2.00798400127,3.26809361877
0.00135456,0.00791846434415,2.00790781691,3.26834716473
0.00135656,0.00784109578524,2.00783038277,3.26860485286
0.00135856,0.00776248902642,2.00775171109,3.26886664162
0.00136056,0.00768265648059,2.00767181428,3.26913248885
0.00136256,0.00760161075424,2.00759070496,3.26940235172
0.00136456,0.00751936464544,2.00750839594,3.26967618675
0.00136656,0.00743593114179,2.00742490021,3.26995394988
0.00136856,0.00735132341841,2.00734023097,3.27023559636
0.00137056,0.00726555483585,2.00725440157,3.27052108088
0.00137256,0.00717863893795,2.00716742558,3.2708103575
0.00137456,0.00709058944975,2.00707931673,3.27110337967
0.00137656,0.00700142027527,2.00699008894,3.27140010027
0.00137856,0.00691114549537,2.00689975628,3.27170047158
0.00138056,0.00681977936548,2.00680833304,3.2720044453
0.00138256,0.00672733631338,2.00671583363,3.27231197258
0.00138456,0.00663383093688,2.00662227268,3.272623004
0.00138656,0.00653927800157,2.00652766495,3.27293748958
0.00138856,0.00644369243847,2.00643202539,3.27325537882
0.00139056,0.00634708934163,2.0063353691,3.27357662066
0.00139256,0.0062494839658,2.00623771134,3.27390116353
0.00139456,0.00615089172401,2.00613906752,3.27422895535
0.00139656,0.00605132818511,2.00603945324,3.27455994351
0.00139856,0.00595080907135,2.00593888422,3.2748940749
0.00140056,0.00584935025584,2.00583737633,3.27523129595
0.00140256,0.00574696776013,2.00573494562,3.27557155259
0.00140456,0.00564367775158,2.00563160825,3.27591479026
0.00140656,0.0055394965409,2.00552738054,3.27626095396
0.00140856,0.00543444057949,2.00542227896,3.27660998823
0.00141056,0.00532852645692,2.00531632009,3.27696183717
0.00141256,0.00522177089825,2.00520952068,3.27731644442
0.00141456,0.00511419076142,2.00510189758,3.27767375323
0.00141656,0.00500580303459,2.00499346778,3.27803370641
0.00141856,0.00489662483343,2.00488424843,3.27839624637
0.00142056,0.00478667339844,2.00477425675,3.27876131511
0.00142256,0.00467596609223,2.00466351012,3.27912885425
0.00142456,0.00456452039678,2.00455202602,3.27949880505
0.00142656,0.00445235391064,2.00443982207,3.27987110837
0.00142856,0.0043394843462,2.00432691598,3.28024570474
0.00143056,0.00422592952688,2.00421332558,3.28062253431
0.00143256,0.0041117073843,2.0040990688,3.28100153692
0.00143456,0.00399683595546,2.00398416369,3.28138265206
0.00143656,0.00388133337989,2.00386862839,3.28176581891
0.00143856,0.00376521789678,2.00375248116,3.28215097635
0.00144056,0.00364850784212,2.00363574032,3.28253806293
0.00144256,0.00353122164578,2.00351842431,3.28292701695
0.00144456,0.0034133778286,2.00340055167,3.28331777641
0.00144656,0.0032949949995,2.00328214099,3.28371027903
0.00144856,0.00317609185249,2.00316321099,3.28410446229
0.00145056,0.00305668716375,2.00304378044,3.28450026343
0.00145256,0.00293679978868,2.0029238682,3.28489761941
0.00145456,0.00281644865888,2.0028034932,3.28529646702
0.00145656,0.00269565277919,2.00268267446,3.28569674278
0.00145856,0.00257443122467,2.00256143106,3.28609838303
0.00146056,0.00245280313762,2.00243978213,3.28650132391
0.00146256,0.00233078772452,2.0023177469,3.28690550138
0.00146456,0.00220840425302,2.00219534462,3.2873108512
0.00146656,0.00208567204888,2.00207259463,3.28771730898
0.00146856,0.00196261049295,2.00194951632,3.28812481018
0.00147056,0.00183923901808,2.00182612911,3.28853329011
0.00147256,0.00171557710604,2.0017024525,3.28894268393
0.00147456,0.00159164428449,2.00157850601,3.28935292671
0.00147656,0.00146746012385,2.00145430921,3.28976395337
0.00147856,0.00134304423425,2.00132988172,3.29017569875
0.00148056,0.0012184162624,2.00120524318,3.29058809758
0.00148256,0.0010935958885,2.00108041329,3.29100108453
0.00148456,0.000968602823123,2.00095541174,3.29141459419
0.00148656,0.000843456804136,2.00083025828,3.29182856106
0.00148856,0.000718177593541,2.00070497267,3.29224291964
0.00149056,0.000592784974379,2.0005795747,3.29265760434
0.00149256,0.000467298747598,2.00045408417,3.29307254958
0.00149456,0.000341738728928,2.00032852089,3.29348768974
0.00149656,0.00021612474575,2.00020290469,3.29390295918
0.00149856,9.04766339704e-05,2.00007725541,3.29431829229
0.00150056,-3.51857651191e-05,1.99995159289,3.29473362346
0.00150256,-0.000160842607968,1.99982593698,3.29514888708
0.00150456,-0.000286474051905,1.99970030751,3.2955640176
0.00150656,-0.000412060258268,1.99957472432,3.29597894951
0.00150856,-0.00053758139554,1.99944920725,3.29639361734
0.00151056,-0.000663017642477,1.99932377612,3.29680795569
0.00151256,-0.000788349191243,1.99919845072,3.29722189923
0.00151456,-0.000913556250533,1.99907325087,3.29763538272
0.00151656,-0.0010386190487,1.99894819631,3.29804834102
0.00151856,-0.00116351783688,1.99882330681,3.29846070907
0.00152056,-0.0012882328921,1.99869860208,3.29887242195
0.00152256,-0.00141274452042,1.99857410181,3.29928341485
0.00152456,-0.00153703306,1.99844982568,3.2996936231
0.00152656,-0.00166107888425,1.99832579329,3.30010298218
0.00152856,-0.00178486240488,1.99820202423,3.30051142771
0.00153056,-0.00190836407504,1.99807853806,3.30091889548
0.00153256,-0.0020315643924,1.99795535427,3.30132532147
0.00153456,-0.00215444390219,1.99783249231,3.30173064183
0.00153656,-0.00227698320031,1.99770997158,3.3021347929
0.00153856,-0.00239916293639,1.99758781144,3.30253771123
0.00154056,-0.00252096381683,1.99746603117,3.3029393336
0.00154256,-0.00264236660786,1.99734465,3.30333959699
0.00154456,-0.00276335213857,1.9972236871,3.30373843862
0.00154656,-0.00288390130394,1.99710316157,3.30413579596
0.00154856,-0.00300399506787,1.99698309245,3.30453160673
0.00155056,-0.00312361446615,1.99686349869,3.30492580891
0.00155256,-0.00324274060949,1.99674439918,3.30531834075
0.00155456,-0.00336135468651,1.99662581273,3.30570914078
0.00155656,-0.00347943796665,1.99650775806,3.30609814785
0.00155856,-0.0035969718032,1.99639025381,3.30648530105
0.00156056,-0.00371393763621,1.99627331855,3.30687053984
0.00156256,-0.00383031699541,1.99615697073,3.30725380396
0.00156456,-0.00394609150316,1.99604122873,3.3076350335
0.00156656,-0.00406124287731,1.99592611083,3.30801416887
0.00156856,-0.00417575293413,1.9958116352,3.30839115082
0.00157056,-0.00428960359116,1.99569781992,3.30876592049
0.00157256,-0.00440277687006,1.99558468296,3.30913841935
0.00157456,-0.00451525489944,1.99547224219,3.30950858926
0.00157656,-0.00462701991774,1.99536051537,3.30987637244
0.00157856,-0.00473805427595,1.99524952014,3.31024171152
0.00158056,-0.00484834044047,1.99513927402,3.31060454952
0.00158256,-0.00495786099583,1.99502979443,3.31096482988
0.00158456,-0.00506659864746,1.99492109865,3.31132249644
0.00158656,-0.00517453622444,1.99481320384,3.31167749346
0.00158856,-0.00528165668216,1.99470612706,3.31202976564
0.00159056,-0.00538794310506,1.99459988519,3.31237925813
0.00159256,-0.00549337870929,1.99449449503,3.31272591652
0.00159456,-0.00559794684533,1.99438997321,3.31306968685
0.00159656,-0.00570163100068,1.99428633623,3.31341051563
0.00159856,-0.0058044148024,1.99418360047,3.31374834985
0.00160056,-0.00590628201973,1.99408178215,3.31408313698
0.00160256,-0.00600721656666,1.99398089734,3.31441482495
0.00160456,-0.00610720250446,1.99388096198,3.31474336222
0.00160656,-0.00620622404419,1.99378199184,3.31506869775
0.00160856,-0.00630426554919,1.99368400256,3.31539078099
0.00161056,-0.00640131153759,1.99358700961,3.31570956194
0.00161256,-0.00649734668468,1.99349102831,3.31602499108
0.00161456,-0.00659235582542,1.9933960738,3.31633701947
0.00161656,-0.00668632395675,1.9933021611,3.31664559869
0.00161856,-0.00677923624001,1.99320930501,3.31695068087
0.00162056,-0.00687107800329,1.99311752022,3.31725221869
0.00162256,-0.0069618347437,1.99302682121,3.31755016539
0.00162456,-0.0070514921297,1.99293722231,3.31784447479
0.00162656,-0.00714003600334,1.99284873766,3.31813510127
0.00162856,-0.00722745238253,1.99276138124,3.31842199981
0.00163056,-0.00731372746321,1.99267516684,3.31870512596
0.00163256,-0.00739884762154,1.99259010808,3.31898443589
0.00163456,-0.00748279941606,1.99250621838,3.31925988633
0.00163656,-0.0075655695898,1.992423511,3.31953143465
0.00163856,-0.00764714507241,1.992341999,3.31979903884
0.00164056,-0.00772751298216,1.99226169524,3.32006265748
0.00164256,-0.00780666062803,1.99218261241,3.32032224979
0.00164456,-0.00788457551169,1.99210476299,3.32057777562
0.00164656,-0.00796124532947,1.99202815929,3.32082919548
0.00164856,-0.00803665797433,1.99195281339,3.32107647048
0.00165056,-0.00811080153773,1.99187873719,3.32131956241
0.00165256,-0.00818366431154,1.9918059424,3.32155843371
0.00165456,-0.00825523478989,1.9917344405,3.32179304746
0.00165656,-0.00832550167097,1.9916642428,3.32202336744
0.00165856,-0.00839445385883,1.99159536036,3.32224935807
0.00166056,-0.00846208046511,1.99152780407,3.32247098446
0.00166256,-0.00852837081078,1.9914615846,3.3226882124
0.00166456,-0.00859331442784,1.99139671241,3.32290100834
0.00166656,-0.00865690106094,1.99133319774,3.32310933947
0.00166856,-0.00871912066901,1.99127105061,3.32331317362
0.00167056,-0.00877996342684,1.99121028085,3.32351247937
0.00167256,-0.00883941972667,1.99115089804,3.32370722596
0.00167456,-0.00889748017966,1.99109291157,3.32389738336
0.00167656,-0.00895413561738,1.9910363306,3.32408292226
0.00167856,-0.00900937709329,1.99098116405,3.32426381405
0.00168056,-0.00906319588412,1.99092742064,3.32444003084
0.00168256,-0.00911558349125,1.99087510886,3.32461154549
0.00168456,-0.00916653164208,1.99082423696,3.32477833155
0.00168656,-0.00921603229129,1.99077481298,3.32494036333
0.00168856,-0.00926407762218,1.99072684472,3.32509761588
0.00169056,-0.00931066004782,1.99068033977,3.32525006496
0.00169256,-0.0093557722123,1.99063530546,3.3253976871
0.00169456,-0.00939940699189,1.9905917489,3.32554045957
0.00169656,-0.00944155749616,1.99054967697,3.32567836038
0.00169856,-0.00948221706905,1.99050909632,3.32581136831
0.00170056,-0.00952137928994,1.99047001335,3.32593946287
0.00170256,-0.00955903797467,1.99043243424,3.32606262436
0.00170456,-0.00959518717649,1.99039636492,3.32618083381
0.00170656,-0.00962982118702,1.99036181108,3.32629407304
0.00170856,-0.00966293453716,1.99032877819,3.32640232462
0.00171056,-0.00969452199792,1.99029727145,3.32650557189
0.00171256,-0.00972457858127,1.99026729585,3.32660379898
0.00171456,-0.00975309954093,1.99023885611,3.32669699077
0.00171656,-0.00978008037311,1.99021195674,3.32678513292
0.00171856,-0.00980551681723,1.99018660196,3.32686821189
0.00172056,-0.00982940485657,1.9901627958,3.32694621488
0.00172256,-0.00985174071894,1.99014054201,3.32701912991
0.00172456,-0.00987252087725,1.9901198441,3.32708694577
0.00172656,-0.00989174205006,1.99010070534,3.32714965202
0.00172856,-0.00990940120213,1.99008312876,3.32720723903
0.00173056,-0.00992549554488,1.99006711712,3.32725969793
0.00173256,-0.00994002253683,1.99005267296,3.32730702068
0.00173456,-0.00995297988399,1.99003979856,3.32734919998
0.00173656,-0.00996436554024,1.99002849596,3.32738622935
0.00173856,-0.00997417770767,1.99001876693,3.32741810311
0.00174056,-0.00998241483681,1.99001061301,3.32744481635
0.00174256,-0.00998907562693,1.99000403549,3.32746636497
0.00174456,-0.00999415902621,1.98999903541,3.32748274566
0.00174656,-0.00999766423192,1.98999561356,3.32749395589
0.00174856,-0.00999959069056,1.98999377048,3.32749999394
0.00175056,-0.00999993809791,1.98999350646,3.32750085889
0.00175256,-0.0099987063991,1.98999482154,3.3274965506
0.00175456,-0.00999589578865,1.98999771552,3.32748706974
0.00175656,-0.00999150671038,1.99000218793,3.32747241776
0.00175856,-0.00998553985737,1.99000823807,3.32745259691
0.00176056,-0.00997799617187,1.99001586499,3.32742761024
0.00176256,-0.00996887684509,1.99002506748,3.3273974616
0.00176456,-0.00995818331711,1.99003584409,3.32736215561
0.00176656,-0.00994591727653,1.99004819311,3.3273216977
0.00176856,-0.00993208066033,1.9900621126,3.32727609409
0.00177056,-0.00991667565345,1.99007760036,3.3272253518
0.00177256,-0.00989970468853,1.99009465394,3.32716947863
0.00177456,-0.00988117044547,1.99011327065,3.32710848316
0.00177656,-0.00986107585106,1.99013344755,3.32704237477
0.00177856,-0.00983942407845,1.99015518145,3.32697116363
0.00178056,-0.00981621854673,1.99017846893,3.32689486069
0.00178256,-0.0097914629203,1.99020330629,3.32681347769
0.00178456,-0.00976516110836,1.99022968964,3.32672702713
0.00178656,-0.00973731726429,1.99025761478,3.32663552232
0.00178856,-0.00970793578495,1.99028707733,3.32653897733
0.00179056,-0.00967702131,1.99031807261,3.32643740701
0.00179256,-0.00964457872121,1.99035059575,3.32633082698
0.00179456,-0.00961061314164,1.9903846416,3.32621925366
0.00179656,-0.00957512993484,1.99042020478,3.32610270419
0.00179856,-0.00953813470403,1.99045727969,3.32598119652
0.00180056,-0.00949963329118,1.99049586047,3.32585474935
0.00180256,-0.00945963177611,1.99053594102,3.32572338214
0.00180456,-0.00941813647552,1.99057751501,3.32558711511
0.00180656,-0.009375153942,1.99062057589,3.32544596924
0.00180856,-0.009330690963,1.99066511684,3.32529996626
0.00181056,-0.00928475455972,1.99071113084,3.32514912865
0.00181256,-0.00923735198608,1.99075861063,3.32499347965
0.00181456,-0.00918849072746,1.99080754869,3.32483304322
0.00181656,-0.00913817849965,1.99085793731,3.32466784408
0.00181856,-0.00908642324752,1.99090976853,3.32449790769
0.00182056,-0.00903323314382,1.99096303417,3.32432326022
0.00182256,-0.0089786165879,1.9910177258,3.32414392859
0.00182456,-0.00892258220433,1.99107383481,3.32395994045
0.00182656,-0.0088651388416,1.99113135231,3.32377132416
0.00182856,-0.00880629557068,1.99119026925,3.32357810879
0.00183056,-0.0087460616836,1.9912505763,3.32338032415
0.00183256,-0.00868444669199,1.99131226394,3.32317800073
0.00183456,-0.00862146032558,1.99137532244,3.32297116976
0.00183656,-0.00855711253064,1.99143974184,3.32275986313
0.00183856,-0.00849141346843,1.99150551197,3.32254411345
0.00184056,-0.0084243735136,1.99157262243,3.32232395403
0.00184256,-0.00835600325253,1.99164106263,3.32209941884
0.00184456,-0.00828631348169,1.99171082177,3.32187054256
0.00184656,-0.00821531520589,1.99178188883,3.32163736054
0.00184856,-0.00814301963658,1.99185425258,3.32139990877
0.00185056,-0.00806943819007,1.9919279016,3.32115822396
0.00185256,-0.00799458248574,1.99200282426,3.32091234344
0.00185456,-0.00791846434415,1.99207900873,3.32066230521
0.00185656,-0.00784109578524,1.99215644297,3.32040814793
0.00185856,-0.00776248902642,1.99223511476,3.32014991089
0.00186056,-0.00768265648059,1.99231501169,3.31988763402
0.00186256,-0.00760161075424,1.99239612112,3.3196213579
0.00186456,-0.00751936464544,1.99247843025,3.31935112371
0.00186656,-0.00743593114179,1.99256192608,3.31907697329
0.00186856,-0.00735132341841,1.99264659544,3.31879894906
0.00187056,-0.00726555483585,1.99273242494,3.31851709406
0.00187256,-0.00717863893795,1.99281940104,3.31823145195
0.00187456,-0.00709058944975,1.99290751,3.31794206696
0.00187656,-0.00700142027527,1.9929967379,3.31764898394
0.00187856,-0.00691114549537,1.99308707067,3.31735224829
0.00188056,-0.00681977936548,1.99317849403,3.31705190601
0.00188256,-0.00672733631337,1.99327099354,3.31674800368
0.00188456,-0.00663383093688,1.9933645546,3.31644058841
0.00188656,-0.00653927800157,1.99345916244,3.3161297079
0.00188856,-0.00644369243847,1.99355480211,3.31581541038
0.00189056,-0.00634708934162,1.99365145851,3.31549774463
0.00189256,-0.0062494839658,1.99374911639,3.31517675996
0.00189456,-0.00615089172401,1.99384776031,3.31485250623
0.00189656,-0.00605132818511,1.9939473747,3.31452503379
0.00189856,-0.00595080907135,1.99404794383,3.31419439352
0.00190056,-0.00584935025584,1.99414945183,3.3138606368
0.00190256,-0.00574696776013,1.99425188265,3.31352381552
0.00190456,-0.00564367775158,1.99435522013,3.31318398206
0.00190656,-0.0055394965409,1.99445944794,3.31284118926
0.00190856,-0.00543444057949,1.99456454964,3.31249549046
0.00191056,-0.00532852645692,1.99467050862,3.31214693946
0.00191256,-0.00522177089825,1.99477730814,3.31179559052
0.00191456,-0.00511419076142,1.99488493135,3.31144149835
0.00191656,-0.00500580303459,1.99499336125,3.3110847181
0.00191856,-0.00489662483343,1.99510258072,3.31072530535
0.00192056,-0.00478667339844,1.99521257251,3.31036331614
0.00192256,-0.00467596609223,1.99532331925,3.30999880687
0.00192456,-0.00456452039678,1.99543480345,3.30963183441
0.00192656,-0.00445235391064,1.99554700751,3.309262456
0.00192856,-0.0043394843462,1.99565991372,3.30889072926
0.00193056,-0.00422592952688,1.99577350423,3.30851671222
0.00193256,-0.0041117073843,1.99588776112,3.30814046328
0.00193456,-0.00399683595546,1.99600266634,3.3077620412
0.00193656,-0.00388133337989,1.99611820174,3.3073815051
0.00193856,-0.00376521789678,1.99623434909,3.30699891444
0.00194056,-0.00364850784212,1.99635109004,3.30661432904
0.00194256,-0.00353122164578,1.99646840615,3.30622780904
0.00194456,-0.0034133778286,1.99658627891,3.30583941489
0.00194656,-0.0032949949995,1.99670468969,3.30544920737
0.00194856,-0.00317609185249,1.9968236198,3.30505724755
0.00195056,-0.00305668716375,1.99694305047,3.30466359681
0.00195256,-0.00293679978868,1.99706296282,3.30426831679
0.00195456,-0.00281644865888,1.99718333792,3.30387146943
0.00195656,-0.00269565277919,1.99730415677,3.30347311692
0.00195856,-0.00257443122467,1.99742540028,3.30307332171
0.00196056,-0.00245280313762,1.99754704932,3.3026721465
0.00196256,-0.00233078772452,1.99766908466,3.30226965422
0.00196456,-0.00220840425302,1.99779148705,3.30186590803
0.00196656,-0.00208567204888,1.99791423715,3.30146097131
0.00196856,-0.00196261049295,1.99803731557,3.30105490764
0.00197056,-0.00183923901808,1.99816070289,3.30064778082
0.00197256,-0.00171557710604,1.99828437961,3.3002396548
0.00197456,-0.00159164428449,1.99840832621,3.29983059375
0.00197656,-0.00146746012385,1.99853252312,3.29942066197
0.00197856,-0.00134304423425,1.99865695072,3.29900992394
0.00198056,-0.0012184162624,1.99878158937,3.29859844429
0.00198256,-0.0010935958885,1.99890641937,3.29818628778
0.00198456,-0.000968602823123,1.99903142103,3.2977735193
0.00198656,-0.000843456804135,1.9991565746,3.29736020385
0.00198856,-0.000718177593541,1.99928186032,3.29694640655
0.00199056,-0.000592784974379,1.9994072584,3.29653219261
0.00199256,-0.000467298747598,1.99953274904,3.29611762734
0.00199456,-0.000341738728927,1.99965831243,3.29570277611
0.00199656,-0.00021612474575,1.99978392874,3.29528770436
0.00199856,-9.04766339699e-05,1.99990957813,3.29487247759
0.00200056,3.51857651195e-05,2.00003524076,3.29445716135
0.00200256,0.000160842607969,2.00016089678,3.29404182122
0.00200456,0.000286474051906,2.00028652636,3.29362652281
0.00200656,0.000412060258269,2.00041210966,3.29321133174
0.00200856,0.00053758139554,2.00053762684,3.29279631364
0.00201056,0.000663017642478,2.00066305808,3.29238153412
0.00201256,0.000788349191244,2.00078838358,3.2919670588
0.00201456,0.000913556250533,2.00091358355,3.29155295326
0.00201656,0.0010386190487,2.00103863821,3.29113928302
0.00201856,0.00116351783688,2.00116352783,3.2907261136
0.00202056,0.00128823289211,2.00128823266,3.29031351042
0.00202256,0.00141274452042,2.00141273304,3.28990153885
0.00202456,0.00153703306,2.00153700929,3.28949026418
0.00202656,0.00166107888425,2.00166104179,3.28907975161
0.00202856,0.00178486240488,2.00178481095,3.28867006625
0.00203056,0.00190836407505,2.00190829723,3.28826127307
0.00203256,0.0020315643924,2.00203148113,3.28785343695
0.00203456,0.00215444390219,2.0021543432,3.28744662263
0.00203656,0.00227698320031,2.00227686404,3.2870408947
0.00203856,0.00239916293639,2.00239902429,3.2866363176
0.00204056,0.00252096381683,2.00252080467,3.28623295563
0.00204256,0.00264236660786,2.00264218595,3.28583087288
0.00204456,0.00276335213857,2.00276314896,3.28543013329
0.00204656,0.00288390130394,2.0028836746,3.28503080059
0.00204856,0.00300399506787,2.00300374383,3.2846329383
0.00205056,0.00312361446615,2.0031233377,3.28423660973
0.00205256,0.00324274060949,2.00324243732,3.28384187799
0.00205456,0.00336135468651,2.00336102388,3.28344880592
0.00205656,0.00347943796665,2.00347907866,3.28305745614
0.00205856,0.0035969718032,2.00359658301,3.28266789099
0.00206056,0.00371393763621,2.00371351839,3.28228017258
0.00206256,0.00383031699541,2.00382986632,3.2818943627
0.00206456,0.00394609150316,2.00394560843,3.28151052289
0.00206656,0.00406124287731,2.00406072644,3.28112871438
0.00206856,0.00417575293413,2.00417520218,3.2807489981
0.00207056,0.00428960359116,2.00428901757,3.28037143466
0.00207256,0.00440277687006,2.00440215464,3.27999608433
0.00207456,0.00451525489944,2.00451459551,3.27962300707
0.00207656,0.00462701991774,2.00462632244,3.27925226248
0.00207856,0.00473805427595,2.00473731779,3.27888390981
0.00208056,0.00484834044047,2.00484756401,3.27851800794
0.00208256,0.00495786099583,2.00495704372,3.27815461536
0.00208456,0.00506659864746,2.00506573961,3.27779379022
0.00208656,0.00517453622444,2.00517363452,3.27743559022
0.00208856,0.00528165668216,2.00528071142,3.2770800727
0.00209056,0.00538794310506,2.00538695339,3.27672729455
0.00209256,0.00549337870929,2.00549234367,3.27637731228
0.00209456,0.00559794684533,2.0055968656,3.27603018193
0.00209656,0.00570163100068,2.00570050268,3.27568595911
0.00209856,0.0058044148024,2.00580323855,3.27534469898
0.00210056,0.00590628201973,2.00590505698,3.27500645624
0.00210256,0.00600721656666,2.0060059419,3.27467128512
0.00210456,0.00610720250446,2.00610587737,3.27433923938
0.00210656,0.00620622404419,2.00620484762,3.27401037227
0.00210856,0.00630426554919,2.00630283701,3.27368473657
0.00211056,0.00640131153759,2.00639983007,3.27336238453
0.00211256,0.00649734668468,2.00649581148,3.27304336791
0.00211456,0.00659235582542,2.0065907661,3.27272773792
0.00211656,0.00668632395675,2.00668467891,3.27241554527
0.00211856,0.00677923624001,2.0067775351,3.2721068401
0.00212056,0.00687107800329,2.00686932,3.27180167203
0.00212256,0.0069618347437,2.00696001912,3.27150009009
0.00212456,0.0070514921297,2.00704961814,3.27120214277
0.00212656,0.00714003600334,2.00713810289,3.27090787799
0.00212856,0.00722745238253,2.00722545942,3.27061734306
0.00213056,0.00731372746321,2.00731167393,3.27033058472
0.00213256,0.00739884762154,2.00739673281,3.27004764913
0.00213456,0.00748279941606,2.00748062261,3.2697685818
0.00213656,0.0075655695898,2.0075633301,3.26949342768
0.00213856,0.00764714507241,2.00764484222,3.26922223104
0.00214056,0.00772751298216,2.00772514609,3.26895503559
0.00214256,0.00780666062803,2.00780422903,3.26869188434
0.00214456,0.00788457551169,2.00788207855,3.26843281969
0.00214656,0.00796124532947,2.00795868237,3.2681778834
0.00214856,0.00803665797433,2.00803402837,3.26792711654
0.00215056,0.00811080153773,2.00810810468,3.26768055955
0.00215256,0.00818366431154,2.00818089958,3.26743825217
0.00215456,0.00825523478989,2.00825240159,3.26720023348
0.00215656,0.00832550167097,2.00832259941,3.26696654187
0.00215856,0.00839445385883,2.00839148195,3.26673721504
0.00216056,0.00846208046511,2.00845903835,3.26651228999
0.00216256,0.00852837081078,2.00852525793,3.26629180302
0.00216456,0.00859331442784,2.00859013023,3.26607578971
0.00216656,0.00865690106094,2.00865364501,3.26586428493
0.00216856,0.00871912066901,2.00871579225,3.26565732284
0.00217056,0.00877996342684,2.00877656212,3.26545493685
0.00217256,0.00883941972667,2.00883594504,3.26525715965
0.00217456,0.00889748017966,2.00889393161,3.26506402318
0.00217656,0.00895413561738,2.0089505127,3.26487555865
0.00217856,0.00900937709329,2.00900567936,3.26469179652
0.00218056,0.00906319588412,2.00905942288,3.26451276646
0.00218256,0.00911558349125,2.00911173477,3.26433849743
0.00218456,0.00916653164207,2.00916260678,3.26416901758
0.00218656,0.00921603229129,2.00921203087,3.26400435432
0.00218856,0.00926407762218,2.00925999923,3.26384453428
0.00219056,0.00931066004782,2.0093065043,3.26368958328
0.00219256,0.0093557722123,2.00935153872,3.2635395264
0.00219456,0.00939940699189,2.00939509539,3.26339438791
0.00219656,0.00944155749616,2.00943716743,3.26325419127
0.00219856,0.00948221706905,2.00947774819,3.26311895917
0.00220056,0.00952137928994,2.00951683126,3.2629887135
0.00220256,0.00955903797467,2.00955441048,3.26286347532
0.00220456,0.00959518717649,2.00959047992,3.2627432649
0.00220656,0.00962982118702,2.00962503386,3.2626281017
0.00220856,0.00966293453716,2.00965806687,3.26251800435
0.00221056,0.00969452199792,2.00968957371,3.26241299068
0.00221256,0.00972457858127,2.00971954942,3.26231307769
0.00221456,0.00975309954093,2.00974798927,3.26221828154
0.00221656,0.00978008037311,2.00977488875,3.2621286176
0.00221856,0.00980551681723,2.00980024364,3.26204410038
0.00222056,0.00982940485657,2.00982404991,3.26196474355
0.00222256,0.00985174071894,2.00984630381,3.26189055999
0.00222456,0.00987252087725,2.00986700183,3.26182156168
0.00222656,0.00989174205006,2.0098861407,3.26175775982
0.00222856,0.00990940120213,2.00990371739,3.26169916474
0.00223056,0.00992549554488,2.00991972914,3.26164578592
0.00223256,0.00994002253683,2.0099341734,3.26159763201
0.00223456,0.00995297988399,2.00994704791,3.26155471082
0.00223656,0.00996436554024,2.00995835063,3.26151702928
0.00223856,0.00997417770767,2.00996807977,3.26148459352
0.00224056,0.00998241483681,2.0099762338,3.26145740878
0.00224256,0.00998907562693,2.00998281143,3.26143547947
0.00224456,0.00999415902621,2.00998781161,3.26141880913
0.00224656,0.00999766423192,2.00999123357,3.26140740048
0.00224856,0.00999959069056,2.00999307676,3.26140125535
0.00225056,0.00999993809791,2.00999334089,3.26140037475
0.00225256,0.0099987063991,2.00999202592,3.26140475882
0.00225456,0.00999589578865,2.00998913206,3.26141440684
0.00225656,0.00999150671038,2.00998465976,3.26142931725
0.00225856,0.00998553985737,2.00997860972,3.26144948764
0.00226056,0.00997799617187,2.00997098291,3.26147491474
0.00226256,0.00996887684509,2.00996178053,3.26150559444
0.00226456,0.00995818331711,2.00995100404,3.26154152175
0.00226656,0.00994591727654,2.00993865512,3.26158269086
0.00226856,0.00993208066033,2.00992473574,3.2616290951
0.00227056,0.00991667565345,2.00990924809,3.26168072696
0.00227256,0.00989970468853,2.00989219462,3.26173757807
0.00227456,0.00988117044547,2.00987357802,3.26179963923
0.00227656,0.00986107585106,2.00985340123,3.26186690037
0.00227856,0.00983942407845,2.00983166744,3.26193935061
0.00228056,0.00981621854673,2.00980838007,3.26201697822
0.00228256,0.0097914629203,2.00978354281,3.26209977062
0.00228456,0.00976516110836,2.00975715958,3.26218771441
0.00228656,0.00973731726429,2.00972923454,3.26228079535
0.00228856,0.00970793578495,2.00969977211,3.26237899836
0.00229056,0.00967702131,2.00966877693,3.26248230755
0.00229256,0.00964457872121,2.00963625391,3.2625907062
0.00229456,0.00961061314164,2.00960220817,3.26270417675
0.00229656,0.00957512993484,2.00956664509,3.26282270085
0.00229856,0.00953813470403,2.00952957029,3.2629462593
0.00230056,0.00949963329118,2.00949098963,3.26307483212
0.00230256,0.00945963177611,2.00945090919,3.26320839849
0.00230456,0.00941813647552,2.0094093353,3.26334693682
0.00230656,0.009375153942,2.00936627454,3.26349042468
0.00230856,0.009330690963,2.00932173369,3.26363883886
0.00231056,0.00928475455973,2.0092757198,3.26379215536
0.00231256,0.00923735198608,2.00922824012,3.26395034939
0.00231456,0.00918849072746,2.00917930217,3.26411339535
0.00231656,0.00913817849965,2.00912891366,3.26428126689
0.00231856,0.00908642324752,2.00907708255,3.26445393688
0.00232056,0.00903323314383,2.00902381702,3.26463137738
0.00232256,0.0089786165879,2.0089691255,3.26481355974
0.00232456,0.00892258220433,2.0089130166,3.2650004545
0.00232656,0.0088651388416,2.0088554992,3.26519203147
0.00232856,0.00880629557068,2.00879658238,3.26538825969
0.00233056,0.0087460616836,2.00873627544,3.26558910747
0.00233256,0.00868444669199,2.00867458791,3.26579454237
0.00233456,0.00862146032558,2.00861152951,3.2660045312
0.00233656,0.00855711253064,2.00854711022,3.26621904008
0.00233856,0.00849141346843,2.00848134021,3.26643803436
0.00234056,0.0084243735136,2.00841422986,3.2666614787
0.00234256,0.00835600325254,2.00834578976,3.26688933704
0.00234456,0.00828631348169,2.00827603073,3.26712157261
0.00234656,0.00821531520589,2.00820496379,3.26735814794
0.00234856,0.00814301963658,2.00813260015,3.26759902488
0.00235056,0.00806943819008,2.00805895123,3.26784416458
0.00235256,0.00799458248574,2.00798402868,3.26809352752
0.00235456,0.00791846434415,2.00790784433,3.26834707349
0.00235656,0.00784109578524,2.00783041019,3.26860476162
0.00235856,0.00776248902642,2.00775173851,3.26886655039
0.00236056,0.00768265648059,2.0076718417,3.26913239763
0.00236256,0.00760161075424,2.00759073238,3.2694022605
0.00236456,0.00751936464544,2.00750842335,3.26967609554
0.00236656,0.00743593114179,2.00742492763,3.26995385867
0.00236856,0.00735132341841,2.00734025838,3.27023550517
0.00237056,0.00726555483585,2.00725442899,3.2705209897
0.00237256,0.00717863893795,2.007167453,3.27081026632
0.00237456,0.00709058944975,2.00707934415,3.2711032885
0.00237656,0.00700142027527,2.00699011635,3.27140000911
0.00237856,0.00691114549537,2.0068997837,3.27170038042
0.00238056,0.00681977936548,2.00680836045,3.27200435415
0.00238256,0.00672733631338,2.00671586105,3.27231188144
0.00238456,0.00663383093688,2.0066223001,3.27262291286
0.00238656,0.00653927800157,2.00652769237,3.27293739846
0.00238856,0.00644369243847,2.00643205281,3.2732552877
0.00239056,0.00634708934163,2.00633539651,3.27357652955
0.00239256,0.0062494839658,2.00623773875,3.27390107244
0.00239456,0.00615089172401,2.00613909494,3.27422886426
0.00239656,0.00605132818511,2.00603948065,3.27455985242
0.00239856,0.00595080907135,2.00593891163,3.27489398383
0.00240056,0.00584935025585,2.00583740375,3.27523120489
0.00240256,0.00574696776013,2.00573497303,3.27557146153
0.00240456,0.00564367775158,2.00563163566,3.27591469921
0.00240656,0.0055394965409,2.00552740796,3.27626086292
0.00240856,0.00543444057949,2.00542230637,3.2766098972
0.00241056,0.00532852645692,2.0053163475,3.27696174615
0.00241256,0.00522177089825,2.00520954809,3.27731635341
0.00241456,0.00511419076142,2.00510192499,3.27767366223
0.00241656,0.00500580303459,2.0049934952,3.27803361542
0.00241856,0.00489662483343,2.00488427584,3.27839615538
0.00242056,0.00478667339844,2.00477428416,3.27876122413
0.00242256,0.00467596609224,2.00466353753,3.27912876329
0.00242456,0.00456452039678,2.00455205343,3.2794987141
0.00242656,0.00445235391064,2.00443984948,3.27987101743
0.00242856,0.0043394843462,2.00432694339,3.28024561381
0.00243056,0.00422592952688,2.00421335298,3.28062244339
0.00243256,0.0041117073843,2.00409909621,3.28100144601
0.00243456,0.00399683595546,2.0039841911,3.28138256116
0.00243656,0.00388133337989,2.0038686558,3.28176572802
0.00243856,0.00376521789678,2.00375250856,3.28215088546
0.00244056,0.00364850784212,2.00363576772,3.28253797206
0.00244256,0.00353122164578,2.00351845172,3.28292692609
0.00244456,0.0034133778286,2.00340057907,3.28331768555
0.00244656,0.0032949949995,2.0032821684,3.28371018819
0.00244856,0.00317609185249,2.0031632384,3.28410437146
0.00245056,0.00305668716375,2.00304380784,3.2845001726
0.00245256,0.00293679978868,2.0029238956,3.2848975286
0.00245456,0.00281644865888,2.00280352061,3.28529637622
0.00245656,0.00269565277919,2.00268270187,3.28569665199
0.00245856,0.00257443122467,2.00256145847,3.28609829225
0.00246056,0.00245280313762,2.00243980954,3.28650123314
0.00246256,0.00233078772452,2.0023177743,3.28690541062
0.00246456,0.00220840425302,2.00219537203,3.28731076045
0.00246656,0.00208567204888,2.00207262204,3.28771721824
0.00246856,0.00196261049296,2.00194954372,3.28812471945
0.00247056,0.00183923901808,2.00182615652,3.28853319939
0.00247256,0.00171557710604,2.0017024799,3.28894259322
0.00247456,0.00159164428449,2.00157853341,3.28935283601
0.00247656,0.00146746012386,2.00145433661,3.28976386268
0.00247856,0.00134304423426,2.00132990912,3.29017560807
0.00248056,0.0012184162624,2.00120527059,3.29058800692
0.00248256,0.0010935958885,2.00108044069,3.29100099388
0.00248456,0.000968602823125,2.00095543914,3.29141450354
0.00248656,0.000843456804138,2.00083028568,3.29182847043
0.00248856,0.000718177593543,2.00070500007,3.29224282901
0.00249056,0.000592784974382,2.0005796021,3.29265751373
0.00249256,0.0004672987476,2.00045411157,3.29307245898
0.00249456,0.00034173872893,2.00032854829,3.29348759915
0.00249656,0.000216124745753,2.00020293209,3.2939028686
0.00249856,9.04766339725e-05,2.00007728281,3.29431820172
0.00250056,-3.51857651169e-05,1.99995162029,3.2947335329
0.00250256,-0.000160842607966,1.99982596438,3.29514879653
0.00250456,-0.000286474051903,1.99970033491,3.29556392706
0.00250656,-0.000412060258266,1.99957475172,3.29597885898
0.00250856,-0.000537581395538,1.99944923465,3.29639352682
0.00251056,-0.000663017642475,1.99932380352,3.29680786518
0.00251256,-0.000788349191241,1.99919847812,3.29722180873
0.00251456,-0.000913556250531,1.99907327827,3.29763529224
0.00251656,-0.0010386190487,1.99894822371,3.29804825054
0.00251856,-0.00116351783688,1.99882333421,3.2984606186
0.00252056,-0.0012882328921,1.99869862948,3.29887233149
0.00252256,-0.00141274452042,1.99857412921,3.29928332441
0.00252456,-0.00153703306,1.99844985307,3.29969353267
0.00252656,-0.00166107888424,1.99832582068,3.30010289176
0.00252856,-0.00178486240488,1.99820205163,3.3005113373
0.00253056,-0.00190836407504,1.99807856546,3.30091880508
0.00253256,-0.0020315643924,1.99795538167,3.30132523108
0.00253456,-0.00215444390219,1.99783251971,3.30173055145
0.00253656,-0.00227698320031,1.99770999898,3.30213470253
0.00253856,-0.00239916293639,1.99758783884,3.30253762088
0.00254056,-0.00252096381683,1.99746605857,3.30293924325
0.00254256,-0.00264236660786,1.9973446774,3.30333950665
0.00254456,-0.00276335213856,1.9972237145,3.30373834829
0.00254656,-0.00288390130394,1.99710318897,3.30413570564
0.00254856,-0.00300399506786,1.99698311985,3.30453151642
0.00255056,-0.00312361446615,1.99686352609,3.30492571861
0.00255256,-0.00324274060949,1.99674442658,3.30531825046
0.00255456,-0.00336135468651,1.99662584012,3.30570905051
0.00255656,-0.00347943796665,1.99650778545,3.30609805758
0.00255856,-0.0035969718032,1.99639028121,3.3064852108
0.00256056,-0.00371393763621,1.99627334594,3.3068704496
0.00256256,-0.00383031699541,1.99615699813,3.30725371373
0.00256456,-0.00394609150316,1.99604125612,3.30763494327
0.00256656,-0.00406124287731,1.99592613822,3.30801407865
0.00256856,-0.00417575293413,1.99581166259,3.30839106062
0.00257056,-0.00428960359116,1.99569784731,3.3087658303
0.00257256,-0.00440277687005,1.99558471035,3.30913832917
0.00257456,-0.00451525489944,1.99547226959,3.30950849908
0.00257656,-0.00462701991774,1.99536054276,3.30987628227
0.00257856,-0.00473805427595,1.99524954753,3.31024162136
0.00258056,-0.00484834044047,1.99513930141,3.31060445938
0.00258256,-0.00495786099583,1.99502982182,3.31096473974
0.00258456,-0.00506659864746,1.99492112604,3.31132240631
0.00258656,-0.00517453622444,1.99481323123,3.31167740334
0.00258856,-0.00528165668215,1.99470615445,3.31202967553
0.00259056,-0.00538794310506,1.99459991258,3.31237916803
0.00259256,-0.00549337870928,1.99449452242,3.31272582643
0.00259456,-0.00559794684533,1.9943900006,3.31306959677
0.00259656,-0.00570163100068,1.99428636362,3.31341042556
0.00259856,-0.00580441480239,1.99418362786,3.31374825979
0.00260056,-0.00590628201973,1.99408180954,3.31408304692
0.00260256,-0.00600721656666,1.99398092473,3.3144147349
0.00260456,-0.00610720250446,1.99388098937,3.31474327218
0.00260656,-0.00620622404419,1.99378201923,3.31506860772
0.00260856,-0.00630426554919,1.99368402995,3.31539069097
0.00261056,-0.00640131153759,1.993587037,3.31570947192
0.00261256,-0.00649734668468,1.9934910557,3.31602490108
0.00261456,-0.00659235582542,1.99339610119,3.31633692948
0.00261656,-0.00668632395675,1.99330218848,3.31664550871
0.00261856,-0.00677923624001,1.9932093324,3.31695059089
0.00262056,-0.00687107800329,1.99311754761,3.31725212872
0.00262256,-0.0069618347437,1.9930268486,3.31755007542
0.00262456,-0.00705149212969,1.9929372497,3.31784438483
0.00262656,-0.00714003600334,1.99284876505,3.31813501132
0.00262856,-0.00722745238253,1.99276140863,3.31842190987
0.00263056,-0.00731372746321,1.99267519423,3.31870503603
0.00263256,-0.00739884762154,1.99259013546,3.31898434596
0.00263456,-0.00748279941605,1.99250624577,3.31925979641
0.00263656,-0.0075655695898,1.99242353839,3.31953134474
0.00263856,-0.00764714507241,1.99234202638,3.31979894894
0.00264056,-0.00772751298216,1.99226172262,3.32006256758
0.00264256,-0.00780666062803,1.99218263979,3.3203221599
0.00264456,-0.00788457551169,1.99210479038,3.32057768574
0.00264656,-0.00796124532947,1.99202818667,3.3208291056
0.00264856,-0.00803665797433,1.99195284077,3.32107638061
0.00265056,-0.00811080153773,1.99187876458,3.32131947255
0.00265256,-0.00818366431154,1.99180596978,3.32155834385
0.00265456,-0.00825523478989,1.99173446789,3.32179295762
0.00265656,-0.00832550167097,1.99166427018,3.3220232776
0.00265856,-0.00839445385883,1.99159538774,3.32224926824
0.00266056,-0.0084620804651,1.99152783146,3.32247089463
0.00266256,-0.00852837081078,1.99146161199,3.32268812257
0.00266456,-0.00859331442784,1.99139673979,3.32290091853
0.00266656,-0.00865690106094,1.99133322512,3.32310924965
0.00266856,-0.008719120669,1.99127107799,3.32331308382
0.00267056,-0.00877996342684,1.99121030823,3.32351238957
0.00267256,-0.00883941972667,1.99115092542,3.32370713616
0.00267456,-0.00889748017966,1.99109293896,3.32389729357
0.00267656,-0.00895413561738,1.99103635798,3.32408283247
0.00267856,-0.00900937709329,1.99098119143,3.32426372427
0.00268056,-0.00906319588411,1.99092744802,3.32443994107
0.00268256,-0.00911558349125,1.99087513624,3.32461145572
0.00268456,-0.00916653164207,1.99082426434,3.32477824178
0.00268656,-0.00921603229129,1.99077484036,3.32494027357
0.00268856,-0.00926407762218,1.9907268721,3.32509752612
0.00269056,-0.00931066004781,1.99068036715,3.32524997521
0.00269256,-0.0093557722123,1.99063533283,3.32539759735
0.00269456,-0.00939940699189,1.99059177628,3.32554036983
0.00269656,-0.00944155749616,1.99054970435,3.32567827064
0.00269856,-0.00948221706905,1.9905091237,3.32581127857
0.00270056,-0.00952137928994,1.99047004073,3.32593937314
0.00270256,-0.00955903797467,1.99043246162,3.32606253463
0.00270456,-0.00959518717649,1.9903963923,3.32618074409
0.00270656,-0.00962982118702,1.99036183846,3.32629398332
0.00270856,-0.00966293453716,1.99032880556,3.3264022349
0.00271056,-0.00969452199792,1.99029729883,3.32650548218
0.00271256,-0.00972457858127,1.99026732323,3.32660370927
0.00271456,-0.00975309954093,1.99023888349,3.32669690106
0.00271656,-0.00978008037311,1.99021198411,3.32678504322
0.00271856,-0.00980551681723,1.99018662934,3.32686812218
0.00272056,-0.00982940485657,1.99016282318,3.32694612518
0.00272256,-0.00985174071894,1.99014056939,3.32701904022
0.00272456,-0.00987252087725,1.99011987148,3.32708685608
0.00272656,-0.00989174205006,1.99010073272,3.32714956233
0.00272856,-0.00990940120213,1.99008315613,3.32720714934
0.00273056,-0.00992549554488,1.9900671445,3.32725960825
0.00273256,-0.00994002253683,1.99005270034,3.32730693099
0.00273456,-0.00995297988399,1.99003982594,3.32734911029
0.00273656,-0.00996436554024,1.99002852333,3.32738613967
0.00273856,-0.00997417770767,1.9900187943,3.32741801343
0.00274056,-0.00998241483681,1.99001064038,3.32744472668
0.00274256,-0.00998907562693,1.99000406286,3.3274662753
0.00274456,-0.00999415902621,1.98999906278,3.32748265598
0.00274656,-0.00999766423192,1.98999564093,3.32749386621
0.00274856,-0.00999959069056,1.98999379785,3.32749990427
0.00275056,-0.00999993809791,1.98999353383,3.32750076922
0.00275256,-0.0099987063991,1.98999484891,3.32749646093
0.00275456,-0.00999589578865,1.98999774289,3.32748698007
0.00275656,-0.00999150671038,1.9900022153,3.32747232808
0.00275856,-0.00998553985737,1.99000826544,3.32745250724
0.00276056,-0.00997799617187,1.99001589236,3.32742752057
0.00276256,-0.0099688768451,1.99002509485,3.32739737192
0.00276456,-0.00995818331711,1.99003587146,3.32736206593
0.00276656,-0.00994591727654,1.99004822048,3.32732160803
0.00276856,-0.00993208066033,1.99006213997,3.32727600442
0.00277056,-0.00991667565345,1.99007762773,3.32722526213
0.00277256,-0.00989970468853,1.99009468131,3.32716938895
0.00277456,-0.00988117044547,1.99011329802,3.32710839348
0.00277656,-0.00986107585106,1.99013347492,3.3270422851
0.00277856,-0.00983942407845,1.99015520882,3.32697107396
0.00278056,-0.00981621854673,1.99017849629,3.32689477102
0.00278256,-0.0097914629203,1.99020333366,3.32681338801
0.00278456,-0.00976516110837,1.990229717,3.32672693745
0.00278656,-0.00973731726429,1.99025764215,3.32663543264
0.00278856,-0.00970793578495,1.99028710469,3.32653888764
0.00279056,-0.00967702131,1.99031809998,3.32643731732
0.00279256,-0.00964457872121,1.99035062312,3.3263307373
0.00279456,-0.00961061314164,1.99038466897,3.32621916397
0.00279656,-0.00957512993484,1.99042023215,3.3261026145
0.00279856,-0.00953813470403,1.99045730706,3.32598110683
0.00280056,-0.00949963329118,1.99049588783,3.32585465966
0.00280256,-0.00945963177611,1.99053596838,3.32572329244
0.00280456,-0.00941813647552,1.99057754238,3.32558702541
0.00280656,-0.009375153942,1.99062060325,3.32544587954
0.00280856,-0.009330690963,1.99066514421,3.32529987655
0.00281056,-0.00928475455973,1.99071115821,3.32514903894
0.00281256,-0.00923735198608,1.99075863799,3.32499338993
0.00281456,-0.00918849072747,1.99080757606,3.3248329535
0.00281656,-0.00913817849965,1.99085796468,3.32466775436
0.00281856,-0.00908642324752,1.9909097959,3.32449781796
0.00282056,-0.00903323314383,1.99096306153,3.32432317049
0.00282256,-0.0089786165879,1.99101775317,3.32414383887
0.00282456,-0.00892258220433,1.99107386217,3.32395985072
0.00282656,-0.0088651388416,1.99113137968,3.32377123442
0.00282856,-0.00880629557068,1.99119029661,3.32357801905
0.00283056,-0.0087460616836,1.99125060366,3.32338023441
0.00283256,-0.00868444669199,1.9913122913,3.32317791099
0.00283456,-0.00862146032558,1.99137534981,3.32297108
0.00283656,-0.00855711253064,1.9914397692,3.32275977337
0.00283856,-0.00849141346843,1.99150553933,3.32254402369
0.00284056,-0.0084243735136,1.99157264979,3.32232386426
0.00284256,-0.00835600325254,1.99164108999,3.32209932907
0.00284456,-0.00828631348169,1.99171084913,3.32187045279
0.00284656,-0.00821531520589,1.99178191619,3.32163727076
0.00284856,-0.00814301963658,1.99185427994,3.32139981899
0.00285056,-0.00806943819008,1.99192792896,3.32115813417
0.00285256,-0.00799458248574,1.99200285162,3.32091225364
0.00285456,-0.00791846434415,1.99207903609,3.32066221541
0.00285656,-0.00784109578524,1.99215647033,3.32040805812
0.00285856,-0.00776248902642,1.99223514213,3.32014982107
0.00286056,-0.00768265648059,1.99231503905,3.3198875442
0.00286256,-0.00760161075425,1.99239614847,3.31962126807
0.00286456,-0.00751936464544,1.99247845761,3.31935103388
0.00286656,-0.00743593114179,1.99256195344,3.31907688345
0.00286856,-0.00735132341841,1.9926466228,3.31879885922
0.00287056,-0.00726555483585,1.9927324523,3.31851700422
0.00287256,-0.00717863893795,1.9928194284,3.3182313621
0.00287456,-0.00709058944975,1.99290753736,3.31794197711
0.00287656,-0.00700142027527,1.99299676526,3.31764889407
0.00287856,-0.00691114549538,1.99308709803,3.31735215842
0.00288056,-0.00681977936549,1.99317852138,3.31705181614
0.00288256,-0.00672733631338,1.9932710209,3.31674791379
0.00288456,-0.00663383093688,1.99336458196,3.31644049852
0.00288656,-0.00653927800158,1.99345918979,3.316129618
0.00288856,-0.00644369243847,1.99355482946,3.31581532047
0.00289056,-0.00634708934163,1.99365148587,3.31549765472
0.00289256,-0.0062494839658,1.99374914374,3.31517667005
0.00289456,-0.00615089172401,1.99384778766,3.3148524163
0.00289656,-0.00605132818512,1.99394740206,3.31452494385
0.00289856,-0.00595080907135,1.99404797119,3.31419430357
0.00290056,-0.00584935025585,1.99414947918,3.31386054685
0.00290256,-0.00574696776013,1.99425191,3.31352372557
0.00290456,-0.00564367775159,1.99435524748,3.31318389209
0.00290656,-0.0055394965409,1.9944594753,3.31284109929
0.00290856,-0.00543444057949,1.99456457699,3.31249540048
0.00291056,-0.00532852645692,1.99467053597,3.31214684947
0.00291256,-0.00522177089825,1.9947773355,3.31179550053
0.00291456,-0.00511419076143,1.99488495871,3.31144140835
0.00291656,-0.00500580303459,1.99499338861,3.31108462809
0.00291856,-0.00489662483343,1.99510260807,3.31072521534
0.00292056,-0.00478667339844,1.99521259986,3.31036322611
0.00292256,-0.00467596609224,1.9953233466,3.30999871684
0.00292456,-0.00456452039678,1.99543483081,3.30963174437
0.00292656,-0.00445235391064,1.99554703487,3.30926236595
0.00292856,-0.0043394843462,1.99565994107,3.3088906392
0.00293056,-0.00422592952688,1.99577353158,3.30851662215
0.00293256,-0.0041117073843,1.99588778847,3.30814037321
0.00293456,-0.00399683595546,1.99600269369,3.30776195112
0.00293656,-0.00388133337989,1.99611822909,3.307381415
0.00293856,-0.00376521789678,1.99623437644,3.30699882434
0.00294056,-0.00364850784212,1.99635111739,3.30661423893
0.00294256,-0.00353122164578,1.9964684335,3.30622771892
0.00294456,-0.00341337782861,1.99658630626,3.30583932476
0.00294656,-0.0032949949995,1.99670471704,3.30544911723
0.00294856,-0.00317609185249,1.99682364715,3.30505715741
0.00295056,-0.00305668716376,1.99694307782,3.30466350666
0.00295256,-0.00293679978869,1.99706299017,3.30426822663
0.00295456,-0.00281644865888,1.99718336527,3.30387137926
0.00295656,-0.00269565277919,1.99730418412,3.30347302674
0.00295856,-0.00257443122467,1.99742542763,3.30307323152
0.00296056,-0.00245280313762,1.99754707667,3.3026720563
0.00296256,-0.00233078772452,1.99766911201,3.30226956401
0.00296456,-0.00220840425302,1.9977915144,3.30186581781
0.00296656,-0.00208567204889,1.99791426449,3.30146088109
0.00296856,-0.00196261049296,1.99803734292,3.30105481741
0.00297056,-0.00183923901808,1.99816073023,3.30064769058
0.00297256,-0.00171557710604,1.99828440696,3.30023956455
0.00297456,-0.00159164428449,1.99840835356,3.29983050349
0.00297656,-0.00146746012386,1.99853255047,3.2994205717
0.00297856,-0.00134304423426,1.99865697807,3.29900983367
0.00298056,-0.00121841626241,1.99878161671,3.29859835401
0.00298256,-0.0010935958885,1.99890644672,3.29818619749
0.00298456,-0.000968602823128,1.99903144838,3.29777342899
0.00298656,-0.000843456804141,1.99915660194,3.29736011354
0.00298856,-0.000718177593546,1.99928188766,3.29694631623
0.00299056,-0.000592784974384,1.99940728574,3.29653210228
0.00299256,-0.000467298747603,1.99953277639,3.296117537
0.00299456,-0.000341738728933,1.99965833977,3.29570268576
0.00299656,-0.000216124745755,1.99978395608,3.295287614
0.00299856,-9.04766339752e-05,1.99990960547,3.29487238722
0.00300056,3.51857651142e-05,2.0000352681,3.29445707097
0.00300256,0.000160842607963,2.00016092412,3.29404173083
0.00300456,0.0002864740519,2.0002865537,3.29362643241
0.00300656,0.000412060258264,2.000412137,3.29321124133
0.00300856,0.000537581395535,2.00053765418,3.29279622322
0.00301056,0.000663017642473,2.00066308542,3.2923814437
0.00301256,0.000788349191238,2.00078841092,3.29196696837
0.00301456,0.000913556250528,2.00091361089,3.29155286282
0.00301656,0.0010386190487,2.00103866555,3.29113919257
0.00301856,0.00116351783687,2.00116355517,3.29072602314
0.00302056,0.0012882328921,2.00128826001,3.29031341995
0.00302256,0.00141274452042,2.00141276038,3.28990144837
0.00302456,0.00153703306,2.00153703663,3.28949017369
0.00302656,0.00166107888424,2.00166106913,3.28907966112
0.00302856,0.00178486240487,2.00178483829,3.28866997574
0.00303056,0.00190836407504,2.00190832457,3.28826118255
0.00303256,0.0020315643924,2.00203150847,3.28785334643
0.00303456,0.00215444390219,2.00215437054,3.28744653209
0.00303656,0.00227698320031,2.00227689138,3.28704080415
0.00303856,0.00239916293639,2.00239905163,3.28663622705
0.00304056,0.00252096381682,2.00252083201,3.28623286507
0.00304256,0.00264236660785,2.00264221329,3.28583078231
0.00304456,0.00276335213856,2.0027631763,3.28543004271
0.00304656,0.00288390130394,2.00288370193,3.28503071
0.00304856,0.00300399506786,2.00300377117,3.2846328477
0.00305056,0.00312361446614,2.00312336504,3.28423651913
0.00305256,0.00324274060949,2.00324246465,3.28384178738
0.00305456,0.0033613546865,2.00336105122,3.2834487153
0.00305656,0.00347943796665,2.003479106,3.28305736551
0.00305856,0.0035969718032,2.00359661035,3.28266780036
0.00306056,0.00371393763621,2.00371354573,3.28228008193
0.00306256,0.00383031699541,2.00382989365,3.28189427205
0.00306456,0.00394609150315,2.00394563576,3.28151043223
0.00306656,0.00406124287731,2.00406075378,3.28112862371
0.00306856,0.00417575293413,2.00417522952,3.28074890742
0.00307056,0.00428960359116,2.00428904491,3.28037134397
0.00307256,0.00440277687005,2.00440218197,3.27999599363
0.00307456,0.00451525489944,2.00451462285,3.27962291637
0.00307656,0.00462701991774,2.00462634978,3.27925217177
0.00307856,0.00473805427595,2.00473734512,3.27888381909
0.00308056,0.00484834044047,2.00484759135,3.27851791721
0.00308256,0.00495786099583,2.00495707105,3.27815452463
0.00308456,0.00506659864746,2.00506576694,3.27779369947
0.00308656,0.00517453622443,2.00517366185,3.27743549947
0.00308856,0.00528165668215,2.00528073875,3.27707998194
0.00309056,0.00538794310505,2.00538698073,3.27672720379
0.00309256,0.00549337870928,2.005492371,3.27637722151
0.00309456,0.00559794684533,2.00559689293,3.27603009115
0.00309656,0.00570163100067,2.00570053001,3.27568586832
0.00309856,0.00580441480239,2.00580326588,3.27534460818
0.00310056,0.00590628201972,2.00590508431,3.27500636543
0.00310256,0.00600721656666,2.00600596923,3.27467119431
0.00310456,0.00610720250446,2.0061059047,3.27433914856
0.00310656,0.00620622404418,2.00620487495,3.27401028144
0.00310856,0.00630426554919,2.00630286434,3.27368464573
0.00311056,0.00640131153758,2.0063998574,3.27336229369
0.00311256,0.00649734668468,2.00649583881,3.27304327706
0.00311456,0.00659235582542,2.00659079343,3.27272764707
0.00311656,0.00668632395674,2.00668470624,3.27241545441
0.00311856,0.00677923624001,2.00677756243,3.27210674924
0.00312056,0.00687107800329,2.00686934734,3.27180158116
0.00312256,0.00696183474369,2.00696004645,3.27149999921
0.00312456,0.00705149212969,2.00704964547,3.27120205189
0.00312656,0.00714003600334,2.00713813022,3.27090778709
0.00312856,0.00722745238253,2.00722548675,3.27061725216
0.00313056,0.00731372746321,2.00731170126,3.27033049382
0.00313256,0.00739884762153,2.00739676014,3.27004755822
0.00313456,0.00748279941605,2.00748064994,3.26976849089
0.00313656,0.0075655695898,2.00756335743,3.26949333675
0.00313856,0.0076471450724,2.00764486955,3.26922214012
0.00314056,0.00772751298216,2.00772517341,3.26895494465
0.00314256,0.00780666062803,2.00780425635,3.2686917934
0.00314456,0.00788457551168,2.00788210588,3.26843272875
0.00314656,0.00796124532947,2.00795870969,3.26817779245
0.00314856,0.00803665797433,2.0080340557,3.26792702559
0.00315056,0.00811080153773,2.00810813201,3.26768046859
0.00315256,0.00818366431154,2.00818092691,3.26743816121
0.00315456,0.00825523478989,2.00825242891,3.26720014251
0.00315656,0.00832550167097,2.00832262673,3.2669664509
0.00315856,0.00839445385882,2.00839150928,3.26673712406
0.00316056,0.0084620804651,2.00845906567,3.26651219901
0.00316256,0.00852837081078,2.00852528525,3.26629171203
0.00316456,0.00859331442784,2.00859015755,3.26607569871
0.00316656,0.00865690106094,2.00865367234,3.26586419393
0.00316856,0.008719120669,2.00871581957,3.26565723184
0.00317056,0.00877996342684,2.00877658945,3.26545484584
0.00317256,0.00883941972667,2.00883597236,3.26525706864
0.00317456,0.00889748017966,2.00889395894,3.26506393217
0.00317656,0.00895413561738,2.00895054002,3.26487546764
0.00317856,0.00900937709329,2.00900570668,3.2646917055
0.00318056,0.00906319588411,2.0090594502,3.26451267544
0.00318256,0.00911558349125,2.0091117621,3.2643384064
0.00318456,0.00916653164207,2.0091626341,3.26416892655
0.00318656,0.00921603229129,2.00921205819,3.26400426329
0.00318856,0.00926407762218,2.00926002655,3.26384444324
0.00319056,0.00931066004781,2.00930653162,3.26368949225
0.00319256,0.0093557722123,2.00935156604,3.26353943536
0.00319456,0.00939940699189,2.00939512271,3.26339429686
0.00319656,0.00944155749616,2.00943719475,3.26325410022
0.00319856,0.00948221706905,2.00947777551,3.26311886812
0.00320056,0.00952137928994,2.00951685858,3.26298862245
0.00320256,0.00955903797467,2.0095544378,3.26286338426
0.00320456,0.00959518717649,2.00959050724,3.26274317384
0.00320656,0.00962982118702,2.00962506118,3.26262801064
0.00320856,0.00966293453716,2.00965809419,3.26251791329
0.00321056,0.00969452199792,2.00968960103,3.26241289962
0.00321256,0.00972457858127,2.00971957674,3.26231298662
0.00321456,0.00975309954093,2.00974801659,3.26221819048
0.00321656,0.00978008037311,2.00977491607,3.26212852654
0.00321856,0.00980551681723,2.00980027095,3.26204400931
0.00322056,0.00982940485657,2.00982407723,3.26196465249
0.00322256,0.00985174071894,2.00984633113,3.26189046892
0.00322456,0.00987252087724,2.00986702915,3.26182147061
0.00322656,0.00989174205006,2.00988616802,3.26175766875
0.00322856,0.00990940120213,2.00990374471,3.26169907367
0.00323056,0.00992549554488,2.00991975645,3.26164569485
0.00323256,0.00994002253683,2.00993420072,3.26159754094
0.00323456,0.00995297988399,2.00994707523,3.26155461974
0.00323656,0.00996436554024,2.00995837795,3.26151693821
0.00323856,0.00997417770767,2.00996810709,3.26148450245
0.00324056,0.00998241483681,2.00997626111,3.26145731771
0.00324256,0.00998907562693,2.00998283874,3.2614353884
0.00324456,0.00999415902621,2.00998783893,3.26141871806
0.00324656,0.00999766423192,2.00999126089,3.26140730941
0.00324856,0.00999959069056,2.00999310408,3.26140116428
0.00325056,0.00999993809791,2.00999336821,3.26140028368
0.00325256,0.0099987063991,2.00999205324,3.26140466775
0.00325456,0.00999589578865,2.00998915937,3.26141431577
0.00325656,0.00999150671038,2.00998468707,3.26142922618
0.00325856,0.00998553985737,2.00997863704,3.26144939658
0.00326056,0.00997799617187,2.00997101023,3.26147482368
0.00326256,0.0099688768451,2.00996180785,3.26150550337
0.00326456,0.00995818331711,2.00995103135,3.26154143069
0.00326656,0.00994591727654,2.00993868244,3.2615825998
0.00326856,0.00993208066033,2.00992476306,3.26162900405
0.00327056,0.00991667565345,2.00990927541,3.26168063591
0.00327256,0.00989970468853,2.00989222194,3.26173748702
0.00327456,0.00988117044547,2.00987360533,3.26179954817
0.00327656,0.00986107585106,2.00985342854,3.26186680932
0.00327856,0.00983942407845,2.00983169475,3.26193925957
0.00328056,0.00981621854673,2.00980840738,3.26201688718
0.00328256,0.0097914629203,2.00978357013,3.26209967958
0.00328456,0.00976516110837,2.00975718689,3.26218762337
0.00328656,0.00973731726429,2.00972926186,3.26228070431
0.00328856,0.00970793578495,2.00969979942,3.26237890733
0.00329056,0.00967702131,2.00966880424,3.26248221652
0.00329256,0.00964457872121,2.00963628122,3.26259061517
0.00329456,0.00961061314164,2.00960223548,3.26270408573
0.00329656,0.00957512993485,2.0095666724,3.26282260983
0.00329856,0.00953813470403,2.0095295976,3.26294616829
0.00330056,0.00949963329118,2.00949101694,3.26307474111
0.00330256,0.00945963177611,2.0094509365,3.26320830749
0.00330456,0.00941813647552,2.00940936261,3.26334684581
0.00330656,0.009375153942,2.00936630185,3.26349033368
0.00330856,0.009330690963,2.009321761,3.26363874787
0.00331056,0.00928475455973,2.00927574711,3.26379206437
0.00331256,0.00923735198608,2.00922826743,3.2639502584
0.00331456,0.00918849072747,2.00917932948,3.26411330437
0.00331656,0.00913817849965,2.00912894096,3.26428117592
0.00331856,0.00908642324752,2.00907710985,3.2644538459
0.00332056,0.00903323314383,2.00902384433,3.26463128642
0.00332256,0.0089786165879,2.0089691528,3.26481346878
0.00332456,0.00892258220433,2.00891304391,3.26500036355
0.00332656,0.0088651388416,2.00885552651,3.26519194052
0.00332856,0.00880629557068,2.00879660969,3.26538816875
0.00333056,0.0087460616836,2.00873630275,3.26558901653
0.00333256,0.00868444669199,2.00867461521,3.26579445143
0.00333456,0.00862146032558,2.00861155682,3.26600444028
0.00333656,0.00855711253064,2.00854713753,3.26621894916
0.00333856,0.00849141346843,2.00848136752,3.26643794344
0.00334056,0.0084243735136,2.00841425716,3.26666138779
0.00334256,0.00835600325254,2.00834581707,3.26688924613
0.00334456,0.00828631348169,2.00827605804,3.26712148171
0.00334656,0.00821531520589,2.00820499109,3.26735805705
0.00334856,0.00814301963658,2.00813262745,3.267598934
0.00335056,0.00806943819008,2.00805897854,3.26784407371
0.00335256,0.00799458248574,2.00798405599,3.26809343665
0.00335456,0.00791846434415,2.00790787163,3.26834698262
0.00335656,0.00784109578525,2.00783043749,3.26860467076
0.00335856,0.00776248902642,2.00775176581,3.26886645954
0.00336056,0.00768265648059,2.007671869,3.26913230678
0.00336256,0.00760161075425,2.00759075968,3.26940216966
0.00336456,0.00751936464544,2.00750845066,3.26967600471
0.00336656,0.00743593114179,2.00742495493,3.26995376785
0.00336856,0.00735132341842,2.00734028568,3.27023541435
0.00337056,0.00726555483585,2.00725445629,3.27052089889
0.00337256,0.00717863893795,2.0071674803,3.27081017552
0.00337456,0.00709058944975,2.00707937145,3.27110319771
0.00337656,0.00700142027528,2.00699014365,3.27139991832
0.00337856,0.00691114549538,2.006899811,3.27170028964
0.00338056,0.00681977936549,2.00680838775,3.27200426338
0.00338256,0.00672733631338,2.00671588835,3.27231179068
0.00338456,0.00663383093688,2.0066223274,3.27262282211
0.00338656,0.00653927800158,2.00652771967,3.27293730771
0.00338856,0.00644369243847,2.00643208011,3.27325519697
0.00339056,0.00634708934163,2.00633542381,3.27357643883
0.00339256,0.00624948396581,2.00623776605,3.27390098172
0.00339456,0.00615089172402,2.00613912224,3.27422877355
0.00339656,0.00605132818512,2.00603950795,3.27455976172
0.00339856,0.00595080907135,2.00593893893,3.27489389314
0.00340056,0.00584935025585,2.00583743104,3.27523111421
0.00340256,0.00574696776013,2.00573500033,3.27557137086
0.00340456,0.00564367775159,2.00563166296,3.27591460854
0.00340656,0.0055394965409,2.00552743525,3.27626077226
0.00340856,0.0054344405795,2.00542233367,3.27660980655
0.00341056,0.00532852645692,2.0053163748,3.27696165551
0.00341256,0.00522177089826,2.00520957538,3.27731626278
0.00341456,0.00511419076143,2.00510195228,3.27767357161
0.00341656,0.00500580303459,2.00499352249,3.27803352481
0.00341856,0.00489662483343,2.00488430313,3.27839606478
0.00342056,0.00478667339845,2.00477431145,3.27876113354
0.00342256,0.00467596609224,2.00466356482,3.27912867271
0.00342456,0.00456452039678,2.00455208073,3.27949862352
0.00342656,0.00445235391064,2.00443987678,3.27987092687
0.00342856,0.00433948434621,2.00432697068,3.28024552325
0.00343056,0.00422592952689,2.00421338028,3.28062235284
0.00343256,0.0041117073843,2.0040991235,3.28100135547
0.00343456,0.00399683595546,2.00398421839,3.28138247063
0.00343656,0.00388133337989,2.0038686831,3.2817656375
0.00343856,0.00376521789679,2.00375253586,3.28215079496
0.00344056,0.00364850784213,2.00363579502,3.28253788156
0.00344256,0.00353122164578,2.00351847901,3.2829268356
0.00344456,0.00341337782861,2.00340060637,3.28331759508
0.00344656,0.0032949949995,2.00328219569,3.28371009772
0.00344856,0.00317609185249,2.00316326569,3.28410428101
0.00345056,0.00305668716376,2.00304383514,3.28450008216
0.00345256,0.00293679978869,2.0029239229,3.28489743817
0.00345456,0.00281644865889,2.0028035479,3.28529628579
0.00345656,0.00269565277919,2.00268272916,3.28569656157
0.00345856,0.00257443122468,2.00256148576,3.28609820185
0.00346056,0.00245280313762,2.00243983683,3.28650114275
0.00346256,0.00233078772452,2.0023178016,3.28690532023
0.00346456,0.00220840425302,2.00219539932,3.28731067007
0.00346656,0.00208567204889,2.00207264933,3.28771712788
0.00346856,0.00196261049296,2.00194957102,3.2881246291
0.00347056,0.00183923901808,2.00182618381,3.28853310905
0.00347256,0.00171557710605,2.00170250719,3.28894250289
0.00347456,0.0015916442845,2.0015785607,3.28935274569
0.00347656,0.00146746012386,2.0014543639,3.28976377237
0.00347856,0.00134304423426,2.00132993641,3.29017551777
0.00348056,0.00121841626241,2.00120529788,3.29058791663
0.00348256,0.0010935958885,2.00108046798,3.2910009036
0.00348456,0.000968602823131,2.00095546643,3.29141441327
0.00348656,0.000843456804143,2.00083031297,3.29182838017
0.00348856,0.000718177593549,2.00070502736,3.29224273877
0.00349056,0.000592784974387,2.00057962939,3.29265742349
0.00349256,0.000467298747606,2.00045413886,3.29307236875
0.00349456,0.000341738728935,2.00032857558,3.29348750893
0.00349656,0.000216124745758,2.00020295938,3.2939027784
0.00349856,9.04766339778e-05,2.0000773101,3.29431811153
0.00350056,-3.51857651116e-05,1.99995164758,3.29473344271
0.00350256,-0.000160842607961,1.99982599166,3.29514870636
0.00350456,-0.000286474051898,1.99970036219,3.2955638369
0.00350656,-0.000412060258261,1.99957477901,3.29597876883
0.00350856,-0.000537581395533,1.99944926194,3.29639343668
0.00351056,-0.00066301764247,1.9993238308,3.29680777505
0.00351256,-0.000788349191236,1.99919850541,3.29722171861
0.00351456,-0.000913556250525,1.99907330555,3.29763520213
0.00351656,-0.00103861904869,1.998948251,3.29804816044
0.00351856,-0.00116351783687,1.99882336149,3.29846052852
0.00352056,-0.0012882328921,1.99869865676,3.29887224142
0.00352256,-0.00141274452042,1.9985741565,3.29928323434
0.00352456,-0.00153703306,1.99844988036,3.29969344261
0.00352656,-0.00166107888424,1.99832584797,3.30010280171
0.00352856,-0.00178486240487,1.99820207891,3.30051124726
0.00353056,-0.00190836407504,1.99807859274,3.30091871506
0.00353256,-0.00203156439239,1.99795540895,3.30132514107
0.00353456,-0.00215444390218,1.99783254699,3.30173046145
0.00353656,-0.0022769832003,1.99771002626,3.30213461254
0.00353856,-0.00239916293638,1.99758786612,3.30253753089
0.00354056,-0.00252096381682,1.99746608585,3.30293915328
0.00354256,-0.00264236660785,1.99734470468,3.30333941669
0.00354456,-0.00276335213856,1.99722374178,3.30373825834
0.00354656,-0.00288390130393,1.99710321625,3.3041356157
0.00354856,-0.00300399506786,1.99698314713,3.30453142649
0.00355056,-0.00312361446614,1.99686355337,3.30492562869
0.00355256,-0.00324274060949,1.99674445386,3.30531816055
0.00355456,-0.0033613546865,1.99662586741,3.30570896061
0.00355656,-0.00347943796664,1.99650781273,3.30609796769
0.00355856,-0.0035969718032,1.99639030849,3.30648512092
0.00356056,-0.0037139376362,1.99627337322,3.30687035973
0.00356256,-0.00383031699541,1.99615702541,3.30725362387
0.00356456,-0.00394609150315,1.9960412834,3.30763485342
0.00356656,-0.0040612428773,1.9959261655,3.30801398881
0.00356856,-0.00417575293413,1.99581168987,3.30839097079
0.00357056,-0.00428960359115,1.99569787459,3.30876574048
0.00357256,-0.00440277687005,1.99558473763,3.30913823936
0.00357456,-0.00451525489944,1.99547229686,3.30950840928
0.00357656,-0.00462701991773,1.99536057004,3.30987619248
0.00357856,-0.00473805427595,1.99524957481,3.31024153158
0.00358056,-0.00484834044046,1.99513932869,3.31060436961
0.00358256,-0.00495786099582,1.9950298491,3.31096464998
0.00358456,-0.00506659864746,1.99492115332,3.31132231655
0.00358656,-0.00517453622443,1.99481325851,3.31167731359
0.00358856,-0.00528165668215,1.99470618172,3.3120295858
0.00359056,-0.00538794310505,1.99459993986,3.31237907831
0.00359256,-0.00549337870928,1.99449454969,3.31272573671
0.00359456,-0.00559794684533,1.99439002787,3.31306950706
0.00359656,-0.00570163100067,1.9942863909,3.31341033586
0.00359856,-0.00580441480239,1.99418365514,3.3137481701
0.00360056,-0.00590628201972,1.99408183681,3.31408295724
0.00360256,-0.00600721656665,1.99398095201,3.31441464523
0.00360456,-0.00610720250445,1.99388101664,3.31474318252
0.00360656,-0.00620622404418,1.99378204651,3.31506851807
0.00360856,-0.00630426554919,1.99368405723,3.31539060133
0.00361056,-0.00640131153758,1.99358706428,3.31570938228
0.00361256,-0.00649734668468,1.99349108297,3.31602481145
0.00361456,-0.00659235582541,1.99339612847,3.31633683986
0.00361656,-0.00668632395674,1.99330221576,3.31664541909
0.00361856,-0.00677923624001,1.99320935968,3.31695050129
0.00362056,-0.00687107800328,1.99311757488,3.31725203912
0.00362256,-0.00696183474369,1.99302687588,3.31754998584
0.00362456,-0.00705149212969,1.99293727697,3.31784429525
0.00362656,-0.00714003600334,1.99284879232,3.31813492175
0.00362856,-0.00722745238253,1.9927614359,3.3184218203
0.00363056,-0.00731372746321,1.9926752215,3.31870494647
0.00363256,-0.00739884762153,1.99259016274,3.31898425641
0.00363456,-0.00748279941605,1.99250627304,3.31925970687
0.00363656,-0.0075655695898,1.99242356566,3.31953125521
0.00363856,-0.0076471450724,1.99234205365,3.31979885941
0.00364056,-0.00772751298215,1.99226174989,3.32006247806
0.00364256,-0.00780666062802,1.99218266706,3.32032207038
0.00364456,-0.00788457551168,1.99210481765,3.32057759623
0.00364656,-0.00796124532947,1.99202821394,3.3208290161
0.00364856,-0.00803665797433,1.99195286804,3.32107629112
0.00365056,-0.00811080153773,1.99187879185,3.32131938306
0.00365256,-0.00818366431154,1.99180599705,3.32155825437
0.00365456,-0.00825523478989,1.99173449516,3.32179286814
0.00365656,-0.00832550167097,1.99166429745,3.32202318813
0.00365856,-0.00839445385882,1.99159541501,3.32224917878
0.00366056,-0.0084620804651,1.99152785872,3.32247080518
0.00366256,-0.00852837081078,1.99146163926,3.32268803312
0.00366456,-0.00859331442784,1.99139676706,3.32290082908
0.00366656,-0.00865690106094,1.99133325239,3.32310916022
0.00366856,-0.008719120669,1.99127110526,3.32331299438
0.00367056,-0.00877996342684,1.9912103355,3.32351230014
0.00367256,-0.00883941972667,1.99115095269,3.32370704674
0.00367456,-0.00889748017965,1.99109296622,3.32389720416
0.00367656,-0.00895413561738,1.99103638525,3.32408274306
0.00367856,-0.00900937709329,1.9909812187,3.32426363486
0.00368056,-0.00906319588411,1.99092747529,3.32443985167
0.00368256,-0.00911558349124,1.9908751635,3.32461136632
0.00368456,-0.00916653164207,1.9908242916,3.32477815239
0.00368656,-0.00921603229129,1.99077486762,3.32494018418
0.00368856,-0.00926407762218,1.99072689937,3.32509743674
0.00369056,-0.00931066004781,1.99068039441,3.32524988583
0.00369256,-0.00935577221229,1.9906353601,3.32539750798
0.00369456,-0.00939940699189,1.99059180354,3.32554028046
0.00369656,-0.00944155749616,1.99054973161,3.32567818128
0.00369856,-0.00948221706905,1.99050915096,3.32581118921
0.00370056,-0.00952137928994,1.99047006799,3.32593928378
0.00370256,-0.00955903797467,1.99043248888,3.32606244528
0.00370456,-0.00959518717649,1.99039641956,3.32618065474
0.00370656,-0.00962982118702,1.99036186572,3.32629389397
0.00370856,-0.00966293453716,1.99032883283,3.32640214556
0.00371056,-0.00969452199791,1.99029732609,3.32650539284
0.00371256,-0.00972457858127,1.99026735049,3.32660361993
0.00371456,-0.00975309954093,1.99023891075,3.32669681173
0.00371656,-0.00978008037311,1.99021201138,3.32678495389
0.00371856,-0.00980551681723,1.9901866566,3.32686803286
0.00372056,-0.00982940485657,1.99016285044,3.32694603586
0.00372256,-0.00985174071894,1.99014059665,3.32701895089
0.00372456,-0.00987252087724,1.99011989874,3.32708676675
0.00372656,-0.00989174205006,1.99010075998,3.32714947301
0.00372856,-0.00990940120213,1.99008318339,3.32720706002
0.00373056,-0.00992549554488,1.99006717176,3.32725951893
0.00373256,-0.00994002253683,1.9900527276,3.32730684168
0.00373456,-0.00995297988399,1.9900398532,3.32734902098
0.00373656,-0.00996436554024,1.99002855059,3.32738605036
0.00373856,-0.00997417770767,1.99001882156,3.32741792412
0.00374056,-0.00998241483681,1.99001066764,3.32744463737
0.00374256,-0.00998907562693,1.99000409012,3.32746618599
0.00374456,-0.00999415902621,1.98999909004,3.32748256668
0.00374656,-0.00999766423192,1.98999566819,3.32749377691
0.00374856,-0.00999959069056,1.98999382511,3.32749981497
0.00375056,-0.00999993809791,1.98999356109,3.32750067992
0.00375256,-0.0099987063991,1.98999487617,3.32749637163
0.00375456,-0.00999589578865,1.98999777015,3.32748689077
0.00375656,-0.00999150671038,1.99000224256,3.32747223879
0.00375856,-0.00998553985737,1.9900082927,3.32745241794
0.00376056,-0.00997799617187,1.99001591962,3.32742743127
0.00376256,-0.0099688768451,1.99002512211,3.32739728262
0.00376456,-0.00995818331711,1.99003589871,3.32736197663
0.00376656,-0.00994591727654,1.99004824774,3.32732151873
0.00376856,-0.00993208066033,1.99006216723,3.32727591512
0.00377056,-0.00991667565345,1.99007765498,3.32722517283
0.00377256,-0.00989970468853,1.99009470856,3.32716929965
0.00377456,-0.00988117044547,1.99011332527,3.32710830418
0.00377656,-0.00986107585106,1.99013350217,3.32704219579
0.00377856,-0.00983942407846,1.99015523608,3.32697098465
0.00378056,-0.00981621854673,1.99017852355,3.32689468171
0.00378256,-0.0097914629203,1.99020336092,3.3268132987
0.00378456,-0.00976516110837,1.99022974426,3.32672684814
0.00378656,-0.00973731726429,1.99025766941,3.32663534333
0.00378856,-0.00970793578495,1.99028713195,3.32653879833
0.00379056,-0.00967702131,1.99031812723,3.32643722801
0.00379256,-0.00964457872122,1.99035065037,3.32633064798
0.00379456,-0.00961061314164,1.99038469622,3.32621907465
0.00379656,-0.00957512993485,1.99042025941,3.32610252518
0.00379856,-0.00953813470403,1.99045733431,3.32598101751
0.00380056,-0.00949963329118,1.99049591509,3.32585457033
0.00380256,-0.00945963177611,1.99053599564,3.32572320312
0.00380456,-0.00941813647552,1.99057756963,3.32558693608
0.00380656,-0.009375153942,1.9906206305,3.32544579021
0.00380856,-0.009330690963,1.99066517146,3.32529978722
0.00381056,-0.00928475455973,1.99071118546,3.32514894961
0.00381256,-0.00923735198608,1.99075866524,3.3249933006
0.00381456,-0.00918849072747,1.99080760331,3.32483286416
0.00381656,-0.00913817849965,1.99085799193,3.32466766502
0.00381856,-0.00908642324752,1.99090982315,3.32449772862
0.00382056,-0.00903323314383,1.99096308878,3.32432308114
0.00382256,-0.0089786165879,1.99101778042,3.32414374951
0.00382456,-0.00892258220434,1.99107388942,3.32395976136
0.00382656,-0.0088651388416,1.99113140693,3.32377114506
0.00382856,-0.00880629557068,1.99119032386,3.32357792969
0.00383056,-0.0087460616836,1.99125063091,3.32338014504
0.00383256,-0.00868444669199,1.99131231855,3.32317782161
0.00383456,-0.00862146032558,1.99137537706,3.32297099062
0.00383656,-0.00855711253064,1.99143979645,3.32275968398
0.00383856,-0.00849141346843,1.99150556658,3.3225439343
0.00384056,-0.00842437351361,1.99157267704,3.32232377487
0.00384256,-0.00835600325254,1.99164111724,3.32209923967
0.00384456,-0.00828631348169,1.99171087638,3.32187036339
0.00384656,-0.00821531520589,1.99178194344,3.32163718135
0.00384856,-0.00814301963659,1.99185430719,3.32139972958
0.00385056,-0.00806943819008,1.99192795621,3.32115804475
0.00385256,-0.00799458248574,1.99200287887,3.32091216422
0.00385456,-0.00791846434415,1.99207906333,3.32066212598
0.00385656,-0.00784109578525,1.99215649758,3.32040796869
0.00385856,-0.00776248902642,1.99223516937,3.32014973164
0.00386056,-0.0076826564806,1.99231506629,3.31988745476
0.00386256,-0.00760161075425,1.99239617572,3.31962117862
0.00386456,-0.00751936464544,1.99247848485,3.31935094443
0.00386656,-0.00743593114179,1.99256198069,3.31907679399
0.00386856,-0.00735132341842,1.99264665004,3.31879876975
0.00387056,-0.00726555483585,1.99273247954,3.31851691474
0.00387256,-0.00717863893796,1.99281945564,3.31823127262
0.00387456,-0.00709058944975,1.9929075646,3.31794188762
0.00387656,-0.00700142027528,1.99299679251,3.31764880458
0.00387856,-0.00691114549538,1.99308712527,3.31735206892
0.00388056,-0.00681977936549,1.99317854863,3.31705172663
0.00388256,-0.00672733631338,1.99327104814,3.31674782428
0.00388456,-0.00663383093688,1.9933646092,3.316440409
0.00388656,-0.00653927800158,1.99345921704,3.31612952848
0.00388856,-0.00644369243847,1.99355485671,3.31581523094
0.00389056,-0.00634708934163,1.99365151311,3.31549756518
0.00389256,-0.00624948396581,1.99374917098,3.3151765805
0.00389456,-0.00615089172402,1.99384781491,3.31485232675
0.00389656,-0.00605132818512,1.9939474293,3.31452485429
0.00389856,-0.00595080907135,1.99404799843,3.31419421401
0.00390056,-0.00584935025585,1.99414950642,3.31386045728
0.00390256,-0.00574696776014,1.99425193725,3.31352363598
0.00390456,-0.00564367775159,1.99435527472,3.3131838025
0.00390656,-0.0055394965409,1.99445950254,3.31284100969
0.00390856,-0.0054344405795,1.99456460423,3.31249531088
0.00391056,-0.00532852645693,1.99467056321,3.31214675986
0.00391256,-0.00522177089826,1.99477736274,3.31179541091
0.00391456,-0.00511419076143,1.99488498595,3.31144131872
0.00391656,-0.0050058030346,1.99499341585,3.31108453845
0.00391856,-0.00489662483343,1.99510263531,3.31072512569
0.00392056,-0.00478667339845,1.9952126271,3.31036313646
0.00392256,-0.00467596609224,1.99532337384,3.30999862718
0.00392456,-0.00456452039679,1.99543485804,3.30963165471
0.00392656,-0.00445235391064,1.99554706211,3.30926227627
0.00392856,-0.00433948434621,1.99565996831,3.30889054952
0.00393056,-0.00422592952689,1.99577355882,3.30851653246
0.00393256,-0.00411170738431,1.99588781571,3.30814028351
0.00393456,-0.00399683595547,1.99600272093,3.30776186141
0.00393656,-0.00388133337989,1.99611825633,3.30738132529
0.00393856,-0.00376521789679,1.99623440368,3.30699873462
0.00394056,-0.00364850784213,1.99635114463,3.3066141492
0.00394256,-0.00353122164579,1.99646846074,3.30622762918
0.00394456,-0.00341337782861,1.9965863335,3.30583923501
0.00394656,-0.00329499499951,1.99670474428,3.30544902748
0.00394856,-0.00317609185249,1.99682367439,3.30505706764
0.00395056,-0.00305668716376,1.99694310505,3.30466341688
0.00395256,-0.00293679978869,1.9970630174,3.30426813685
0.00395456,-0.00281644865889,1.9971833925,3.30387128947
0.00395656,-0.00269565277919,1.99730421135,3.30347293694
0.00395856,-0.00257443122468,1.99742545487,3.30307314171
0.00396056,-0.00245280313763,1.9975471039,3.30267196648
0.00396256,-0.00233078772453,1.99766913925,3.30226947418
0.00396456,-0.00220840425302,1.99779154163,3.30186572798
0.00396656,-0.00208567204889,1.99791429173,3.30146079124
0.00396856,-0.00196261049296,1.99803737015,3.30105472756
0.00397056,-0.00183923901809,1.99816075747,3.30064760071
0.00397256,-0.00171557710605,1.99828443419,3.30023947468
0.00397456,-0.0015916442845,1.99840838079,3.29983041361
0.00397656,-0.00146746012386,1.9985325777,3.29942048181
0.00397856,-0.00134304423426,1.9986570053,3.29900974377
0.00398056,-0.00121841626241,1.99878164394,3.2985982641
0.00398256,-0.00109359588851,1.99890647395,3.29818610757
0.00398456,-0.000968602823132,1.99903147561,3.29777333907
0.00398656,-0.000843456804145,1.99915662918,3.2973600236
0.00398856,-0.00071817759355,1.99928191489,3.29694622628
0.00399056,-0.000592784974388,1.99940731297,3.29653201233
0.00399256,-0.000467298747607,1.99953280362,3.29611744704
0.00399456,-0.000341738728937,1.99965836701,3.29570259578
0.00399656,-0.000216124745759,1.99978398331,3.29528752401
0.00399856,-9.04766339792e-05,1.9999096327,3.29487229723
0.00400056,3.51857651102e-05,2.00003529533,3.29445698097
0.00400256,0.00016084260796,2.00016095135,3.29404164082
0.00400456,0.000286474051896,2.00028658093,3.29362634239
0.00400656,0.00041206025826,2.00041216423,3.29321115131
0.00400856,0.000537581395531,2.00053768141,3.29279613318
0.00401056,0.000663017642469,2.00066311265,3.29238135365
0.00401256,0.000788349191235,2.00078843815,3.29196687832
0.00401456,0.000913556250524,2.00091363812,3.29155277275
0.00401656,0.00103861904869,2.00103869278,3.2911391025
0.00401856,0.00116351783687,2.0011635824,3.29072593306
0.00402056,0.0012882328921,2.00128828723,3.29031332986
0.00402256,0.00141274452041,2.00141278761,3.28990135827
0.00402456,0.00153703306,2.00153706386,3.28949008358
0.00402656,0.00166107888424,2.00166109636,3.289079571
0.00402856,0.00178486240487,2.00178486552,3.28866988561
0.00403056,0.00190836407504,2.0019083518,3.28826109242
0.00403256,0.00203156439239,2.0020315357,3.28785325628
0.00403456,0.00215444390218,2.00215439777,3.28744644194
0.00403656,0.0022769832003,2.0022769186,3.28704071399
0.00403856,0.00239916293638,2.00239907886,3.28663613688
0.00404056,0.00252096381682,2.00252085924,3.28623277489
0.00404256,0.00264236660785,2.00264224052,3.28583069212
0.00404456,0.00276335213856,2.00276320352,3.28542995251
0.00404656,0.00288390130393,2.00288372916,3.28503061979
0.00404856,0.00300399506786,2.00300379839,3.28463275748
0.00405056,0.00312361446614,2.00312339226,3.28423642891
0.00405256,0.00324274060949,2.00324249188,3.28384169715
0.00405456,0.0033613546865,2.00336107844,3.28344862506
0.00405656,0.00347943796664,2.00347913322,3.28305727526
0.00405856,0.0035969718032,2.00359663757,3.2826677101
0.00406056,0.0037139376362,2.00371357295,3.28227999166
0.00406256,0.00383031699541,2.00382992088,3.28189418177
0.00406456,0.00394609150315,2.00394566299,3.28151034194
0.00406656,0.0040612428773,2.004060781,3.28112853342
0.00406856,0.00417575293413,2.00417525674,3.28074881712
0.00407056,0.00428960359115,2.00428907213,3.28037125366
0.00407256,0.00440277687005,2.00440220919,3.27999590332
0.00407456,0.00451525489944,2.00451465007,3.27962282604
0.00407656,0.00462701991773,2.004626377,3.27925208144
0.00407856,0.00473805427595,2.00473737234,3.27888372875
0.00408056,0.00484834044046,2.00484761857,3.27851782686
0.00408256,0.00495786099582,2.00495709827,3.27815443427
0.00408456,0.00506659864746,2.00506579416,3.27779360911
0.00408656,0.00517453622443,2.00517368907,3.27743540909
0.00408856,0.00528165668215,2.00528076597,3.27707989156
0.00409056,0.00538794310505,2.00538700795,3.2767271134
0.00409256,0.00549337870928,2.00549239822,3.27637713111
0.00409456,0.00559794684533,2.00559692015,3.27603000074
0.00409656,0.00570163100067,2.00570055723,3.2756857779
0.00409856,0.00580441480239,2.0058032931,3.27534451776
0.00410056,0.00590628201972,2.00590511153,3.27500627501
0.00410256,0.00600721656665,2.00600599645,3.27467110388
0.00410456,0.00610720250445,2.00610593192,3.27433905812
0.00410656,0.00620622404418,2.00620490217,3.274010191
0.00410856,0.00630426554919,2.00630289156,3.27368455528
0.00411056,0.00640131153758,2.00639988462,3.27336220323
0.00411256,0.00649734668468,2.00649586603,3.27304318659
0.00411456,0.00659235582541,2.00659082064,3.27272755659
0.00411656,0.00668632395674,2.00668473346,3.27241536393
0.00411856,0.00677923624001,2.00677758965,3.27210665875
0.00412056,0.00687107800328,2.00686937455,3.27180149066
0.00412256,0.00696183474369,2.00696007367,3.27149990871
0.00412456,0.00705149212969,2.00704967268,3.27120196138
0.00412656,0.00714003600334,2.00713815744,3.27090769658
0.00412856,0.00722745238253,2.00722551397,3.27061716164
0.00413056,0.00731372746321,2.00731172848,3.27033040329
0.00413256,0.00739884762153,2.00739678735,3.27004746769
0.00413456,0.00748279941605,2.00748067716,3.26976840035
0.00413656,0.0075655695898,2.00756338465,3.26949324621
0.00413856,0.0076471450724,2.00764489676,3.26922204957
0.00414056,0.00772751298215,2.00772520063,3.2689548541
0.00414256,0.00780666062802,2.00780428357,3.26869170284
0.00414456,0.00788457551168,2.00788213309,3.26843263818
0.00414656,0.00796124532947,2.00795873691,3.26817770188
0.00414856,0.00803665797433,2.00803408291,3.26792693501
0.00415056,0.00811080153773,2.00810815922,3.26768037801
0.00415256,0.00818366431154,2.00818095412,3.26743807062
0.00415456,0.00825523478989,2.00825245613,3.26720005192
0.00415656,0.00832550167097,2.00832265395,3.2669663603
0.00415856,0.00839445385882,2.00839153649,3.26673703346
0.00416056,0.0084620804651,2.00845909289,3.2665121084
0.00416256,0.00852837081078,2.00852531246,3.26629162142
0.00416456,0.00859331442784,2.00859018477,3.2660756081
0.00416656,0.00865690106094,2.00865369955,3.26586410332
0.00416856,0.008719120669,2.00871584678,3.26565714122
0.00417056,0.00877996342684,2.00877661666,3.26545475522
0.00417256,0.00883941972667,2.00883599957,3.26525697801
0.00417456,0.00889748017965,2.00889398615,3.26506384154
0.00417656,0.00895413561738,2.00895056723,3.264875377
0.00417856,0.00900937709329,2.00900573389,3.26469161486
0.00418056,0.00906319588411,2.00905947741,3.2645125848
0.00418256,0.00911558349124,2.00911178931,3.26433831575
0.00418456,0.00916653164207,2.00916266131,3.2641688359
0.00418656,0.00921603229129,2.0092120854,3.26400417264
0.00418856,0.00926407762218,2.00926005376,3.26384435259
0.00419056,0.00931066004781,2.00930655883,3.26368940159
0.00419256,0.00935577221229,2.00935159325,3.2635393447
0.00419456,0.00939940699189,2.00939514992,3.2633942062
0.00419656,0.00944155749616,2.00943722195,3.26325400956
0.00419856,0.00948221706905,2.00947780272,3.26311877745
0.00420056,0.00952137928994,2.00951688579,3.26298853177
0.00420256,0.00955903797467,2.00955446501,3.26286329359
0.00420456,0.00959518717649,2.00959053444,3.26274308317
0.00420656,0.00962982118702,2.00962508839,3.26262791996
0.00420856,0.00966293453716,2.00965812139,3.26251782261
0.00421056,0.00969452199792,2.00968962824,3.26241280894
0.00421256,0.00972457858127,2.00971960395,3.26231289594
0.00421456,0.00975309954093,2.00974804379,3.2622180998
0.00421656,0.00978008037311,2.00977494328,3.26212843585
0.00421856,0.00980551681723,2.00980029816,3.26204391862
0.00422056,0.00982940485657,2.00982410443,3.2619645618
0.00422256,0.00985174071894,2.00984635833,3.26189037823
0.00422456,0.00987252087724,2.00986705635,3.26182137992
0.00422656,0.00989174205006,2.00988619522,3.26175757806
0.00422856,0.00990940120213,2.00990377191,3.26169898298
0.00423056,0.00992549554488,2.00991978366,3.26164560416
0.00423256,0.00994002253683,2.00993422793,3.26159745025
0.00423456,0.00995297988399,2.00994710243,3.26155452905
0.00423656,0.00996436554024,2.00995840515,3.26151684752
0.00423856,0.00997417770767,2.00996813429,3.26148441176
0.00424056,0.00998241483681,2.00997628832,3.26145722702
0.00424256,0.00998907562693,2.00998286594,3.2614352977
0.00424456,0.00999415902621,2.00998786613,3.26141862737
0.00424656,0.00999766423192,2.00999128809,3.26140721872
0.00424856,0.00999959069056,2.00999313128,3.26140107359
0.00425056,0.00999993809791,2.00999339541,3.26140019299
0.00425256,0.0099987063991,2.00999208044,3.26140457706
0.00425456,0.00999589578865,2.00998918658,3.26141422508
0.00425656,0.00999150671038,2.00998471427,3.2614291355
0.00425856,0.00998553985737,2.00997866424,3.26144930589
0.00426056,0.00997799617187,2.00997103743,3.261474733
0.00426256,0.0099688768451,2.00996183505,3.26150541269
0.00426456,0.00995818331711,2.00995105855,3.26154134
0.00426656,0.00994591727654,2.00993870964,3.26158250912
0.00426856,0.00993208066033,2.00992479026,3.26162891337
0.00427056,0.00991667565345,2.00990930261,3.26168054523
0.00427256,0.00989970468853,2.00989224913,3.26173739635
0.00427456,0.00988117044547,2.00987363253,3.2617994575
0.00427656,0.00986107585106,2.00985345574,3.26186671865
0.00427856,0.00983942407845,2.00983172195,3.2619391689
0.00428056,0.00981621854673,2.00980843458,3.26201679651
0.00428256,0.0097914629203,2.00978359732,3.26209958892
0.00428456,0.00976516110837,2.00975721409,3.26218753271
0.00428656,0.00973731726429,2.00972928905,3.26228061366
0.00428856,0.00970793578495,2.00969982662,3.26237881668
0.00429056,0.00967702131,2.00966883144,3.26248212587
0.00429256,0.00964457872121,2.00963630842,3.26259052453
0.00429456,0.00961061314164,2.00960226267,3.26270399509
0.00429656,0.00957512993485,2.0095666996,3.26282251919
0.00429856,0.00953813470403,2.0095296248,3.26294607765
0.00430056,0.00949963329118,2.00949104413,3.26307465047
0.00430256,0.00945963177611,2.00945096369,3.26320821686
0.00430456,0.00941813647552,2.00940938981,3.26334675519
0.00430656,0.009375153942,2.00936632904,3.26349024306
0.00430856,0.009330690963,2.0093217882,3.26363865725
0.00431056,0.00928475455973,2.0092757743,3.26379197376
0.00431256,0.00923735198608,2.00922829463,3.26395016779
0.00431456,0.00918849072747,2.00917935667,3.26411321377
0.00431656,0.00913817849965,2.00912896816,3.26428108532
0.00431856,0.00908642324752,2.00907713705,3.26445375531
0.00432056,0.00903323314383,2.00902387152,3.26463119583
0.00432256,0.0089786165879,2.00896918,3.2648133782
0.00432456,0.00892258220433,2.0089130711,3.26500027297
0.00432656,0.0088651388416,2.0088555537,3.26519184995
0.00432856,0.00880629557068,2.00879663688,3.26538807818
0.00433056,0.0087460616836,2.00873632994,3.26558892597
0.00433256,0.00868444669199,2.0086746424,3.26579436088
0.00433456,0.00862146032558,2.00861158401,3.26600434972
0.00433656,0.00855711253064,2.00854716472,3.26621885861
0.00433856,0.00849141346843,2.00848139471,3.2664378529
0.00434056,0.0084243735136,2.00841428435,3.26666129726
0.00434256,0.00835600325254,2.00834584426,3.26688915561
0.00434456,0.00828631348169,2.00827608523,3.26712139119
0.00434656,0.00821531520589,2.00820501828,3.26735796654
0.00434856,0.00814301963658,2.00813265464,3.26759884349
0.00435056,0.00806943819008,2.00805900573,3.26784398321
0.00435256,0.00799458248574,2.00798408318,3.26809334615
0.00435456,0.00791846434415,2.00790789882,3.26834689213
0.00435656,0.00784109578525,2.00783046468,3.26860458028
0.00435856,0.00776248902642,2.007751793,3.26886636907
0.00436056,0.00768265648059,2.00767189619,3.26913221632
0.00436256,0.00760161075425,2.00759078687,3.2694020792
0.00436456,0.00751936464544,2.00750847785,3.26967591426
0.00436656,0.00743593114179,2.00742498212,3.26995367741
0.00436856,0.00735132341841,2.00734031287,3.27023532391
0.00437056,0.00726555483585,2.00725448348,3.27052080846
0.00437256,0.00717863893795,2.00716750749,3.2708100851
0.00437456,0.00709058944975,2.00707939864,3.27110310729
0.00437656,0.00700142027528,2.00699017084,3.27139982792
0.00437856,0.00691114549538,2.00689983819,3.27170019924
0.00438056,0.00681977936549,2.00680841494,3.27200417299
0.00438256,0.00672733631338,2.00671591554,3.27231170029
0.00438456,0.00663383093688,2.00662235458,3.27262273174
0.00438656,0.00653927800158,2.00652774686,3.27293721735
0.00438856,0.00644369243847,2.00643210729,3.27325510661
0.00439056,0.00634708934163,2.006335451,3.27357634848
0.00439256,0.0062494839658,2.00623779323,3.27390089138
0.00439456,0.00615089172401,2.00613914942,3.27422868322
0.00439656,0.00605132818512,2.00603953514,3.2745596714
0.00439856,0.00595080907135,2.00593896611,3.27489380282
0.00440056,0.00584935025585,2.00583745823,3.2752310239
0.00440256,0.00574696776013,2.00573502752,3.27557128056
0.00440456,0.00564367775159,2.00563169015,3.27591451825
0.00440656,0.0055394965409,2.00552746244,3.27626068198
0.00440856,0.00543444057949,2.00542236085,3.27660971628
0.00441056,0.00532852645692,2.00531640199,3.27696156524
0.00441256,0.00522177089825,2.00520960257,3.27731617253
0.00441456,0.00511419076143,2.00510197947,3.27767348137
0.00441656,0.00500580303459,2.00499354968,3.27803343457
0.00441856,0.00489662483343,2.00488433032,3.27839597456
0.00442056,0.00478667339844,2.00477433864,3.27876104332
0.00442256,0.00467596609224,2.00466359201,3.2791285825
0.00442456,0.00456452039678,2.00455210791,3.27949853333
0.00442656,0.00445235391064,2.00443990396,3.27987083668
0.00442856,0.0043394843462,2.00432699787,3.28024543307
0.00443056,0.00422592952688,2.00421340746,3.28062226267
0.00443256,0.0041117073843,2.00409915068,3.28100126531
0.00443456,0.00399683595546,2.00398424557,3.28138238048
0.00443656,0.00388133337989,2.00386871028,3.28176554736
0.00443856,0.00376521789678,2.00375256304,3.28215070483
0.00444056,0.00364850784212,2.0036358222,3.28253779145
0.00444256,0.00353122164578,2.00351850619,3.28292674549
0.00444456,0.00341337782861,2.00340063355,3.28331750498
0.00444656,0.0032949949995,2.00328222287,3.28371000763
0.00444856,0.00317609185249,2.00316329287,3.28410419093
0.00445056,0.00305668716376,2.00304386232,3.28449999209
0.00445256,0.00293679978869,2.00292395008,3.28489734811
0.00445456,0.00281644865889,2.00280357508,3.28529619574
0.00445656,0.00269565277919,2.00268275634,3.28569647153
0.00445856,0.00257443122467,2.00256151294,3.28609811182
0.00446056,0.00245280313762,2.00243986401,3.28650105273
0.00446256,0.00233078772452,2.00231782877,3.28690523023
0.00446456,0.00220840425302,2.0021954265,3.28731058008
0.00446656,0.00208567204889,2.00207267651,3.28771703789
0.00446856,0.00196261049296,2.00194959819,3.28812453912
0.00447056,0.00183923901808,2.00182621099,3.28853301908
0.00447256,0.00171557710604,2.00170253437,3.28894241294
0.00447456,0.00159164428449,2.00157858788,3.28935265574
0.00447656,0.00146746012386,2.00145439108,3.28976368244
0.00447856,0.00134304423426,2.00132996359,3.29017542785
0.00448056,0.00121841626241,2.00120532505,3.29058782671
0.00448256,0.0010935958885,2.00108049515,3.2910008137
0.00448456,0.000968602823128,2.00095549361,3.29141432338
0.00448656,0.000843456804141,2.00083034015,3.29182829029
0.00448856,0.000718177593546,2.00070505454,3.2922426489
0.00449056,0.000592784974384,2.00057965657,3.29265733363
0.00449256,0.000467298747603,2.00045416603,3.2930722789
0.00449456,0.000341738728933,2.00032860275,3.29348741909
0.00449656,0.000216124745755,2.00020298655,3.29390268857
0.00449856,9.04766339751e-05,2.00007733727,3.29431802171
0.00450056,-3.51857651144e-05,1.99995167475,3.29473335291
0.00450256,-0.000160842607964,1.99982601884,3.29514861656
0.00450456,-0.000286474051901,1.99970038937,3.29556374712
0.00450656,-0.000412060258264,1.99957480618,3.29597867906
0.00450856,-0.000537581395535,1.99944928911,3.29639334692
0.00451056,-0.000663017642473,1.99932385797,3.2968076853
0.00451256,-0.000788349191239,1.99919853258,3.29722162887
0.00451456,-0.000913556250528,1.99907333272,3.2976351124
0.00451656,-0.0010386190487,1.99894827817,3.29804807072
0.00451856,-0.00116351783688,1.99882338866,3.29846043881
0.00452056,-0.0012882328921,1.99869868393,3.29887215172
0.00452256,-0.00141274452042,1.99857418367,3.29928314465
0.00452456,-0.00153703306,1.99844990753,3.29969335293
0.00452656,-0.00166107888424,1.99832587514,3.30010271204
0.00452856,-0.00178486240487,1.99820210609,3.3005111576
0.00453056,-0.00190836407504,1.99807861991,3.30091862541
0.00453256,-0.0020315643924,1.99795543612,3.30132505143
0.00453456,-0.00215444390219,1.99783257416,3.30173037182
0.00453656,-0.00227698320031,1.99771005343,3.30213452292
0.00453856,-0.00239916293639,1.99758789329,3.30253744129
0.00454056,-0.00252096381683,1.99746611302,3.30293906369
0.00454256,-0.00264236660785,1.99734473185,3.3033393271
0.00454456,-0.00276335213856,1.99722376895,3.30373816877
0.00454656,-0.00288390130394,1.99710324342,3.30413552614
0.00454856,-0.00300399506786,1.9969831743,3.30453133694
0.00455056,-0.00312361446614,1.99686358054,3.30492553914
0.00455256,-0.00324274060949,1.99674448103,3.30531807102
0.00455456,-0.0033613546865,1.99662589457,3.30570887108
0.00455656,-0.00347943796665,1.9965078399,3.30609787818
0.00455856,-0.0035969718032,1.99639033566,3.30648503141
0.00456056,-0.00371393763621,1.99627340039,3.30687027023
0.00456256,-0.00383031699541,1.99615705257,3.30725353438
0.00456456,-0.00394609150315,1.99604131057,3.30763476395
0.00456656,-0.00406124287731,1.99592619267,3.30801389934
0.00456856,-0.00417575293413,1.99581171703,3.30839088133
0.00457056,-0.00428960359116,1.99569790175,3.30876565103
0.00457256,-0.00440277687005,1.9955847648,3.30913814992
0.00457456,-0.00451525489944,1.99547232403,3.30950831985
0.00457656,-0.00462701991774,1.99536059721,3.30987610306
0.00457856,-0.00473805427595,1.99524960197,3.31024144217
0.00458056,-0.00484834044047,1.99513935585,3.31060428021
0.00458256,-0.00495786099583,1.99502987626,3.31096456059
0.00458456,-0.00506659864746,1.99492118048,3.31132222717
0.00458656,-0.00517453622444,1.99481328568,3.31167722422
0.00458856,-0.00528165668215,1.99470620889,3.31202949644
0.00459056,-0.00538794310506,1.99459996702,3.31237898895
0.00459256,-0.00549337870928,1.99449457686,3.31272564737
0.00459456,-0.00559794684533,1.99439005504,3.31306941773
0.00459656,-0.00570163100068,1.99428641806,3.31341024654
0.00459856,-0.00580441480239,1.9941836823,3.31374808078
0.00460056,-0.00590628201972,1.99408186398,3.31408286793
0.00460256,-0.00600721656666,1.99398097917,3.31441455593
0.00460456,-0.00610720250446,1.99388104381,3.31474309323
0.00460656,-0.00620622404418,1.99378207367,3.31506842878
0.00460856,-0.00630426554919,1.99368408439,3.31539051205
0.00461056,-0.00640131153759,1.99358709144,3.31570929302
0.00461256,-0.00649734668468,1.99349111013,3.31602472219
0.00461456,-0.00659235582542,1.99339615563,3.31633675061
0.00461656,-0.00668632395675,1.99330224292,3.31664532985
0.00461856,-0.00677923624001,1.99320938684,3.31695041205
0.00462056,-0.00687107800329,1.99311760204,3.31725194989
0.00462256,-0.0069618347437,1.99302690303,3.31754989662
0.00462456,-0.00705149212969,1.99293730413,3.31784420604
0.00462656,-0.00714003600334,1.99284881948,3.31813483255
0.00462856,-0.00722745238253,1.99276146306,3.31842173111
0.00463056,-0.00731372746321,1.99267524866,3.31870485729
0.00463256,-0.00739884762154,1.9925901899,3.31898416723
0.00463456,-0.00748279941605,1.9925063002,3.3192596177
0.00463656,-0.0075655695898,1.99242359282,3.31953116604
0.00463856,-0.00764714507241,1.99234208081,3.31979877025
0.00464056,-0.00772751298216,1.99226177705,3.32006238891
0.00464256,-0.00780666062803,1.99218269422,3.32032198124
0.00464456,-0.00788457551169,1.99210484481,3.3205775071
0.00464656,-0.00796124532947,1.9920282411,3.32082892697
0.00464856,-0.00803665797433,1.9919528952,3.32107620199
0.00465056,-0.00811080153773,1.991878819,3.32131929394
0.00465256,-0.00818366431154,1.99180602421,3.32155816526
0.00465456,-0.00825523478989,1.99173452231,3.32179277904
0.00465656,-0.00832550167097,1.9916643246,3.32202309904
0.00465856,-0.00839445385883,1.99159544217,3.32224908969
0.00466056,-0.0084620804651,1.99152788588,3.32247071609
0.00466256,-0.00852837081078,1.99146166641,3.32268794404
0.00466456,-0.00859331442784,1.99139679422,3.32290074001
0.00466656,-0.00865690106094,1.99133327954,3.32310907115
0.00466856,-0.008719120669,1.99127113242,3.32331290532
0.00467056,-0.00877996342684,1.99121036265,3.32351221108
0.00467256,-0.00883941972667,1.99115097985,3.32370695769
0.00467456,-0.00889748017966,1.99109299338,3.32389711511
0.00467656,-0.00895413561738,1.9910364124,3.32408265402
0.00467856,-0.00900937709329,1.99098124585,3.32426354583
0.00468056,-0.00906319588411,1.99092750244,3.32443976264
0.00468256,-0.00911558349125,1.99087519065,3.32461127729
0.00468456,-0.00916653164207,1.99082431876,3.32477806337
0.00468656,-0.00921603229129,1.99077489478,3.32494009517
0.00468856,-0.00926407762218,1.99072692652,3.32509734773
0.00469056,-0.00931066004781,1.99068042157,3.32524979682
0.00469256,-0.0093557722123,1.99063538725,3.32539741898
0.00469456,-0.00939940699189,1.99059183069,3.32554019146
0.00469656,-0.00944155749616,1.99054975876,3.32567809228
0.00469856,-0.00948221706905,1.99050917811,3.32581110022
0.00470056,-0.00952137928994,1.99047009514,3.3259391948
0.00470256,-0.00955903797467,1.99043251603,3.32606235629
0.00470456,-0.00959518717649,1.99039644671,3.32618056576
0.00470656,-0.00962982118702,1.99036189287,3.326293805
0.00470856,-0.00966293453716,1.99032885998,3.32640205658
0.00471056,-0.00969452199792,1.99029735324,3.32650530387
0.00471256,-0.00972457858127,1.99026737764,3.32660353097
0.00471456,-0.00975309954093,1.9902389379,3.32669672276
0.00471656,-0.00978008037311,1.99021203852,3.32678486493
0.00471856,-0.00980551681723,1.99018668375,3.3268679439
0.00472056,-0.00982940485657,1.99016287759,3.3269459469
0.00472256,-0.00985174071894,1.9901406238,3.32701886194
0.00472456,-0.00987252087725,1.99011992589,3.32708667781
0.00472656,-0.00989174205006,1.99010078713,3.32714938406
0.00472856,-0.00990940120213,1.99008321054,3.32720697108
0.00473056,-0.00992549554488,1.99006719891,3.32725942999
0.00473256,-0.00994002253683,1.99005275475,3.32730675274
0.00473456,-0.00995297988399,1.99003988035,3.32734893204
0.00473656,-0.00996436554024,1.99002857774,3.32738596142
0.00473856,-0.00997417770767,1.99001884871,3.32741783519
0.00474056,-0.00998241483681,1.99001069479,3.32744454843
0.00474256,-0.00998907562693,1.99000411727,3.32746609706
0.00474456,-0.00999415902621,1.98999911719,3.32748247774
0.00474656,-0.00999766423192,1.98999569534,3.32749368798
0.00474856,-0.00999959069056,1.98999385226,3.32749972603
0.00475056,-0.00999993809791,1.98999358824,3.32750059099
0.00475256,-0.0099987063991,1.98999490332,3.3274962827
0.00475456,-0.00999589578865,1.98999779729,3.32748680184
0.00475656,-0.00999150671038,1.9900022697,3.32747214986
0.00475856,-0.00998553985737,1.99000831984,3.32745232901
0.00476056,-0.00997799617187,1.99001594676,3.32742734234
0.00476256,-0.00996887684509,1.99002514925,3.3273971937
0.00476456,-0.00995818331711,1.99003592586,3.32736188771
0.00476656,-0.00994591727654,1.99004827488,3.3273214298
0.00476856,-0.00993208066033,1.99006219437,3.32727582619
0.00477056,-0.00991667565345,1.99007768213,3.3272250839
0.00477256,-0.00989970468853,1.99009473571,3.32716921072
0.00477456,-0.00988117044547,1.99011335242,3.32710821525
0.00477656,-0.00986107585106,1.99013352932,3.32704210686
0.00477856,-0.00983942407845,1.99015526322,3.32697089572
0.00478056,-0.00981621854673,1.99017855069,3.32689459278
0.00478256,-0.0097914629203,1.99020338806,3.32681320977
0.00478456,-0.00976516110836,1.9902297714,3.32672675921
0.00478656,-0.00973731726429,1.99025769655,3.32663525439
0.00478856,-0.00970793578495,1.99028715909,3.32653870939
0.00479056,-0.00967702131,1.99031815438,3.32643713907
0.00479256,-0.00964457872121,1.99035067751,3.32633055904
0.00479456,-0.00961061314164,1.99038472336,3.32621898571
0.00479656,-0.00957512993484,1.99042028655,3.32610243624
0.00479856,-0.00953813470403,1.99045736145,3.32598092856
0.00480056,-0.00949963329118,1.99049594223,3.32585448138
0.00480256,-0.00945963177611,1.99053602278,3.32572311417
0.00480456,-0.00941813647552,1.99057759677,3.32558684713
0.00480656,-0.009375153942,1.99062065764,3.32544570125
0.00480856,-0.009330690963,1.9906651986,3.32529969826
0.00481056,-0.00928475455973,1.9907112126,3.32514886064
0.00481256,-0.00923735198608,1.99075869238,3.32499321163
0.00481456,-0.00918849072747,1.99080763045,3.32483277519
0.00481656,-0.00913817849965,1.99085801907,3.32466757604
0.00481856,-0.00908642324752,1.99090985029,3.32449763964
0.00482056,-0.00903323314383,1.99096311592,3.32432299216
0.00482256,-0.0089786165879,1.99101780756,3.32414366053
0.00482456,-0.00892258220433,1.99107391656,3.32395967237
0.00482656,-0.0088651388416,1.99113143406,3.32377105607
0.00482856,-0.00880629557068,1.991190351,3.32357784069
0.00483056,-0.0087460616836,1.99125065804,3.32338005604
0.00483256,-0.00868444669199,1.99131234569,3.32317773261
0.00483456,-0.00862146032558,1.99137540419,3.32297090162
0.00483656,-0.00855711253064,1.99143982359,3.32275959497
0.00483856,-0.00849141346843,1.99150559371,3.32254384528
0.00484056,-0.0084243735136,1.99157270417,3.32232368585
0.00484256,-0.00835600325254,1.99164114438,3.32209915065
0.00484456,-0.00828631348169,1.99171090351,3.32187027436
0.00484656,-0.00821531520589,1.99178197057,3.32163709231
0.00484856,-0.00814301963658,1.99185433432,3.32139964054
0.00485056,-0.00806943819008,1.99192798334,3.32115795571
0.00485256,-0.00799458248574,1.992002906,3.32091207517
0.00485456,-0.00791846434415,1.99207909047,3.32066203693
0.00485656,-0.00784109578524,1.99215652471,3.32040787963
0.00485856,-0.00776248902642,1.9922351965,3.32014964257
0.00486056,-0.00768265648059,1.99231509342,3.31988736569
0.00486256,-0.00760161075424,1.99239620285,3.31962108955
0.00486456,-0.00751936464544,1.99247851198,3.31935085535
0.00486656,-0.00743593114179,1.99256200782,3.3190767049
0.00486856,-0.00735132341841,1.99264667717,3.31879868065
0.00487056,-0.00726555483585,1.99273250668,3.31851682564
0.00487256,-0.00717863893795,1.99281948277,3.31823118351
0.00487456,-0.00709058944975,1.99290759173,3.31794179851
0.00487656,-0.00700142027527,1.99299681964,3.31764871546
0.00487856,-0.00691114549537,1.9930871524,3.31735197979
0.00488056,-0.00681977936548,1.99317857576,3.3170516375
0.00488256,-0.00672733631338,1.99327107527,3.31674773514
0.00488456,-0.00663383093688,1.99336463633,3.31644031986
0.00488656,-0.00653927800157,1.99345924417,3.31612943932
0.00488856,-0.00644369243847,1.99355488384,3.31581514178
0.00489056,-0.00634708934163,1.99365154024,3.31549747601
0.00489256,-0.0062494839658,1.99374919811,3.31517649133
0.00489456,-0.00615089172401,1.99384784203,3.31485223757
0.00489656,-0.00605132818511,1.99394745643,3.31452476511
0.00489856,-0.00595080907135,1.99404802556,3.31419412481
0.00490056,-0.00584935025585,1.99414953355,3.31386036808
0.00490256,-0.00574696776013,1.99425196437,3.31352354678
0.00490456,-0.00564367775158,1.99435530185,3.31318371329
0.00490656,-0.0055394965409,1.99445952967,3.31284092047
0.00490856,-0.00543444057949,1.99456463136,3.31249522164
0.00491056,-0.00532852645692,1.99467059034,3.31214667062
0.00491256,-0.00522177089825,1.99477738986,3.31179532166
0.00491456,-0.00511419076142,1.99488501307,3.31144122946
0.00491656,-0.00500580303459,1.99499344297,3.31108444919
0.00491856,-0.00489662483343,1.99510266244,3.31072503642
0.00492056,-0.00478667339844,1.99521265423,3.31036304718
0.00492256,-0.00467596609223,1.99532340097,3.3099985379
0.00492456,-0.00456452039678,1.99543488517,3.30963156541
0.00492656,-0.00445235391064,1.99554708923,3.30926218697
0.00492856,-0.0043394843462,1.99565999543,3.30889046021
0.00493056,-0.00422592952688,1.99577358595,3.30851644314
0.00493256,-0.0041117073843,1.99588784283,3.30814019418
0.00493456,-0.00399683595546,1.99600274805,3.30776177207
0.00493656,-0.00388133337989,1.99611828346,3.30738123594
0.00493856,-0.00376521789678,1.9962344308,3.30699864526
0.00494056,-0.00364850784212,1.99635117175,3.30661405984
0.00494256,-0.00353122164578,1.99646848786,3.30622753981
0.00494456,-0.0034133778286,1.99658636062,3.30583914564
0.00494656,-0.0032949949995,1.9967047714,3.30544893809
0.00494856,-0.00317609185249,1.99682370151,3.30505697825
0.00495056,-0.00305668716375,1.99694313217,3.30466332748
0.00495256,-0.00293679978868,1.99706304452,3.30426804743
0.00495456,-0.00281644865888,1.99718341963,3.30387120005
0.00495656,-0.00269565277919,1.99730423847,3.30347284751
0.00495856,-0.00257443122467,1.99742548199,3.30307305227
0.00496056,-0.00245280313762,1.99754713102,3.30267187704
0.00496256,-0.00233078772452,1.99766916637,3.30226938473
0.00496456,-0.00220840425302,1.99779156875,3.30186563851
0.00496656,-0.00208567204888,1.99791431885,3.30146070177
0.00496856,-0.00196261049295,1.99803739727,3.30105463807
0.00497056,-0.00183923901808,1.99816078459,3.30064751122
0.00497256,-0.00171557710604,1.99828446131,3.30023938518
0.00497456,-0.00159164428449,1.99840840791,3.2998303241
0.00497656,-0.00146746012385,1.99853260482,3.29942039229
0.00497856,-0.00134304423426,1.99865703242,3.29900965424
0.00498056,-0.0012184162624,1.99878167106,3.29859817456
0.00498256,-0.0010935958885,1.99890650107,3.29818601802
0.00498456,-0.000968602823124,1.99903150273,3.29777324951
0.00498656,-0.000843456804136,1.9991566563,3.29735993403
0.00498856,-0.000718177593542,1.99928194201,3.29694613671
0.00499056,-0.00059278497438,1.99940734009,3.29653192275
0.00499256,-0.000467298747599,1.99953283074,3.29611735744
0.00499456,-0.000341738728928,1.99965839412,3.29570250618
0.00499656,-0.000216124745751,1.99978401043,3.2952874344
0.00499856,-9.04766339709e-05,1.99990965982,3.29487220761
0.00500056,3.51857651186e-05,2.00003532245,3.29445689134
0.00500256,0.000160842607968,2.00016097847,3.29404155119
0.00500456,0.000286474051905,2.00028660805,3.29362625275
0.00500656,0.000412060258268,2.00041219135,3.29321106165
0.00500856,0.00053758139554,2.00053770852,3.29279604352
0.00501056,0.000663017642477,2.00066313977,3.29238126398
0.00501256,0.000788349191243,2.00078846527,3.29196678863
0.00501456,0.000913556250533,2.00091366524,3.29155268306
0.00501656,0.0010386190487,2.0010387199,3.2911390128
0.00501856,0.00116351783688,2.00116360951,3.29072584335
0.00502056,0.0012882328921,2.00128831435,3.29031324014
0.00502256,0.00141274452042,2.00141281472,3.28990126854
0.00502456,0.00153703306,2.00153709097,3.28948999385
0.00502656,0.00166107888425,2.00166112347,3.28907948125
0.00502856,0.00178486240488,2.00178489263,3.28866979586
0.00503056,0.00190836407504,2.00190837891,3.28826100265
0.00503256,0.0020315643924,2.00203156281,3.28785316651
0.00503456,0.00215444390219,2.00215442488,3.28744635216
0.00503656,0.00227698320031,2.00227694572,3.2870406242
0.00503856,0.00239916293639,2.00239910597,3.28663604708
0.00504056,0.00252096381683,2.00252088635,3.28623268508
0.00504256,0.00264236660786,2.00264226763,3.28583060231
0.00504456,0.00276335213857,2.00276323064,3.28542986269
0.00504656,0.00288390130394,2.00288375627,3.28503052996
0.00504856,0.00300399506787,2.0030038255,3.28463266764
0.00505056,0.00312361446615,2.00312341937,3.28423633905
0.00505256,0.00324274060949,2.00324251899,3.28384160729
0.00505456,0.00336135468651,2.00336110555,3.28344853519
0.00505656,0.00347943796665,2.00347916033,3.28305718538
0.00505856,0.0035969718032,2.00359666469,3.28266762021
0.00506056,0.00371393763621,2.00371360006,3.28227990177
0.00506256,0.00383031699541,2.00382994799,3.28189409187
0.00506456,0.00394609150316,2.0039456901,3.28151025203
0.00506656,0.00406124287731,2.00406080811,3.2811284435
0.00506856,0.00417575293413,2.00417528385,3.28074872719
0.00507056,0.00428960359116,2.00428909924,3.28037116372
0.00507256,0.00440277687006,2.0044022363,3.27999581337
0.00507456,0.00451525489944,2.00451467718,3.27962273609
0.00507656,0.00462701991774,2.00462640411,3.27925199148
0.00507856,0.00473805427595,2.00473739945,3.27888363878
0.00508056,0.00484834044047,2.00484764568,3.27851773688
0.00508256,0.00495786099583,2.00495712538,3.27815434429
0.00508456,0.00506659864746,2.00506582127,3.27779351912
0.00508656,0.00517453622444,2.00517371618,3.2774353191
0.00508856,0.00528165668216,2.00528079308,3.27707980155
0.00509056,0.00538794310506,2.00538703505,3.27672702339
0.00509256,0.00549337870929,2.00549242533,3.27637704109
0.00509456,0.00559794684533,2.00559694726,3.27602991071
0.00509656,0.00570163100068,2.00570058434,3.27568568787
0.00509856,0.0058044148024,2.00580332021,3.27534442772
0.00510056,0.00590628201973,2.00590513864,3.27500618496
0.00510256,0.00600721656666,2.00600602356,3.27467101382
0.00510456,0.00610720250446,2.00610595903,3.27433896805
0.00510656,0.00620622404419,2.00620492927,3.27401010092
0.00510856,0.00630426554919,2.00630291866,3.2736844652
0.00511056,0.00640131153759,2.00639991172,3.27336211314
0.00511256,0.00649734668468,2.00649589314,3.2730430965
0.00511456,0.00659235582542,2.00659084775,3.2727274665
0.00511656,0.00668632395675,2.00668476056,3.27241527382
0.00511856,0.00677923624001,2.00677761675,3.27210656864
0.00512056,0.00687107800329,2.00686940166,3.27180140054
0.00512256,0.0069618347437,2.00696010077,3.27149981859
0.00512456,0.0070514921297,2.00704969978,3.27120187125
0.00512656,0.00714003600334,2.00713818454,3.27090760644
0.00512856,0.00722745238253,2.00722554107,3.2706170715
0.00513056,0.00731372746321,2.00731175558,3.27033031315
0.00513256,0.00739884762154,2.00739681445,3.27004737753
0.00513456,0.00748279941606,2.00748070426,3.26976831019
0.00513656,0.0075655695898,2.00756341175,3.26949315605
0.00513856,0.00764714507241,2.00764492386,3.2692219594
0.00514056,0.00772751298216,2.00772522773,3.26895476392
0.00514256,0.00780666062803,2.00780431067,3.26869161266
0.00514456,0.00788457551169,2.00788216019,3.268432548
0.00514656,0.00796124532947,2.00795876401,3.26817761169
0.00514856,0.00803665797433,2.00803411002,3.26792684481
0.00515056,0.00811080153773,2.00810818632,3.26768028781
0.00515256,0.00818366431154,2.00818098122,3.26743798041
0.00515456,0.0082552347899,2.00825248323,3.26719996171
0.00515656,0.00832550167097,2.00832268104,3.26696627009
0.00515856,0.00839445385883,2.00839156359,3.26673694324
0.00516056,0.00846208046511,2.00845911999,3.26651201818
0.00516256,0.00852837081078,2.00852533956,3.26629153119
0.00516456,0.00859331442784,2.00859021186,3.26607551787
0.00516656,0.00865690106094,2.00865372665,3.26586401308
0.00516856,0.00871912066901,2.00871587388,3.26565705097
0.00517056,0.00877996342684,2.00877664375,3.26545466497
0.00517256,0.00883941972667,2.00883602667,3.26525688776
0.00517456,0.00889748017966,2.00889401325,3.26506375128
0.00517656,0.00895413561738,2.00895059433,3.26487528674
0.00517856,0.00900937709329,2.00900576099,3.26469152459
0.00518056,0.00906319588412,2.00905950451,3.26451249453
0.00518256,0.00911558349125,2.0091118164,3.26433822548
0.00518456,0.00916653164208,2.00916268841,3.26416874563
0.00518656,0.0092160322913,2.0092121125,3.26400408236
0.00518856,0.00926407762218,2.00926008086,3.26384426231
0.00519056,0.00931066004782,2.00930658592,3.2636893113
0.00519256,0.0093557722123,2.00935162035,3.26353925442
0.00519456,0.00939940699189,2.00939517701,3.26339411591
0.00519656,0.00944155749616,2.00943724905,3.26325391927
0.00519856,0.00948221706905,2.00947782981,3.26311868716
0.00520056,0.00952137928994,2.00951691289,3.26298844148
0.00520256,0.00955903797467,2.00955449211,3.26286320329
0.00520456,0.00959518717649,2.00959056154,3.26274299287
0.00520656,0.00962982118702,2.00962511548,3.26262782966
0.00520856,0.00966293453716,2.00965814849,3.26251773231
0.00521056,0.00969452199792,2.00968965533,3.26241271863
0.00521256,0.00972457858127,2.00971963104,3.26231280563
0.00521456,0.00975309954093,2.00974807089,3.26221800949
0.00521656,0.00978008037311,2.00977497037,3.26212834554
0.00521856,0.00980551681723,2.00980032525,3.26204382831
0.00522056,0.00982940485657,2.00982413152,3.26196447149
0.00522256,0.00985174071894,2.00984638543,3.26189028792
0.00522456,0.00987252087725,2.00986708344,3.26182128961
0.00522656,0.00989174205006,2.00988622231,3.26175748775
0.00522856,0.00990940120213,2.00990379901,3.26169889266
0.00523056,0.00992549554488,2.00991981075,3.26164551384
0.00523256,0.00994002253683,2.00993425502,3.26159735993
0.00523456,0.00995297988399,2.00994712952,3.26155443874
0.00523656,0.00996436554024,2.00995843224,3.2615167572
0.00523856,0.00997417770767,2.00996816138,3.26148432144
0.00524056,0.00998241483681,2.00997631541,3.2614571367
0.00524256,0.00998907562693,2.00998289303,3.26143520739
0.00524456,0.00999415902621,2.00998789322,3.26141853706
0.00524656,0.00999766423192,2.00999131518,3.2614071284
0.00524856,0.00999959069056,2.00999315837,3.26140098328
0.00525056,0.00999993809791,2.0099934225,3.26140010268
0.00525256,0.0099987063991,2.00999210753,3.26140448675
0.00525456,0.00999589578865,2.00998921366,3.26141413477
0.00525656,0.00999150671038,2.00998474136,3.26142904519
0.00525856,0.00998553985737,2.00997869133,3.26144921558
0.00526056,0.00997799617187,2.00997106452,3.26147464269
0.00526256,0.00996887684509,2.00996186214,3.26150532238
0.00526456,0.00995818331711,2.00995108564,3.2615412497
0.00526656,0.00994591727653,2.00993873672,3.26158241882
0.00526856,0.00993208066033,2.00992481734,3.26162882307
0.00527056,0.00991667565345,2.00990932969,3.26168045493
0.00527256,0.00989970468853,2.00989227622,3.26173730605
0.00527456,0.00988117044547,2.00987365962,3.26179936721
0.00527656,0.00986107585106,2.00985348283,3.26186662836
0.00527856,0.00983942407845,2.00983174903,3.26193907861
0.00528056,0.00981621854673,2.00980846167,3.26201670622
0.00528256,0.0097914629203,2.00978362441,3.26209949863
0.00528456,0.00976516110836,2.00975724118,3.26218744243
0.00528656,0.00973731726429,2.00972931614,3.26228052338
0.00528856,0.00970793578495,2.0096998537,3.2623787264
0.00529056,0.00967702131,2.00966885853,3.2624820356
0.00529256,0.00964457872121,2.0096363355,3.26259043426
0.00529456,0.00961061314164,2.00960228976,3.26270390482
0.00529656,0.00957512993484,2.00956672668,3.26282242893
0.00529856,0.00953813470403,2.00952965188,3.26294598739
0.00530056,0.00949963329118,2.00949107122,3.26307456022
0.00530256,0.00945963177611,2.00945099078,3.26320812661
0.00530456,0.00941813647552,2.00940941689,3.26334666494
0.00530656,0.009375153942,2.00936635612,3.26349015281
0.00530856,0.009330690963,2.00932181528,3.26363856701
0.00531056,0.00928475455972,2.00927580138,3.26379188352
0.00531256,0.00923735198607,2.00922832171,3.26395007756
0.00531456,0.00918849072746,2.00917938375,3.26411312354
0.00531656,0.00913817849965,2.00912899524,3.2642809951
0.00531856,0.00908642324752,2.00907716413,3.2644536651
0.00532056,0.00903323314382,2.0090238986,3.26463110562
0.00532256,0.0089786165879,2.00896920708,3.26481328799
0.00532456,0.00892258220433,2.00891309818,3.26500018277
0.00532656,0.0088651388416,2.00885558079,3.26519175975
0.00532856,0.00880629557068,2.00879666396,3.26538798799
0.00533056,0.0087460616836,2.00873635702,3.26558883578
0.00533256,0.00868444669199,2.00867466948,3.2657942707
0.00533456,0.00862146032558,2.00861161109,3.26600425955
0.00533656,0.00855711253064,2.0085471918,3.26621876844
0.00533856,0.00849141346843,2.00848142179,3.26643776274
0.00534056,0.0084243735136,2.00841431143,3.2666612071
0.00534256,0.00835600325253,2.00834587134,3.26688906546
0.00534456,0.00828631348169,2.00827611231,3.26712130104
0.00534656,0.00821531520589,2.00820504536,3.2673578764
0.00534856,0.00814301963658,2.00813268172,3.26759875336
0.00535056,0.00806943819007,2.00805903281,3.26784389308
0.00535256,0.00799458248573,2.00798411026,3.26809325603
0.00535456,0.00791846434414,2.0079079259,3.26834680202
0.00535656,0.00784109578524,2.00783049176,3.26860449018
0.00535856,0.00776248902642,2.00775182008,3.26886627897
0.00536056,0.00768265648059,2.00767192327,3.26913212622
0.00536256,0.00760161075424,2.00759081394,3.26940198912
0.00536456,0.00751936464544,2.00750850492,3.26967582419
0.00536656,0.00743593114179,2.00742500919,3.26995358734
0.00536856,0.00735132341841,2.00734033995,3.27023523385
0.00537056,0.00726555483584,2.00725451055,3.2705207184
0.00537256,0.00717863893795,2.00716753456,3.27080999505
0.00537456,0.00709058944974,2.00707942571,3.27110301726
0.00537656,0.00700142027527,2.00699019792,3.27139973788
0.00537856,0.00691114549537,2.00689986526,3.27170010922
0.00538056,0.00681977936548,2.00680844201,3.27200408298
0.00538256,0.00672733631337,2.00671594261,3.27231161029
0.00538456,0.00663383093688,2.00662238166,3.27262264174
0.00538656,0.00653927800157,2.00652777393,3.27293712735
0.00538856,0.00644369243846,2.00643213437,3.27325501662
0.00539056,0.00634708934162,2.00633547807,3.2735762585
0.00539256,0.0062494839658,2.00623782031,3.27390080141
0.00539456,0.00615089172401,2.00613917649,3.27422859326
0.00539656,0.00605132818511,2.00603956221,3.27455958145
0.00539856,0.00595080907134,2.00593899319,3.27489371288
0.00540056,0.00584935025584,2.0058374853,3.27523093397
0.00540256,0.00574696776013,2.00573505459,3.27557119063
0.00540456,0.00564367775158,2.00563171722,3.27591442834
0.00540656,0.00553949654089,2.00552748951,3.27626059208
0.00540856,0.00543444057949,2.00542238792,3.27660962639
0.00541056,0.00532852645692,2.00531642906,3.27696147536
0.00541256,0.00522177089825,2.00520962964,3.27731608265
0.00541456,0.00511419076142,2.00510200654,3.2776733915
0.00541656,0.00500580303459,2.00499357675,3.27803334471
0.00541856,0.00489662483342,2.00488435739,3.2783958847
0.00542056,0.00478667339844,2.00477436571,3.27876095348
0.00542256,0.00467596609223,2.00466361908,3.27912849267
0.00542456,0.00456452039677,2.00455213498,3.2794984435
0.00542656,0.00445235391063,2.00443993103,3.27987074687
0.00542856,0.0043394843462,2.00432702493,3.28024534327
0.00543056,0.00422592952688,2.00421343453,3.28062217288
0.00543256,0.0041117073843,2.00409917775,3.28100117553
0.00543456,0.00399683595545,2.00398427264,3.28138229071
0.00543656,0.00388133337988,2.00386873734,3.2817654576
0.00543856,0.00376521789678,2.00375259011,3.28215061507
0.00544056,0.00364850784212,2.00363584927,3.2825377017
0.00544256,0.00353122164577,2.00351853326,3.28292665576
0.00544456,0.0034133778286,2.00340066061,3.28331741525
0.00544656,0.00329499499949,2.00328224994,3.28370991792
0.00544856,0.00317609185248,2.00316331993,3.28410410122
0.00545056,0.00305668716375,2.00304388938,3.28449990239
0.00545256,0.00293679978868,2.00292397714,3.28489725842
0.00545456,0.00281644865888,2.00280360215,3.28529610607
0.00545656,0.00269565277918,2.00268278341,3.28569638187
0.00545856,0.00257443122467,2.00256154,3.28609802216
0.00546056,0.00245280313761,2.00243989108,3.28650096309
0.00546256,0.00233078772451,2.00231785584,3.28690514059
0.00546456,0.00220840425301,2.00219545356,3.28731049045
0.00546656,0.00208567204888,2.00207270357,3.28771694828
0.00546856,0.00196261049295,2.00194962526,3.28812444952
0.00547056,0.00183923901807,2.00182623805,3.28853292949
0.00547256,0.00171557710604,2.00170256143,3.28894232335
0.00547456,0.00159164428449,2.00157861494,3.28935256617
0.00547656,0.00146746012385,2.00145441814,3.28976359287
0.00547856,0.00134304423425,2.00132999065,3.2901753383
0.00548056,0.0012184162624,2.00120535212,3.29058773717
0.00548256,0.00109359588849,2.00108052222,3.29100072417
0.00548456,0.00096860282312,2.00095552067,3.29141423386
0.00548656,0.000843456804132,2.00083036721,3.29182820078
0.00548856,0.000718177593538,2.0007050816,3.2922425594
0.00549056,0.000592784974376,2.00057968363,3.29265724415
0.00549256,0.000467298747595,2.00045419309,3.29307218943
0.00549456,0.000341738728924,2.00032862981,3.29348732963
0.00549656,0.000216124745747,2.00020301361,3.29390259911
0.00549856,9.04766339667e-05,2.00007736433,3.29431793227
0.00550056,-3.51857651227e-05,1.99995170181,3.29473326347
0.00550256,-0.000160842607972,1.9998260459,3.29514852714
0.00550456,-0.000286474051909,1.99970041643,3.2955636577
0.00550656,-0.000412060258272,1.99957483324,3.29597858965
0.00550856,-0.000537581395544,1.99944931617,3.29639325752
0.00551056,-0.000663017642481,1.99932388503,3.29680759591
0.00551256,-0.000788349191247,1.99919855964,3.2972215395
0.00551456,-0.000913556250537,1.99907335978,3.29763502303
0.00551656,-0.0010386190487,1.99894830523,3.29804798137
0.00551856,-0.00116351783688,1.99882341572,3.29846034947
0.00552056,-0.00128823289211,1.99869871099,3.29887206239
0.00552256,-0.00141274452043,1.99857421073,3.29928305533
0.00552456,-0.00153703306001,1.99844993459,3.29969326363
0.00552656,-0.00166107888425,1.9983259022,3.30010262274
0.00552856,-0.00178486240488,1.99820213314,3.30051106832
0.00553056,-0.00190836407505,1.99807864697,3.30091853613
0.00553256,-0.00203156439241,1.99795546318,3.30132496216
0.00553456,-0.00215444390219,1.99783260122,3.30173028256
0.00553656,-0.00227698320032,1.99771008049,3.30213443368
0.00553856,-0.00239916293639,1.99758792035,3.30253735205
0.00554056,-0.00252096381683,1.99746614007,3.30293897446
0.00554256,-0.00264236660786,1.9973447589,3.30333923789
0.00554456,-0.00276335213857,1.997223796,3.30373807956
0.00554656,-0.00288390130394,1.99710327048,3.30413543694
0.00554856,-0.00300399506787,1.99698320135,3.30453124775
0.00555056,-0.00312361446615,1.99686360759,3.30492544997
0.00555256,-0.0032427406095,1.99674450808,3.30531798185
0.00555456,-0.00336135468651,1.99662592163,3.30570878193
0.00555656,-0.00347943796665,1.99650786696,3.30609778903
0.00555856,-0.00359697180321,1.99639036271,3.30648494228
0.00556056,-0.00371393763622,1.99627342745,3.30687018111
0.00556256,-0.00383031699542,1.99615707963,3.30725344527
0.00556456,-0.00394609150316,1.99604133762,3.30763467484
0.00556656,-0.00406124287732,1.99592621972,3.30801381025
0.00556856,-0.00417575293414,1.99581174409,3.30839079225
0.00557056,-0.00428960359117,1.99569792881,3.30876556196
0.00557256,-0.00440277687006,1.99558479185,3.30913806086
0.00557456,-0.00451525489945,1.99547235108,3.3095082308
0.00557656,-0.00462701991774,1.99536062426,3.30987601402
0.00557856,-0.00473805427596,1.99524962903,3.31024135314
0.00558056,-0.00484834044048,1.99513938291,3.31060419118
0.00558256,-0.00495786099583,1.99502990331,3.31096447157
0.00558456,-0.00506659864747,1.99492120753,3.31132213817
0.00558656,-0.00517453622444,1.99481331273,3.31167713522
0.00558856,-0.00528165668216,1.99470623594,3.31202940744
0.00559056,-0.00538794310506,1.99459999407,3.31237889997
0.00559256,-0.00549337870929,1.99449460391,3.3127255584
0.00559456,-0.00559794684534,1.99439008209,3.31306932876
0.00559656,-0.00570163100068,1.99428644511,3.31341015758
0.00559856,-0.0058044148024,1.99418370935,3.31374799184
0.00560056,-0.00590628201973,1.99408189103,3.31408277899
0.00560256,-0.00600721656666,1.99398100622,3.314414467
0.00560456,-0.00610720250446,1.99388107085,3.31474300431
0.00560656,-0.00620622404419,1.99378210072,3.31506833987
0.00560856,-0.0063042655492,1.99368411144,3.31539042315
0.00561056,-0.00640131153759,1.99358711849,3.31570920413
0.00561256,-0.00649734668469,1.99349113718,3.3160246333
0.00561456,-0.00659235582542,1.99339618267,3.31633666173
0.00561656,-0.00668632395675,1.99330226997,3.31664524098
0.00561856,-0.00677923624002,1.99320941388,3.31695032319
0.00562056,-0.00687107800329,1.99311762909,3.31725186104
0.00562256,-0.0069618347437,1.99302693008,3.31754980777
0.00562456,-0.0070514921297,1.99293733118,3.3178441172
0.00562656,-0.00714003600335,1.99284884653,3.31813474372
0.00562856,-0.00722745238254,1.99276149011,3.31842164229
0.00563056,-0.00731372746321,1.99267527571,3.31870476847
0.00563256,-0.00739884762154,1.99259021694,3.31898407842
0.00563456,-0.00748279941606,1.99250632724,3.3192595289
0.00563656,-0.00756556958981,1.99242361986,3.31953107725
0.00563856,-0.00764714507241,1.99234210786,3.31979868146
0.00564056,-0.00772751298216,1.9922618041,3.32006230013
0.00564256,-0.00780666062803,1.99218272127,3.32032189247
0.00564456,-0.00788457551169,1.99210487185,3.32057741833
0.00564656,-0.00796124532948,1.99202826814,3.32082883821
0.00564856,-0.00803665797433,1.99195292224,3.32107611324
0.00565056,-0.00811080153773,1.99187884605,3.3213192052
0.00565256,-0.00818366431155,1.99180605125,3.32155807652
0.00565456,-0.0082552347899,1.99173454936,3.3217926903
0.00565656,-0.00832550167098,1.99166435165,3.32202301031
0.00565856,-0.00839445385883,1.99159546921,3.32224900097
0.00566056,-0.00846208046511,1.99152791292,3.32247062738
0.00566256,-0.00852837081078,1.99146169345,3.32268785533
0.00566456,-0.00859331442785,1.99139682126,3.32290065131
0.00566656,-0.00865690106094,1.99133330658,3.32310898245
0.00566856,-0.00871912066901,1.99127115946,3.32331281663
0.00567056,-0.00877996342684,1.99121038969,3.3235121224
0.00567256,-0.00883941972667,1.99115100689,3.32370686901
0.00567456,-0.00889748017966,1.99109302042,3.32389702644
0.00567656,-0.00895413561738,1.99103643944,3.32408256535
0.00567856,-0.00900937709329,1.99098127289,3.32426345716
0.00568056,-0.00906319588412,1.99092752948,3.32443967398
0.00568256,-0.00911558349125,1.9908752177,3.32461118864
0.00568456,-0.00916653164208,1.9908243458,3.32477797472
0.00568656,-0.0092160322913,1.99077492182,3.32494000652
0.00568856,-0.00926407762218,1.99072695356,3.32509725909
0.00569056,-0.00931066004782,1.9906804486,3.32524970819
0.00569256,-0.0093557722123,1.99063541429,3.32539733035
0.00569456,-0.00939940699189,1.99059185773,3.32554010283
0.00569656,-0.00944155749616,1.9905497858,3.32567800366
0.00569856,-0.00948221706905,1.99050920515,3.3258110116
0.00570056,-0.00952137928994,1.99047012218,3.32593910618
0.00570256,-0.00955903797467,1.99043254307,3.32606226768
0.00570456,-0.00959518717649,1.99039647375,3.32618047715
0.00570656,-0.00962982118703,1.99036191991,3.32629371639
0.00570856,-0.00966293453716,1.99032888702,3.32640196798
0.00571056,-0.00969452199792,1.99029738028,3.32650521527
0.00571256,-0.00972457858127,1.99026740468,3.32660344237
0.00571456,-0.00975309954093,1.99023896494,3.32669663417
0.00571656,-0.00978008037311,1.99021206556,3.32678477634
0.00571856,-0.00980551681723,1.99018671079,3.32686785531
0.00572056,-0.00982940485657,1.99016290463,3.32694585832
0.00572256,-0.00985174071894,1.99014065083,3.32701877336
0.00572456,-0.00987252087725,1.99011995292,3.32708658923
0.00572656,-0.00989174205006,1.99010081416,3.32714929549
0.00572856,-0.00990940120213,1.99008323758,3.3272068825
0.00573056,-0.00992549554488,1.99006722594,3.32725934142
0.00573256,-0.00994002253683,1.99005278178,3.32730666416
0.00573456,-0.00995297988399,1.99003990738,3.32734884347
0.00573656,-0.00996436554024,1.99002860477,3.32738587286
0.00573856,-0.00997417770767,1.99001887574,3.32741774662
0.00574056,-0.00998241483681,1.99001072182,3.32744445987
0.00574256,-0.00998907562693,1.9900041443,3.32746600849
0.00574456,-0.00999415902621,1.98999914422,3.32748238918
0.00574656,-0.00999766423192,1.98999572237,3.32749359942
0.00574856,-0.00999959069056,1.98999387929,3.32749963747
0.00575056,-0.00999993809791,1.98999361527,3.32750050243
0.00575256,-0.0099987063991,1.98999493035,3.32749619414
0.00575456,-0.00999589578865,1.98999782432,3.32748671328
0.00575656,-0.00999150671038,1.99000229673,3.3274720613
0.00575856,-0.00998553985737,1.99000834688,3.32745224045
0.00576056,-0.00997799617187,1.99001597379,3.32742725378
0.00576256,-0.00996887684509,1.99002517628,3.32739710514
0.00576456,-0.00995818331711,1.99003595289,3.32736179915
0.00576656,-0.00994591727653,1.99004830191,3.32732134124
0.00576856,-0.00993208066033,1.9900622214,3.32727573763
0.00577056,-0.00991667565345,1.99007770916,3.32722499534
0.00577256,-0.00989970468852,1.99009476274,3.32716912216
0.00577456,-0.00988117044547,1.99011337945,3.32710812669
0.00577656,-0.00986107585106,1.99013355634,3.3270420183
0.00577856,-0.00983942407845,1.99015529025,3.32697080716
0.00578056,-0.00981621854672,1.99017857772,3.32689450421
0.00578256,-0.00979146292029,1.99020341509,3.3268131212
0.00578456,-0.00976516110836,1.99022979843,3.32672667064
0.00578656,-0.00973731726429,1.99025772358,3.32663516582
0.00578856,-0.00970793578495,1.99028718612,3.32653862082
0.00579056,-0.00967702131,1.9903181814,3.3264370505
0.00579256,-0.00964457872121,1.99035070454,3.32633047047
0.00579456,-0.00961061314164,1.99038475039,3.32621889713
0.00579656,-0.00957512993484,1.99042031357,3.32610234766
0.00579856,-0.00953813470403,1.99045738848,3.32598083998
0.00580056,-0.00949963329118,1.99049596925,3.3258543928
0.00580256,-0.00945963177611,1.9905360498,3.32572302558
0.00580456,-0.00941813647552,1.9905776238,3.32558675854
0.00580656,-0.009375153942,1.99062068467,3.32544561266
0.00580856,-0.00933069096299,1.99066522562,3.32529960967
0.00581056,-0.00928475455972,1.99071123963,3.32514877205
0.00581256,-0.00923735198607,1.99075871941,3.32499312303
0.00581456,-0.00918849072746,1.99080765747,3.32483268659
0.00581656,-0.00913817849965,1.99085804609,3.32466748744
0.00581856,-0.00908642324752,1.99090987731,3.32449755103
0.00582056,-0.00903323314382,1.99096314295,3.32432290355
0.00582256,-0.0089786165879,1.99101783458,3.32414357191
0.00582456,-0.00892258220433,1.99107394358,3.32395958376
0.00582656,-0.0088651388416,1.99113146109,3.32377096745
0.00582856,-0.00880629557067,1.99119037802,3.32357775207
0.00583056,-0.00874606168359,1.99125068507,3.32337996741
0.00583256,-0.00868444669199,1.99131237271,3.32317764397
0.00583456,-0.00862146032557,1.99137543121,3.32297081298
0.00583656,-0.00855711253063,1.99143985061,3.32275950633
0.00583856,-0.00849141346843,1.99150562073,3.32254375664
0.00584056,-0.0084243735136,1.9915727312,3.3223235972
0.00584256,-0.00835600325253,1.9916411714,3.32209906199
0.00584456,-0.00828631348169,1.99171093054,3.3218701857
0.00584656,-0.00821531520588,1.99178199759,3.32163700365
0.00584856,-0.00814301963658,1.99185436134,3.32139955186
0.00585056,-0.00806943819007,1.99192801036,3.32115786703
0.00585256,-0.00799458248573,1.99200293302,3.32091198649
0.00585456,-0.00791846434414,1.99207911749,3.32066194824
0.00585656,-0.00784109578524,1.99215655173,3.32040779094
0.00585856,-0.00776248902641,1.99223522353,3.32014955387
0.00586056,-0.00768265648059,1.99231512044,3.31988727698
0.00586256,-0.00760161075424,1.99239622987,3.31962100084
0.00586456,-0.00751936464543,1.992478539,3.31935076663
0.00586656,-0.00743593114178,1.99256203484,3.31907661618
0.00586856,-0.00735132341841,1.99264670419,3.31879859193
0.00587056,-0.00726555483584,1.99273253369,3.31851673691
0.00587256,-0.00717863893794,1.99281950979,3.31823109477
0.00587456,-0.00709058944974,1.99290761875,3.31794170976
0.00587656,-0.00700142027527,1.99299684666,3.31764862671
0.00587856,-0.00691114549537,1.99308717942,3.31735189104
0.00588056,-0.00681977936548,1.99317860278,3.31705154874
0.00588256,-0.00672733631337,1.99327110229,3.31674764637
0.00588456,-0.00663383093687,1.99336466335,3.31644023108
0.00588656,-0.00653927800157,1.99345927118,3.31612935054
0.00588856,-0.00644369243846,1.99355491085,3.31581505299
0.00589056,-0.00634708934162,1.99365156726,3.31549738722
0.00589256,-0.00624948396579,1.99374922513,3.31517640252
0.00589456,-0.006150891724,1.99384786905,3.31485214876
0.00589656,-0.00605132818511,1.99394748344,3.31452467629
0.00589856,-0.00595080907134,1.99404805257,3.31419403599
0.00590056,-0.00584935025584,1.99414956057,3.31386027924
0.00590256,-0.00574696776012,1.99425199139,3.31352345794
0.00590456,-0.00564367775158,1.99435532887,3.31318362444
0.00590656,-0.00553949654089,1.99445955668,3.31284083161
0.00590856,-0.00543444057948,1.99456465838,3.31249513278
0.00591056,-0.00532852645691,1.99467061735,3.31214658176
0.00591256,-0.00522177089824,1.99477741688,3.31179523278
0.00591456,-0.00511419076142,1.99488504009,3.31144114058
0.00591656,-0.00500580303458,1.99499346999,3.3110843603
0.00591856,-0.00489662483342,1.99510268945,3.31072494752
0.00592056,-0.00478667339843,1.99521268124,3.31036295827
0.00592256,-0.00467596609223,1.99532342798,3.30999844898
0.00592456,-0.00456452039677,1.99543491218,3.30963147649
0.00592656,-0.00445235391063,1.99554711624,3.30926209804
0.00592856,-0.00433948434619,1.99566002245,3.30889037127
0.00593056,-0.00422592952687,1.99577361296,3.3085163542
0.00593256,-0.00411170738429,1.99588786984,3.30814010522
0.00593456,-0.00399683595545,1.99600277506,3.30776168311
0.00593656,-0.00388133337988,1.99611831047,3.30738114697
0.00593856,-0.00376521789677,1.99623445781,3.30699855628
0.00594056,-0.00364850784211,1.99635119876,3.30661397085
0.00594256,-0.00353122164577,1.99646851488,3.30622745081
0.00594456,-0.00341337782859,1.99658638763,3.30583905663
0.00594656,-0.00329499499949,1.99670479841,3.30544884908
0.00594856,-0.00317609185248,1.99682372852,3.30505688922
0.00595056,-0.00305668716375,1.99694315918,3.30466323845
0.00595256,-0.00293679978868,1.99706307153,3.30426795839
0.00595456,-0.00281644865887,1.99718344664,3.303871111
0.00595656,-0.00269565277918,1.99730426548,3.30347275845
0.00595856,-0.00257443122466,1.997425509,3.30307296321
0.00596056,-0.00245280313761,1.99754715803,3.30267178796
0.00596256,-0.00233078772451,1.99766919338,3.30226929564
0.00596456,-0.00220840425301,1.99779159576,3.30186554942
0.00596656,-0.00208567204887,1.99791434586,3.30146061266
0.00596856,-0.00196261049295,1.99803742428,3.30105454896
0.00597056,-0.00183923901807,1.9981608116,3.3006474221
0.00597256,-0.00171557710603,1.99828448832,3.30023929605
0.00597456,-0.00159164428448,1.99840843492,3.29983023496
0.00597656,-0.00146746012385,1.99853263183,3.29942030315
0.00597856,-0.00134304423425,1.99865705943,3.29900956508
0.00598056,-0.00121841626239,1.99878169807,3.2985980854
0.00598256,-0.00109359588849,1.99890652808,3.29818592885
0.00598456,-0.000968602823116,1.99903152973,3.29777316033
0.00598656,-0.000843456804128,1.9991566833,3.29735984484
0.00598856,-0.000718177593534,1.99928196902,3.29694604751
0.00599056,-0.000592784974372,1.9994073671,3.29653183354
0.00599256,-0.00046729874759,1.99953285774,3.29611726823
0.00599456,-0.00034173872892,1.99965842113,3.29570241696
0.00599656,-0.000216124745743,1.99978403743,3.29528734517
0.00599856,-9.04766339625e-05,1.99990968682,3.29487211836
0.00600056,3.51857651269e-05,2.00003534945,3.29445680209
0.00600256,0.000160842607976,2.00016100548,3.29404146192
0.00600456,0.000286474051913,2.00028663505,3.29362616347
0.00600656,0.000412060258276,2.00041221835,3.29321097237
0.00600856,0.000537581395548,2.00053773553,3.29279595423
0.00601056,0.000663017642485,2.00066316677,3.29238117468
0.00601256,0.000788349191251,2.00078849227,3.29196669932
0.00601456,0.000913556250541,2.00091369224,3.29155259374
0.00601656,0.00103861904871,2.0010387469,3.29113892347
0.00601856,0.00116351783689,2.00116363651,3.29072575401
0.00602056,0.00128823289211,2.00128834135,3.29031315079
0.00602256,0.00141274452043,2.00141284172,3.28990117919
0.00602456,0.00153703306001,2.00153711797,3.28948990448
0.00602656,0.00166107888425,2.00166115047,3.28907939188
0.00602856,0.00178486240489,2.00178491963,3.28866970648
0.00603056,0.00190836407505,2.00190840591,3.28826091326
0.00603256,0.00203156439241,2.00203158982,3.28785307711
0.00603456,0.0021544439022,2.00215445188,3.28744626275
0.00603656,0.00227698320032,2.00227697272,3.28704053478
0.00603856,0.0023991629364,2.00239913297,3.28663595766
0.00604056,0.00252096381684,2.00252091335,3.28623259565
0.00604256,0.00264236660787,2.00264229463,3.28583051286
0.00604456,0.00276335213858,2.00276325763,3.28542977324
0.00604656,0.00288390130395,2.00288378327,3.2850304405
0.00604856,0.00300399506787,2.0030038525,3.28463257817
0.00605056,0.00312361446616,2.00312344637,3.28423624958
0.00605256,0.0032427406095,2.00324254599,3.2838415178
0.00605456,0.00336135468652,2.00336113255,3.2834484457
0.00605656,0.00347943796666,2.00347918733,3.28305709588
0.00605856,0.00359697180321,2.00359669168,3.2826675307
0.00606056,0.00371393763622,2.00371362706,3.28227981225
0.00606256,0.00383031699542,2.00382997498,3.28189400234
0.00606456,0.00394609150317,2.00394571709,3.2815101625
0.00606656,0.00406124287732,2.00406083511,3.28112835396
0.00606856,0.00417575293414,2.00417531085,3.28074863764
0.00607056,0.00428960359117,2.00428912623,3.28037107416
0.00607256,0.00440277687006,2.0044022633,3.2799957238
0.00607456,0.00451525489945,2.00451470417,3.27962264651
0.00607656,0.00462701991775,2.00462643111,3.27925190189
0.00607856,0.00473805427596,2.00473742645,3.27888354919
0.00608056,0.00484834044048,2.00484767267,3.27851764728
0.00608256,0.00495786099584,2.00495715238,3.27815425468
0.00608456,0.00506659864747,2.00506584826,3.2777934295
0.00608656,0.00517453622445,2.00517374318,3.27743522947
0.00608856,0.00528165668216,2.00528082007,3.27707971192
0.00609056,0.00538794310507,2.00538706205,3.27672693375
0.00609256,0.00549337870929,2.00549245232,3.27637695144
0.00609456,0.00559794684534,2.00559697425,3.27602982106
0.00609656,0.00570163100069,2.00570061133,3.27568559821
0.00609856,0.0058044148024,2.0058033472,3.27534433805
0.00610056,0.00590628201973,2.00590516563,3.27500609528
0.00610256,0.00600721656667,2.00600605055,3.27467092414
0.00610456,0.00610720250447,2.00610598602,3.27433887836
0.00610656,0.00620622404419,2.00620495626,3.27401001123
0.00610856,0.0063042655492,2.00630294565,3.2736843755
0.00611056,0.00640131153759,2.00639993871,3.27336202343
0.00611256,0.00649734668469,2.00649592013,3.27304300678
0.00611456,0.00659235582543,2.00659087474,3.27272737677
0.00611656,0.00668632395675,2.00668478756,3.27241518409
0.00611856,0.00677923624002,2.00677764375,3.2721064789
0.00612056,0.0068710780033,2.00686942865,3.2718013108
0.00612256,0.0069618347437,2.00696012776,3.27149972884
0.00612456,0.0070514921297,2.00704972678,3.27120178149
0.00612656,0.00714003600335,2.00713821153,3.27090751668
0.00612856,0.00722745238254,2.00722556806,3.27061698173
0.00613056,0.00731372746322,2.00731178257,3.27033022337
0.00613256,0.00739884762154,2.00739684144,3.27004728775
0.00613456,0.00748279941606,2.00748073125,3.2697682204
0.00613656,0.00756556958981,2.00756343874,3.26949306625
0.00613856,0.00764714507241,2.00764495085,3.2692218696
0.00614056,0.00772751298216,2.00772525472,3.26895467412
0.00614256,0.00780666062803,2.00780433766,3.26869152285
0.00614456,0.00788457551169,2.00788218718,3.26843245818
0.00614656,0.00796124532948,2.007958791,3.26817752187
0.00614856,0.00803665797434,2.008034137,3.26792675499
0.00615056,0.00811080153774,2.00810821331,3.26768019798
0.00615256,0.00818366431155,2.00818100821,3.26743789058
0.00615456,0.0082552347899,2.00825251021,3.26719987187
0.00615656,0.00832550167098,2.00832270803,3.26696618024
0.00615856,0.00839445385883,2.00839159058,3.26673685339
0.00616056,0.00846208046511,2.00845914697,3.26651192832
0.00616256,0.00852837081079,2.00852536655,3.26629144133
0.00616456,0.00859331442785,2.00859023885,3.266075428
0.00616656,0.00865690106094,2.00865375363,3.26586392321
0.00616856,0.00871912066901,2.00871590087,3.2656569611
0.00617056,0.00877996342685,2.00877667074,3.2654545751
0.00617256,0.00883941972668,2.00883605365,3.26525679788
0.00617456,0.00889748017966,2.00889404023,3.2650636614
0.00617656,0.00895413561738,2.00895062132,3.26487519686
0.00617856,0.00900937709329,2.00900578797,3.2646914347
0.00618056,0.00906319588412,2.00905953149,3.26451240464
0.00618256,0.00911558349125,2.00911184339,3.26433813559
0.00618456,0.00916653164208,2.00916271539,3.26416865573
0.00618656,0.0092160322913,2.00921213948,3.26400399246
0.00618856,0.00926407762218,2.00926010784,3.2638441724
0.00619056,0.00931066004782,2.00930661291,3.2636892214
0.00619256,0.0093557722123,2.00935164733,3.26353916451
0.00619456,0.00939940699189,2.009395204,3.263394026
0.00619656,0.00944155749616,2.00943727603,3.26325382935
0.00619856,0.00948221706905,2.00947785679,3.26311859724
0.00620056,0.00952137928995,2.00951693987,3.26298835156
0.00620256,0.00955903797467,2.00955451909,3.26286311337
0.00620456,0.00959518717649,2.00959058852,3.26274290294
0.00620656,0.00962982118703,2.00962514246,3.26262773973
0.00620856,0.00966293453716,2.00965817547,3.26251764238
0.00621056,0.00969452199792,2.00968968231,3.2624126287
0.00621256,0.00972457858127,2.00971965802,3.2623127157
0.00621456,0.00975309954093,2.00974809787,3.26221791956
0.00621656,0.00978008037311,2.00977499735,3.26212825561
0.00621856,0.00980551681723,2.00980035223,3.26204373838
0.00622056,0.00982940485657,2.0098241585,3.26196438155
0.00622256,0.00985174071894,2.0098464124,3.26189019798
0.00622456,0.00987252087725,2.00986711042,3.26182119967
0.00622656,0.00989174205006,2.00988624929,3.26175739781
0.00622856,0.00990940120213,2.00990382598,3.26169880272
0.00623056,0.00992549554489,2.00991983773,3.2616454239
0.00623256,0.00994002253683,2.00993428199,3.26159726999
0.00623456,0.00995297988399,2.0099471565,3.2615543488
0.00623656,0.00996436554024,2.00995845922,3.26151666726
0.00623856,0.00997417770767,2.00996818836,3.2614842315
0.00624056,0.00998241483681,2.00997634239,3.26145704676
0.00624256,0.00998907562693,2.00998292001,3.26143511745
0.00624456,0.00999415902621,2.0099879202,3.26141844712
0.00624656,0.00999766423192,2.00999134216,3.26140703846
0.00624856,0.00999959069056,2.00999318535,3.26140089334
0.00625056,0.00999993809791,2.00999344948,3.26140001274
0.00625256,0.0099987063991,2.00999213451,3.26140439681
0.00625456,0.00999589578865,2.00998924064,3.26141404483
0.00625656,0.00999150671038,2.00998476834,3.26142895525
0.00625856,0.00998553985737,2.0099787183,3.26144912565
0.00626056,0.00997799617186,2.00997109149,3.26147455275
0.00626256,0.00996887684509,2.00996188911,3.26150523245
0.00626456,0.00995818331711,2.00995111261,3.26154115977
0.00626656,0.00994591727653,2.0099387637,3.26158232889
0.00626856,0.00993208066033,2.00992484432,3.26162873314
0.00627056,0.00991667565345,2.00990935667,3.26168036501
0.00627256,0.00989970468852,2.00989230319,3.26173721613
0.00627456,0.00988117044547,2.00987368659,3.26179927729
0.00627656,0.00986107585106,2.0098535098,3.26186653844
0.00627856,0.00983942407845,2.00983177601,3.26193898869
0.00628056,0.00981621854672,2.00980848864,3.26201661631
0.00628256,0.00979146292029,2.00978365138,3.26209940872
0.00628456,0.00976516110836,2.00975726815,3.26218735252
0.00628656,0.00973731726429,2.00972934311,3.26228043347
0.00628856,0.00970793578494,2.00969988068,3.2623786365
0.00629056,0.00967702131,2.0096688855,3.2624819457
0.00629256,0.00964457872121,2.00963636247,3.26259034436
0.00629456,0.00961061314164,2.00960231673,3.26270381493
0.00629656,0.00957512993484,2.00956675365,3.26282233904
0.00629856,0.00953813470403,2.00952967885,3.26294589751
0.00630056,0.00949963329118,2.00949109819,3.26307447034
0.00630256,0.0094596317761,2.00945101775,3.26320803673
0.00630456,0.00941813647551,2.00940944386,3.26334657507
0.00630656,0.009375153942,2.00936638309,3.26349006295
0.00630856,0.00933069096299,2.00932184225,3.26363847715
0.00631056,0.00928475455972,2.00927582835,3.26379179367
0.00631256,0.00923735198607,2.00922834868,3.26394998771
0.00631456,0.00918849072746,2.00917941072,3.26411303369
0.00631656,0.00913817849965,2.00912902221,3.26428090525
0.00631856,0.00908642324752,2.0090771911,3.26445357525
0.00632056,0.00903323314382,2.00902392557,3.26463101578
0.00632256,0.00897861658789,2.00896923405,3.26481319816
0.00632456,0.00892258220433,2.00891312515,3.26500009294
0.00632656,0.00886513884159,2.00885560775,3.26519166993
0.00632856,0.00880629557067,2.00879669093,3.26538789817
0.00633056,0.00874606168359,2.00873638399,3.26558874597
0.00633256,0.00868444669199,2.00867469645,3.26579418089
0.00633456,0.00862146032557,2.00861163806,3.26600416975
0.00633656,0.00855711253063,2.00854721877,3.26621867865
0.00633856,0.00849141346842,2.00848144875,3.26643767295
0.00634056,0.00842437351359,2.0084143384,3.26666111732
0.00634256,0.00835600325253,2.0083458983,3.26688897568
0.00634456,0.00828631348168,2.00827613927,3.26712121128
0.00634656,0.00821531520588,2.00820507233,3.26735778664
0.00634856,0.00814301963657,2.00813270868,3.2675986636
0.00635056,0.00806943819007,2.00805905977,3.26784380333
0.00635256,0.00799458248573,2.00798413722,3.26809316629
0.00635456,0.00791846434414,2.00790795286,3.26834671228
0.00635656,0.00784109578524,2.00783051873,3.26860440045
0.00635856,0.00776248902641,2.00775184704,3.26886618925
0.00636056,0.00768265648058,2.00767195023,3.26913203651
0.00636256,0.00760161075424,2.00759084091,3.26940189941
0.00636456,0.00751936464543,2.00750853188,3.26967573448
0.00636656,0.00743593114178,2.00742503616,3.26995349764
0.00636856,0.0073513234184,2.00734036691,3.27023514417
0.00637056,0.00726555483584,2.00725453752,3.27052062872
0.00637256,0.00717863893794,2.00716756153,3.27080990538
0.00637456,0.00709058944974,2.00707945268,3.27110292759
0.00637656,0.00700142027526,2.00699022488,3.27139964823
0.00637856,0.00691114549536,2.00689989222,3.27170001957
0.00638056,0.00681977936548,2.00680846898,3.27200399333
0.00638256,0.00672733631337,2.00671596957,3.27231152065
0.00638456,0.00663383093687,2.00662240862,3.27262255211
0.00638656,0.00653927800156,2.00652780089,3.27293703774
0.00638856,0.00644369243846,2.00643216133,3.27325492702
0.00639056,0.00634708934162,2.00633550503,3.2735761689
0.00639256,0.00624948396579,2.00623784727,3.27390071182
0.00639456,0.006150891724,2.00613920345,3.27422850367
0.00639656,0.0060513281851,2.00603958917,3.27455949187
0.00639856,0.00595080907134,2.00593902015,3.27489362331
0.00640056,0.00584935025584,2.00583751226,3.27523084441
0.00640256,0.00574696776012,2.00573508155,3.27557110108
0.00640456,0.00564367775157,2.00563174418,3.2759143388
0.00640656,0.00553949654089,2.00552751647,3.27626050255
0.00640856,0.00543444057948,2.00542241488,3.27660953686
0.00641056,0.00532852645691,2.00531645601,3.27696138584
0.00641256,0.00522177089824,2.0052096566,3.27731599315
0.00641456,0.00511419076141,2.00510203349,3.277673302
0.00641656,0.00500580303458,2.0049936037,3.27803325523
0.00641856,0.00489662483342,2.00488438434,3.27839579523
0.00642056,0.00478667339843,2.00477439266,3.27876086401
0.00642256,0.00467596609222,2.00466364603,3.27912840321
0.00642456,0.00456452039677,2.00455216194,3.27949835405
0.00642656,0.00445235391063,2.00443995798,3.27987065743
0.00642856,0.00433948434619,2.00432705189,3.28024525384
0.00643056,0.00422592952687,2.00421346149,3.28062208346
0.00643256,0.00411170738429,2.00409920471,3.28100108612
0.00643456,0.00399683595545,2.0039842996,3.28138220131
0.00643656,0.00388133337988,2.0038687643,3.28176536821
0.00643856,0.00376521789677,2.00375261706,3.28215052569
0.00644056,0.00364850784211,2.00363587622,3.28253761233
0.00644256,0.00353122164577,2.00351856021,3.2829265664
0.00644456,0.00341337782859,2.00340068757,3.2833173259
0.00644656,0.00329499499949,2.00328227689,3.28370982857
0.00644856,0.00317609185248,2.00316334689,3.28410401189
0.00645056,0.00305668716374,2.00304391634,3.28449981307
0.00645256,0.00293679978867,2.0029240041,3.28489716911
0.00645456,0.00281644865887,2.0028036291,3.28529601676
0.00645656,0.00269565277917,2.00268281036,3.28569629258
0.00645856,0.00257443122466,2.00256156695,3.28609793288
0.00646056,0.00245280313761,2.00243991803,3.28650087382
0.00646256,0.00233078772451,2.00231788279,3.28690505133
0.00646456,0.002208404253,2.00219548051,3.2873104012
0.00646656,0.00208567204887,2.00207273052,3.28771685904
0.00646856,0.00196261049294,2.00194965221,3.28812436029
0.00647056,0.00183923901807,2.001826265,3.28853284027
0.00647256,0.00171557710603,2.00170258839,3.28894223415
0.00647456,0.00159164428448,2.00157864189,3.28935247697
0.00647656,0.00146746012384,2.00145444509,3.28976350369
0.00647856,0.00134304423424,2.0013300176,3.29017524912
0.00648056,0.00121841626239,2.00120537907,3.29058764801
0.00648256,0.00109359588848,2.00108054917,3.29100063501
0.00648456,0.000968602823111,2.00095554762,3.29141414472
0.00648656,0.000843456804124,2.00083039416,3.29182811164
0.00648856,0.000718177593529,2.00070510855,3.29224247027
0.00649056,0.000592784974367,2.00057971058,3.29265715503
0.00649256,0.000467298747586,2.00045422004,3.29307210032
0.00649456,0.000341738728916,2.00032865676,3.29348724053
0.00649656,0.000216124745738,2.00020304056,3.29390251003
0.00649856,9.04766339584e-05,2.00007739128,3.2943178432
0.00650056,-3.51857651311e-05,1.99995172876,3.29473317441
0.00650256,-0.00016084260798,1.99982607285,3.29514843809
0.00650456,-0.000286474051917,1.99970044337,3.29556356866
0.00650656,-0.00041206025828,1.99957486019,3.29597850062
0.00650856,-0.000537581395552,1.99944934312,3.2963931685
0.00651056,-0.00066301764249,1.99932391198,3.29680750691
0.00651256,-0.000788349191255,1.99919858659,3.2972214505
0.00651456,-0.000913556250545,1.99907338673,3.29763493405
0.00651656,-0.00103861904871,1.99894833217,3.29804789239
0.00651856,-0.00116351783689,1.99882344267,3.2984602605
0.00652056,-0.00128823289212,1.99869873794,3.29887197343
0.00652256,-0.00141274452043,1.99857423767,3.29928296639
0.00652456,-0.00153703306002,1.99844996153,3.29969317469
0.00652656,-0.00166107888426,1.99832592914,3.30010253382
0.00652856,-0.00178486240489,1.99820216009,3.3005109794
0.00653056,-0.00190836407506,1.99807867391,3.30091844723
0.00653256,-0.00203156439241,1.99795549012,3.30132487327
0.00653456,-0.0021544439022,1.99783262816,3.30173019368
0.00653656,-0.00227698320032,1.99771010743,3.3021343448
0.00653856,-0.0023991629364,1.99758794729,3.30253726319
0.00654056,-0.00252096381684,1.99746616702,3.30293888561
0.00654256,-0.00264236660787,1.99734478585,3.30333914905
0.00654456,-0.00276335213858,1.99722382295,3.30373799073
0.00654656,-0.00288390130395,1.99710329742,3.30413534812
0.00654856,-0.00300399506788,1.99698322829,3.30453115894
0.00655056,-0.00312361446616,1.99686363453,3.30492536117
0.00655256,-0.00324274060951,1.99674453502,3.30531789306
0.00655456,-0.00336135468652,1.99662594857,3.30570869315
0.00655656,-0.00347943796666,1.9965078939,3.30609770026
0.00655856,-0.00359697180322,1.99639038965,3.30648485352
0.00656056,-0.00371393763622,1.99627345439,3.30687009235
0.00656256,-0.00383031699542,1.99615710657,3.30725335653
0.00656456,-0.00394609150317,1.99604136457,3.30763458611
0.00656656,-0.00406124287732,1.99592624666,3.30801372153
0.00656856,-0.00417575293415,1.99581177103,3.30839070354
0.00657056,-0.00428960359117,1.99569795575,3.30876547325
0.00657256,-0.00440277687007,1.99558481879,3.30913797216
0.00657456,-0.00451525489946,1.99547237802,3.30950814211
0.00657656,-0.00462701991775,1.9953606512,3.30987592534
0.00657856,-0.00473805427596,1.99524965596,3.31024126447
0.00658056,-0.00484834044048,1.99513940985,3.31060410252
0.00658256,-0.00495786099584,1.99502993025,3.31096438293
0.00658456,-0.00506659864748,1.99492123447,3.31132204953
0.00658656,-0.00517453622445,1.99481333967,3.31167704659
0.00658856,-0.00528165668217,1.99470626288,3.31202931882
0.00659056,-0.00538794310507,1.99460002101,3.31237881136
0.00659256,-0.0054933787093,1.99449463085,3.3127254698
0.00659456,-0.00559794684534,1.99439010902,3.31306924017
0.00659656,-0.00570163100069,1.99428647205,3.313410069
0.00659856,-0.00580441480241,1.99418373629,3.31374790326
0.00660056,-0.00590628201974,1.99408191796,3.31408269043
0.00660256,-0.00600721656667,1.99398103315,3.31441437844
0.00660456,-0.00610720250447,1.99388109779,3.31474291576
0.00660656,-0.0062062240442,1.99378212765,3.31506825133
0.00660856,-0.0063042655492,1.99368413837,3.31539033462
0.00661056,-0.0064013115376,1.99358714542,3.3157091156
0.00661256,-0.00649734668469,1.99349116411,3.31602454479
0.00661456,-0.00659235582543,1.99339620961,3.31633657322
0.00661656,-0.00668632395676,1.9933022969,3.31664515248
0.00661856,-0.00677923624002,1.99320944082,3.3169502347
0.00662056,-0.0068710780033,1.99311765603,3.31725177256
0.00662256,-0.00696183474371,1.99302695702,3.3175497193
0.00662456,-0.0070514921297,1.99293735811,3.31784402873
0.00662656,-0.00714003600335,1.99284887346,3.31813465526
0.00662856,-0.00722745238254,1.99276151704,3.31842155383
0.00663056,-0.00731372746322,1.99267530264,3.31870468003
0.00663256,-0.00739884762155,1.99259024387,3.31898398999
0.00663456,-0.00748279941607,1.99250635418,3.31925944047
0.00663656,-0.00756556958981,1.9924236468,3.31953098883
0.00663856,-0.00764714507242,1.99234213479,3.31979859305
0.00664056,-0.00772751298217,1.99226183103,3.32006221172
0.00664256,-0.00780666062804,1.9921827482,3.32032180407
0.00664456,-0.0078845755117,1.99210489878,3.32057732994
0.00664656,-0.00796124532948,1.99202829508,3.32082874982
0.00664856,-0.00803665797434,1.99195294918,3.32107602486
0.00665056,-0.00811080153774,1.99187887298,3.32131911682
0.00665256,-0.00818366431155,1.99180607819,3.32155798815
0.00665456,-0.0082552347899,1.99173457629,3.32179260194
0.00665656,-0.00832550167098,1.99166437858,3.32202292195
0.00665856,-0.00839445385884,1.99159549614,3.32224891261
0.00666056,-0.00846208046511,1.99152793985,3.32247053903
0.00666256,-0.00852837081079,1.99146172038,3.322687767
0.00666456,-0.00859331442785,1.99139684819,3.32290056297
0.00666656,-0.00865690106095,1.99133333351,3.32310889413
0.00666856,-0.00871912066901,1.99127118639,3.32331272831
0.00667056,-0.00877996342685,1.99121041662,3.32351203408
0.00667256,-0.00883941972668,1.99115103382,3.3237067807
0.00667456,-0.00889748017966,1.99109304735,3.32389693813
0.00667656,-0.00895413561739,1.99103646637,3.32408247705
0.00667856,-0.0090093770933,1.99098129982,3.32426336887
0.00668056,-0.00906319588412,1.99092755641,3.32443958569
0.00668256,-0.00911558349125,1.99087524462,3.32461110035
0.00668456,-0.00916653164208,1.99082437272,3.32477788644
0.00668656,-0.0092160322913,1.99077494874,3.32493991825
0.00668856,-0.00926407762218,1.99072698049,3.32509717081
0.00669056,-0.00931066004782,1.99068047553,3.32524961992
0.00669256,-0.0093557722123,1.99063544122,3.32539724208
0.00669456,-0.0093994069919,1.99059188466,3.32554001457
0.00669656,-0.00944155749616,1.99054981273,3.3256779154
0.00669856,-0.00948221706905,1.99050923208,3.32581092335
0.00670056,-0.00952137928995,1.99047014911,3.32593901793
0.00670256,-0.00955903797467,1.99043257,3.32606217944
0.00670456,-0.00959518717649,1.99039650067,3.32618038891
0.00670656,-0.00962982118703,1.99036194684,3.32629362815
0.00670856,-0.00966293453716,1.99032891394,3.32640187975
0.00671056,-0.00969452199792,1.9902974072,3.32650512704
0.00671256,-0.00972457858127,1.9902674316,3.32660335414
0.00671456,-0.00975309954093,1.99023899186,3.32669654595
0.00671656,-0.00978008037311,1.99021209248,3.32678468811
0.00671856,-0.00980551681723,1.99018673771,3.32686776709
0.00672056,-0.00982940485657,1.99016293155,3.3269457701
0.00672256,-0.00985174071894,1.99014067776,3.32701868515
0.00672456,-0.00987252087725,1.99011997984,3.32708650101
0.00672656,-0.00989174205006,1.99010084108,3.32714920728
0.00672856,-0.00990940120213,1.9900832645,3.32720679429
0.00673056,-0.00992549554489,1.99006725286,3.32725925321
0.00673256,-0.00994002253683,1.9900528087,3.32730657596
0.00673456,-0.00995297988399,1.9900399343,3.32734875527
0.00673656,-0.00996436554024,1.99002863169,3.32738578466
0.00673856,-0.00997417770767,1.99001890266,3.32741765842
0.00674056,-0.00998241483681,1.99001074874,3.32744437167
0.00674256,-0.00998907562693,1.99000417122,3.3274659203
0.00674456,-0.00999415902621,1.98999917114,3.32748230099
0.00674656,-0.00999766423192,1.98999574929,3.32749351122
0.00674856,-0.00999959069056,1.98999390621,3.32749954928
0.00675056,-0.00999993809791,1.98999364219,3.32750041423
0.00675256,-0.0099987063991,1.98999495727,3.32749610595
0.00675456,-0.00999589578865,1.98999785124,3.32748662509
0.00675656,-0.00999150671038,1.99000232365,3.32747197311
0.00675856,-0.00998553985737,1.99000837379,3.32745215226
0.00676056,-0.00997799617186,1.99001600071,3.32742716559
0.00676256,-0.00996887684509,1.9900252032,3.32739701695
0.00676456,-0.00995818331711,1.99003597981,3.32736171096
0.00676656,-0.00994591727653,1.99004832883,3.32732125305
0.00676856,-0.00993208066033,1.99006224832,3.32727564944
0.00677056,-0.00991667565345,1.99007773608,3.32722490715
0.00677256,-0.00989970468852,1.99009478965,3.32716903397
0.00677456,-0.00988117044547,1.99011340636,3.3271080385
0.00677656,-0.00986107585106,1.99013358326,3.32704193011
0.00677856,-0.00983942407845,1.99015531716,3.32697071896
0.00678056,-0.00981621854672,1.99017860464,3.32689441602
0.00678256,-0.00979146292029,1.99020344201,3.32681303301
0.00678456,-0.00976516110836,1.99022982535,3.32672658244
0.00678656,-0.00973731726429,1.99025775049,3.32663507762
0.00678856,-0.00970793578494,1.99028721303,3.32653853262
0.00679056,-0.00967702131,1.99031820832,3.3264369623
0.00679256,-0.00964457872121,1.99035073145,3.32633038226
0.00679456,-0.00961061314164,1.9903847773,3.32621880893
0.00679656,-0.00957512993484,1.99042034049,3.32610225945
0.00679856,-0.00953813470403,1.99045741539,3.32598075177
0.00680056,-0.00949963329117,1.99049599617,3.32585430459
0.00680256,-0.0094596317761,1.99053607672,3.32572293737
0.00680456,-0.00941813647551,1.99057765071,3.32558667032
0.00680656,-0.009375153942,1.99062071158,3.32544552444
0.00680856,-0.00933069096299,1.99066525254,3.32529952144
0.00681056,-0.00928475455972,1.99071126654,3.32514868382
0.00681256,-0.00923735198607,1.99075874632,3.3249930348
0.00681456,-0.00918849072746,1.99080768439,3.32483259836
0.00681656,-0.00913817849965,1.99085807301,3.3246673992
0.00681856,-0.00908642324751,1.99090990423,3.32449746279
0.00682056,-0.00903323314382,1.99096316986,3.32432281531
0.00682256,-0.00897861658789,1.99101786149,3.32414348367
0.00682456,-0.00892258220432,1.99107397049,3.32395949551
0.00682656,-0.00886513884159,1.991131488,3.32377087919
0.00682856,-0.00880629557067,1.99119040493,3.32357766381
0.00683056,-0.00874606168359,1.99125071198,3.32337987915
0.00683256,-0.00868444669198,1.99131239962,3.32317755571
0.00683456,-0.00862146032557,1.99137545812,3.32297072471
0.00683656,-0.00855711253063,1.99143987752,3.32275941806
0.00683856,-0.00849141346842,1.99150564765,3.32254366836
0.00684056,-0.00842437351359,1.99157275811,3.32232350891
0.00684256,-0.00835600325253,1.99164119831,3.32209897371
0.00684456,-0.00828631348168,1.99171095745,3.3218700974
0.00684656,-0.00821531520588,1.9917820245,3.32163691535
0.00684856,-0.00814301963657,1.99185438825,3.32139946356
0.00685056,-0.00806943819007,1.99192803727,3.32115777872
0.00685256,-0.00799458248573,1.99200295993,3.32091189818
0.00685456,-0.00791846434414,1.9920791444,3.32066185993
0.00685656,-0.00784109578523,1.99215657864,3.32040770262
0.00685856,-0.00776248902641,1.99223525043,3.32014946555
0.00686056,-0.00768265648058,1.99231514735,3.31988718865
0.00686256,-0.00760161075423,1.99239625678,3.3196209125
0.00686456,-0.00751936464543,1.99247856591,3.31935067829
0.00686656,-0.00743593114178,1.99256206175,3.31907652783
0.00686856,-0.0073513234184,1.9926467311,3.31879850357
0.00687056,-0.00726555483584,1.9927325606,3.31851664855
0.00687256,-0.00717863893794,1.9928195367,3.31823100641
0.00687456,-0.00709058944973,1.99290764566,3.31794162139
0.00687656,-0.00700142027526,1.99299687356,3.31764853833
0.00687856,-0.00691114549536,1.99308720633,3.31735180265
0.00688056,-0.00681977936547,1.99317862968,3.31705146034
0.00688256,-0.00672733631336,1.99327112919,3.31674755797
0.00688456,-0.00663383093687,1.99336469025,3.31644014267
0.00688656,-0.00653927800156,1.99345929809,3.31612926213
0.00688856,-0.00644369243845,1.99355493776,3.31581496457
0.00689056,-0.00634708934161,1.99365159416,3.31549729879
0.00689256,-0.00624948396579,1.99374925203,3.31517631409
0.00689456,-0.006150891724,1.99384789595,3.31485206032
0.00689656,-0.0060513281851,1.99394751035,3.31452458784
0.00689856,-0.00595080907133,1.99404807948,3.31419394753
0.00690056,-0.00584935025583,1.99414958747,3.31386019078
0.00690256,-0.00574696776012,1.99425201829,3.31352336947
0.00690456,-0.00564367775157,1.99435535577,3.31318353596
0.00690656,-0.00553949654088,1.99445958359,3.31284074313
0.00690856,-0.00543444057948,1.99456468528,3.31249504429
0.00691056,-0.00532852645691,1.99467064425,3.31214649326
0.00691256,-0.00522177089824,1.99477744378,3.31179514428
0.00691456,-0.00511419076141,1.99488506699,3.31144105207
0.00691656,-0.00500580303457,1.99499349689,3.31108427178
0.00691856,-0.00489662483341,1.99510271636,3.310724859
0.00692056,-0.00478667339843,1.99521270814,3.31036286974
0.00692256,-0.00467596609222,1.99532345488,3.30999836044
0.00692456,-0.00456452039676,1.99543493908,3.30963138793
0.00692656,-0.00445235391062,1.99554714314,3.30926200948
0.00692856,-0.00433948434619,1.99566004935,3.3088902827
0.00693056,-0.00422592952687,1.99577363986,3.30851626562
0.00693256,-0.00411170738428,1.99588789674,3.30814001664
0.00693456,-0.00399683595544,1.99600280196,3.30776159452
0.00693656,-0.00388133337987,1.99611833737,3.30738105837
0.00693856,-0.00376521789677,1.99623448471,3.30699846767
0.00694056,-0.00364850784211,1.99635122566,3.30661388223
0.00694256,-0.00353122164576,1.99646854177,3.30622736219
0.00694456,-0.00341337782859,1.99658641453,3.305838968
0.00694656,-0.00329499499948,1.99670482531,3.30544876043
0.00694856,-0.00317609185247,1.99682375542,3.30505680057
0.00695056,-0.00305668716374,1.99694318608,3.30466314978
0.00695256,-0.00293679978867,1.99706309843,3.30426786972
0.00695456,-0.00281644865887,1.99718347353,3.30387102232
0.00695656,-0.00269565277917,1.99730429238,3.30347266977
0.00695856,-0.00257443122465,1.99742553589,3.30307287451
0.00696056,-0.0024528031376,1.99754718493,3.30267169926
0.00696256,-0.0023307877245,1.99766922027,3.30226920693
0.00696456,-0.002208404253,1.99779162266,3.3018654607
0.00696656,-0.00208567204887,1.99791437275,3.30146052393
0.00696856,-0.00196261049294,1.99803745118,3.30105446022
0.00697056,-0.00183923901806,1.99816083849,3.30064733335
0.00697256,-0.00171557710602,1.99828451522,3.30023920729
0.00697456,-0.00159164428447,1.99840846182,3.29983014619
0.00697656,-0.00146746012384,1.99853265872,3.29942021437
0.00697856,-0.00134304423424,1.99865708632,3.2990094763
0.00698056,-0.00121841626239,1.99878172496,3.2985979966
0.00698256,-0.00109359588848,1.99890655497,3.29818584005
0.00698456,-0.000968602823107,1.99903155663,3.29777307152
0.00698656,-0.00084345680412,1.9991567102,3.29735975602
0.00698856,-0.000718177593525,1.99928199591,3.29694595868
0.00699056,-0.000592784974363,1.99940739399,3.2965317447
0.00699256,-0.000467298747582,1.99953288463,3.29611717938
0.00699456,-0.000341738728912,1.99965844802,3.2957023281
0.00699656,-0.000216124745734,1.99978406433,3.2952872563
0.00699856,-9.04766339542e-05,1.99990971372,3.29487202949
0.00700056,3.51857651353e-05,2.00003537634,3.2944567132
0.00700256,0.000160842607985,2.00016103237,3.29404137303
0.00700456,0.000286474051921,2.00028666195,3.29362607457
0.00700656,0.000412060258285,2.00041224524,3.29321088346
0.00700856,0.000537581395556,2.00053776242,3.29279586531
0.00701056,0.000663017642494,2.00066319366,3.29238108575
0.00701256,0.000788349191259,2.00078851916,3.29196661039
0.00701456,0.000913556250549,2.00091371913,3.29155250479
0.00701656,0.00103861904872,2.00103877379,3.29113883452
0.00701856,0.0011635178369,2.0011636634,3.29072566505
0.00702056,0.00128823289212,2.00128836824,3.29031306182
0.00702256,0.00141274452044,2.00141286861,3.28990109021
0.00702456,0.00153703306002,2.00153714486,3.28948981549
0.00702656,0.00166107888426,2.00166117736,3.28907930288
0.00702856,0.00178486240489,2.00178494652,3.28866961747
0.00703056,0.00190836407506,2.0019084328,3.28826082424
0.00703256,0.00203156439242,2.0020316167,3.28785298808
0.00703456,0.00215444390221,2.00215447877,3.28744617371
0.00703656,0.00227698320033,2.0022769996,3.28704044574
0.00703856,0.00239916293641,2.00239915986,3.2866358686
0.00704056,0.00252096381685,2.00252094024,3.28623250658
0.00704256,0.00264236660787,2.00264232151,3.28583042379
0.00704456,0.00276335213858,2.00276328452,3.28542968416
0.00704656,0.00288390130396,2.00288381016,3.28503035141
0.00704856,0.00300399506788,2.00300387939,3.28463248908
0.00705056,0.00312361446616,2.00312347326,3.28423616047
0.00705256,0.00324274060951,2.00324257288,3.28384142869
0.00705456,0.00336135468652,2.00336115944,3.28344835658
0.00705656,0.00347943796667,2.00347921422,3.28305700675
0.00705856,0.00359697180322,2.00359671857,3.28266744156
0.00706056,0.00371393763623,2.00371365394,3.2822797231
0.00706256,0.00383031699543,2.00383000187,3.28189391318
0.00706456,0.00394609150317,2.00394574398,3.28151007333
0.00706656,0.00406124287733,2.00406086199,3.28112826478
0.00706856,0.00417575293415,2.00417533773,3.28074854846
0.00707056,0.00428960359118,2.00428915312,3.28037098497
0.00707256,0.00440277687007,2.00440229018,3.27999563461
0.00707456,0.00451525489946,2.00451473106,3.27962255731
0.00707656,0.00462701991776,2.00462645799,3.27925181268
0.00707856,0.00473805427597,2.00473745333,3.27888345997
0.00708056,0.00484834044049,2.00484769956,3.27851755805
0.00708256,0.00495786099585,2.00495717926,3.27815416544
0.00708456,0.00506659864748,2.00506587515,3.27779334026
0.00708656,0.00517453622445,2.00517377006,3.27743514022
0.00708856,0.00528165668217,2.00528084696,3.27707962266
0.00709056,0.00538794310507,2.00538708893,3.27672684448
0.00709256,0.0054933787093,2.0054924792,3.27637686217
0.00709456,0.00559794684535,2.00559700113,3.27602973178
0.00709656,0.00570163100069,2.00570063821,3.27568550892
0.00709856,0.00580441480241,2.00580337408,3.27534424875
0.00710056,0.00590628201974,2.00590519251,3.27500600598
0.00710256,0.00600721656667,2.00600607743,3.27467083483
0.00710456,0.00610720250447,2.0061060129,3.27433878905
0.00710656,0.0062062240442,2.00620498315,3.2740099219
0.00710856,0.00630426554921,2.00630297253,3.27368428617
0.00711056,0.0064013115376,2.00639996559,3.2733619341
0.00711256,0.0064973466847,2.00649594701,3.27304291744
0.00711456,0.00659235582543,2.00659090162,3.27272728742
0.00711656,0.00668632395676,2.00668481444,3.27241509474
0.00711856,0.00677923624003,2.00677767062,3.27210638954
0.00712056,0.0068710780033,2.00686945553,3.27180122143
0.00712256,0.00696183474371,2.00696015464,3.27149963946
0.00712456,0.00705149212971,2.00704975365,3.27120169211
0.00712656,0.00714003600335,2.00713823841,3.27090742729
0.00712856,0.00722745238255,2.00722559494,3.27061689233
0.00713056,0.00731372746322,2.00731180945,3.27033013397
0.00713256,0.00739884762155,2.00739686832,3.27004719834
0.00713456,0.00748279941607,2.00748075813,3.26976813099
0.00713656,0.00756556958981,2.00756346561,3.26949297684
0.00713856,0.00764714507242,2.00764497773,3.26922178018
0.00714056,0.00772751298217,2.0077252816,3.26895458469
0.00714256,0.00780666062804,2.00780436453,3.26869143341
0.00714456,0.0078845755117,2.00788221406,3.26843236874
0.00714656,0.00796124532948,2.00795881787,3.26817743242
0.00714856,0.00803665797434,2.00803416388,3.26792666554
0.00715056,0.00811080153774,2.00810824018,3.26768010852
0.00715256,0.00818366431155,2.00818103508,3.26743780112
0.00715456,0.0082552347899,2.00825253709,3.26719978241
0.00715656,0.00832550167098,2.00832273491,3.26696609077
0.00715856,0.00839445385884,2.00839161745,3.26673676392
0.00716056,0.00846208046511,2.00845917385,3.26651183885
0.00716256,0.00852837081079,2.00852539342,3.26629135185
0.00716456,0.00859331442785,2.00859026572,3.26607533852
0.00716656,0.00865690106095,2.00865378051,3.26586383372
0.00716856,0.00871912066901,2.00871592774,3.26565687161
0.00717056,0.00877996342685,2.00877669761,3.2654544856
0.00717256,0.00883941972668,2.00883608053,3.26525670838
0.00717456,0.00889748017967,2.0088940671,3.26506357189
0.00717656,0.00895413561739,2.00895064819,3.26487510735
0.00717856,0.0090093770933,2.00900581485,3.26469134519
0.00718056,0.00906319588412,2.00905955836,3.26451231512
0.00718256,0.00911558349125,2.00911187026,3.26433804607
0.00718456,0.00916653164208,2.00916274226,3.26416856621
0.00718656,0.0092160322913,2.00921216635,3.26400390293
0.00718856,0.00926407762219,2.00926013471,3.26384408287
0.00719056,0.00931066004782,2.00930663978,3.26368913186
0.00719256,0.0093557722123,2.0093516742,3.26353907497
0.00719456,0.0093994069919,2.00939523087,3.26339393646
0.00719656,0.00944155749617,2.0094373029,3.26325373981
0.00719856,0.00948221706906,2.00947788366,3.2631185077
0.00720056,0.00952137928995,2.00951696674,3.26298826201
0.00720256,0.00955903797468,2.00955454596,3.26286302382
0.00720456,0.0095951871765,2.00959061539,3.26274281339
0.00720656,0.00962982118703,2.00962516933,3.26262765018
0.00720856,0.00966293453717,2.00965820234,3.26251755283
0.00721056,0.00969452199792,2.00968970918,3.26241253915
0.00721256,0.00972457858127,2.00971968489,3.26231262615
0.00721456,0.00975309954093,2.00974812473,3.26221783
0.00721656,0.00978008037311,2.00977502422,3.26212816605
0.00721856,0.00980551681723,2.0098003791,3.26204364882
0.00722056,0.00982940485657,2.00982418537,3.26196429199
0.00722256,0.00985174071894,2.00984643927,3.26189010842
0.00722456,0.00987252087725,2.00986713729,3.26182111011
0.00722656,0.00989174205006,2.00988627616,3.26175730825
0.00722856,0.00990940120214,2.00990385285,3.26169871316
0.00723056,0.00992549554489,2.00991986459,3.26164533434
0.00723256,0.00994002253683,2.00993430886,3.26159718043
0.00723456,0.00995297988399,2.00994718337,3.26155425923
0.00723656,0.00996436554024,2.00995848608,3.2615165777
0.00723856,0.00997417770767,2.00996821522,3.26148414193
0.00724056,0.00998241483681,2.00997636925,3.26145695719
0.00724256,0.00998907562693,2.00998294688,3.26143502788
0.00724456,0.00999415902621,2.00998794706,3.26141835755
0.00724656,0.00999766423192,2.00999136902,3.2614069489
0.00724856,0.00999959069056,2.00999321221,3.26140080378
0.00725056,0.0099999380979,2.00999347634,3.26139992318
0.00725256,0.0099987063991,2.00999216137,3.26140430725
0.00725456,0.00999589578865,2.0099892675,3.26141395527
0.00725656,0.00999150671038,2.0099847952,3.26142886569
0.00725856,0.00998553985737,2.00997874517,3.26144903609
0.00726056,0.00997799617186,2.00997111836,3.2614744632
0.00726256,0.00996887684509,2.00996191597,3.2615051429
0.00726456,0.00995818331711,2.00995113947,3.26154107022
0.00726656,0.00994591727653,2.00993879056,3.26158223934
0.00726856,0.00993208066033,2.00992487118,3.26162864359
0.00727056,0.00991667565345,2.00990938353,3.26168027546
0.00727256,0.00989970468852,2.00989233006,3.26173712658
0.00727456,0.00988117044547,2.00987371345,3.26179918774
0.00727656,0.00986107585105,2.00985353666,3.2618664489
0.00727856,0.00983942407845,2.00983180287,3.26193889915
0.00728056,0.00981621854672,2.0098085155,3.26201652677
0.00728256,0.00979146292029,2.00978367824,3.26209931919
0.00728456,0.00976516110836,2.00975729501,3.26218726299
0.00728656,0.00973731726429,2.00972936997,3.26228034394
0.00728856,0.00970793578494,2.00969990754,3.26237854697
0.00729056,0.00967702131,2.00966891236,3.26248185618
0.00729256,0.00964457872121,2.00963638933,3.26259025484
0.00729456,0.00961061314164,2.00960234359,3.26270372541
0.00729656,0.00957512993484,2.00956678051,3.26282224952
0.00729856,0.00953813470403,2.00952970571,3.262945808
0.00730056,0.00949963329117,2.00949112505,3.26307438083
0.00730256,0.0094596317761,2.0094510446,3.26320794723
0.00730456,0.00941813647551,2.00940947072,3.26334648557
0.00730656,0.009375153942,2.00936640995,3.26348997345
0.00730856,0.00933069096299,2.00932186911,3.26363838766
0.00731056,0.00928475455972,2.00927585521,3.26379170418
0.00731256,0.00923735198607,2.00922837554,3.26394989823
0.00731456,0.00918849072746,2.00917943758,3.26411294421
0.00731656,0.00913817849964,2.00912904907,3.26428081578
0.00731856,0.00908642324751,2.00907721795,3.26445348579
0.00732056,0.00903323314382,2.00902395243,3.26463092632
0.00732256,0.00897861658789,2.0089692609,3.2648131087
0.00732456,0.00892258220432,2.00891315201,3.26500000349
0.00732656,0.00886513884159,2.00885563461,3.26519158048
0.00732856,0.00880629557067,2.00879671779,3.26538780873
0.00733056,0.00874606168359,2.00873641084,3.26558865654
0.00733256,0.00868444669198,2.00867472331,3.26579409146
0.00733456,0.00862146032557,2.00861166491,3.26600408033
0.00733656,0.00855711253063,2.00854724562,3.26621858923
0.00733856,0.00849141346842,2.00848147561,3.26643758354
0.00734056,0.00842437351359,2.00841436525,3.26666102791
0.00734256,0.00835600325252,2.00834592516,3.26688888628
0.00734456,0.00828631348168,2.00827616613,3.26712112188
0.00734656,0.00821531520588,2.00820509918,3.26735769725
0.00734856,0.00814301963657,2.00813273554,3.26759857422
0.00735056,0.00806943819006,2.00805908662,3.26784371395
0.00735256,0.00799458248572,2.00798416407,3.26809307692
0.00735456,0.00791846434413,2.00790797971,3.26834662292
0.00735656,0.00784109578523,2.00783054558,3.26860431109
0.00735856,0.00776248902641,2.00775187389,3.2688660999
0.00736056,0.00768265648058,2.00767197708,3.26913194717
0.00736256,0.00760161075423,2.00759086776,3.26940181007
0.00736456,0.00751936464543,2.00750855874,3.26967564515
0.00736656,0.00743593114178,2.00742506301,3.26995340832
0.00736856,0.0073513234184,2.00734039376,3.27023505485
0.00737056,0.00726555483583,2.00725456437,3.27052053942
0.00737256,0.00717863893794,2.00716758838,3.27080981608
0.00737456,0.00709058944973,2.00707947953,3.2711028383
0.00737656,0.00700142027526,2.00699025173,3.27139955894
0.00737856,0.00691114549536,2.00689991907,3.2716999303
0.00738056,0.00681977936547,2.00680849582,3.27200390407
0.00738256,0.00672733631336,2.00671599642,3.27231143139
0.00738456,0.00663383093686,2.00662243547,3.27262246286
0.00738656,0.00653927800156,2.00652782774,3.27293694849
0.00738856,0.00644369243845,2.00643218818,3.27325483778
0.00739056,0.00634708934161,2.00633553188,3.27357607967
0.00739256,0.00624948396578,2.00623787412,3.2739006226
0.00739456,0.00615089172399,2.0061392303,3.27422841446
0.00739656,0.0060513281851,2.00603961602,3.27455940267
0.00739856,0.00595080907133,2.00593904699,3.27489353412
0.00740056,0.00584935025583,2.00583753911,3.27523075522
0.00740256,0.00574696776011,2.00573510839,3.27557101191
0.00740456,0.00564367775157,2.00563177102,3.27591424963
0.00740656,0.00553949654088,2.00552754332,3.27626041339
0.00740856,0.00543444057947,2.00542244173,3.27660944771
0.00741056,0.0053285264569,2.00531648286,3.2769612967
0.00741256,0.00522177089823,2.00520968344,3.27731590401
0.00741456,0.00511419076141,2.00510206034,3.27767321288
0.00741656,0.00500580303457,2.00499363055,3.27803316611
0.00741856,0.00489662483341,2.00488441119,3.27839570612
0.00742056,0.00478667339842,2.00477441951,3.27876077492
0.00742256,0.00467596609222,2.00466367288,3.27912831412
0.00742456,0.00456452039676,2.00455218878,3.27949826498
0.00742656,0.00445235391062,2.00443998483,3.27987056836
0.00742856,0.00433948434618,2.00432707873,3.28024516478
0.00743056,0.00422592952686,2.00421348833,3.28062199441
0.00743256,0.00411170738428,2.00409923155,3.28100099708
0.00743456,0.00399683595544,2.00398432644,3.28138211228
0.00743656,0.00388133337987,2.00386879114,3.28176527919
0.00743856,0.00376521789676,2.0037526439,3.28215043668
0.00744056,0.0036485078421,2.00363590306,3.28253752333
0.00744256,0.00353122164576,2.00351858706,3.28292647741
0.00744456,0.00341337782858,2.00340071441,3.28331723692
0.00744656,0.00329499499948,2.00328230373,3.2837097396
0.00744856,0.00317609185247,2.00316337373,3.28410392293
0.00745056,0.00305668716373,2.00304394318,3.28449972412
0.00745256,0.00293679978866,2.00292403094,3.28489708017
0.00745456,0.00281644865886,2.00280365594,3.28529592783
0.00745656,0.00269565277917,2.0026828372,3.28569620366
0.00745856,0.00257443122465,2.0025615938,3.28609784397
0.00746056,0.0024528031376,2.00243994487,3.28650078492
0.00746256,0.0023307877245,2.00231790963,3.28690496244
0.00746456,0.002208404253,2.00219550735,3.28731031232
0.00746656,0.00208567204886,2.00207275736,3.28771677017
0.00746856,0.00196261049293,2.00194967905,3.28812427143
0.00747056,0.00183923901806,2.00182629184,3.28853275142
0.00747256,0.00171557710602,2.00170261522,3.28894214531
0.00747456,0.00159164428447,2.00157866873,3.28935238815
0.00747656,0.00146746012383,2.00145447193,3.28976341487
0.00747856,0.00134304423423,2.00133004444,3.29017516031
0.00748056,0.00121841626238,2.0012054059,3.29058755921
0.00748256,0.00109359588848,2.00108057601,3.29100054622
0.00748456,0.000968602823103,2.00095557446,3.29141405594
0.00748656,0.000843456804116,2.000830421,3.29182802288
0.00748856,0.000718177593521,2.00070513539,3.29224238152
0.00749056,0.000592784974359,2.00057973741,3.29265706629
0.00749256,0.000467298747578,2.00045424688,3.29307201159
0.00749456,0.000341738728907,2.0003286836,3.29348715181
0.00749656,0.00021612474573,2.0002030674,3.29390242132
0.00749856,9.047663395e-05,2.00007741812,3.29431775449
0.00750056,-3.51857651394e-05,1.9999517556,3.29473308572
0.00750256,-0.000160842607989,1.99982609968,3.2951483494
0.00750456,-0.000286474051926,1.99970047021,3.29556347999
0.00750656,-0.000412060258289,1.99957488702,3.29597841196
0.00750856,-0.00053758139556,1.99944936995,3.29639307985
0.00751056,-0.000663017642498,1.99932393882,3.29680741827
0.00751256,-0.000788349191264,1.99919861342,3.29722136187
0.00751456,-0.000913556250553,1.99907341356,3.29763484543
0.00751656,-0.00103861904872,1.99894835901,3.29804780379
0.00751856,-0.0011635178369,1.9988234695,3.2984601719
0.00752056,-0.00128823289213,1.99869876477,3.29887188484
0.00752256,-0.00141274452044,1.99857426451,3.29928287781
0.00752456,-0.00153703306002,1.99844998837,3.29969308612
0.00752656,-0.00166107888427,1.99832595598,3.30010244526
0.00752856,-0.0017848624049,1.99820218692,3.30051089085
0.00753056,-0.00190836407507,1.99807870075,3.30091835869
0.00753256,-0.00203156439242,1.99795551695,3.30132478474
0.00753456,-0.00215444390221,1.99783265499,3.30173010516
0.00753656,-0.00227698320033,1.99771013427,3.3021342563
0.00753856,-0.00239916293641,1.99758797412,3.30253717469
0.00754056,-0.00252096381685,1.99746619385,3.30293879712
0.00754256,-0.00264236660788,1.99734481268,3.30333906057
0.00754456,-0.00276335213859,1.99722384978,3.30373790226
0.00754656,-0.00288390130396,1.99710332425,3.30413525967
0.00754856,-0.00300399506789,1.99698325513,3.3045310705
0.00755056,-0.00312361446617,1.99686366136,3.30492527273
0.00755256,-0.00324274060951,1.99674456185,3.30531780464
0.00755456,-0.00336135468653,1.9966259754,3.30570860473
0.00755656,-0.00347943796667,1.99650792073,3.30609761186
0.00755856,-0.00359697180322,1.99639041648,3.30648476512
0.00756056,-0.00371393763623,1.99627348122,3.30687000397
0.00756256,-0.00383031699543,1.9961571334,3.30725326815
0.00756456,-0.00394609150318,1.99604139139,3.30763449775
0.00756656,-0.00406124287733,1.99592627349,3.30801363317
0.00756856,-0.00417575293415,1.99581179786,3.30839061519
0.00757056,-0.00428960359118,1.99569798257,3.30876538492
0.00757256,-0.00440277687007,1.99558484562,3.30913788384
0.00757456,-0.00451525489946,1.99547240485,3.3095080538
0.00757656,-0.00462701991776,1.99536067803,3.30987583703
0.00757856,-0.00473805427597,1.99524968279,3.31024117617
0.00758056,-0.00484834044049,1.99513943667,3.31060401423
0.00758256,-0.00495786099585,1.99502995708,3.31096429465
0.00758456,-0.00506659864748,1.9949212613,3.31132196126
0.00758656,-0.00517453622446,1.99481336649,3.31167695833
0.00758856,-0.00528165668218,1.9947062897,3.31202923057
0.00759056,-0.00538794310508,1.99460004784,3.31237872312
0.00759256,-0.0054933787093,1.99449465767,3.31272538156
0.00759456,-0.00559794684535,1.99439013585,3.31306915195
0.00759656,-0.0057016310007,1.99428649887,3.31340998078
0.00759856,-0.00580441480241,1.99418376311,3.31374781506
0.00760056,-0.00590628201974,1.99408194479,3.31408260223
0.00760256,-0.00600721656668,1.99398105998,3.31441429025
0.00760456,-0.00610720250448,1.99388112462,3.31474282758
0.00760656,-0.0062062240442,1.99378215448,3.31506816316
0.00760856,-0.00630426554921,1.9936841652,3.31539024645
0.00761056,-0.0064013115376,1.99358717224,3.31570902744
0.00761256,-0.0064973466847,1.99349119094,3.31602445664
0.00761456,-0.00659235582544,1.99339623643,3.31633648508
0.00761656,-0.00668632395676,1.99330232372,3.31664506435
0.00761856,-0.00677923624003,1.99320946764,3.31695014658
0.00762056,-0.00687107800331,1.99311768285,3.31725168444
0.00762256,-0.00696183474371,1.99302698384,3.31754963119
0.00762456,-0.00705149212971,1.99293738493,3.31784394063
0.00762656,-0.00714003600336,1.99284890028,3.31813456716
0.00762856,-0.00722745238255,1.99276154386,3.31842146575
0.00763056,-0.00731372746323,1.99267532946,3.31870459195
0.00763256,-0.00739884762155,1.9925902707,3.31898390191
0.00763456,-0.00748279941607,1.992506381,3.3192593524
0.00763656,-0.00756556958982,1.99242367362,3.31953090077
0.00763856,-0.00764714507242,1.99234216161,3.319798505
0.00764056,-0.00772751298217,1.99226185785,3.32006212368
0.00764256,-0.00780666062804,1.99218277502,3.32032171603
0.00764456,-0.0078845755117,1.9921049256,3.32057724191
0.00764656,-0.00796124532949,1.9920283219,3.3208286618
0.00764856,-0.00803665797434,1.991952976,3.32107593684
0.00765056,-0.00811080153774,1.9918788998,3.32131902881
0.00765256,-0.00818366431156,1.991806105,3.32155790015
0.00765456,-0.00825523478991,1.99173460311,3.32179251395
0.00765656,-0.00832550167099,1.9916644054,3.32202283396
0.00765856,-0.00839445385884,1.99159552296,3.32224882463
0.00766056,-0.00846208046512,1.99152796667,3.32247045106
0.00766256,-0.00852837081079,1.9914617472,3.32268767902
0.00766456,-0.00859331442785,1.99139687501,3.32290047501
0.00766656,-0.00865690106095,1.99133336033,3.32310880616
0.00766856,-0.00871912066902,1.9912712132,3.32331264035
0.00767056,-0.00877996342685,1.99121044344,3.32351194613
0.00767256,-0.00883941972668,1.99115106063,3.32370669275
0.00767456,-0.00889748017967,1.99109307416,3.32389685019
0.00767656,-0.00895413561739,1.99103649319,3.32408238912
0.00767856,-0.0090093770933,1.99098132664,3.32426328094
0.00768056,-0.00906319588412,1.99092758322,3.32443949776
0.00768256,-0.00911558349126,1.99087527144,3.32461101243
0.00768456,-0.00916653164208,1.99082439954,3.32477779853
0.00768656,-0.0092160322913,1.99077497556,3.32493983034
0.00768856,-0.00926407762219,1.9907270073,3.32509708291
0.00769056,-0.00931066004782,1.99068050235,3.32524953202
0.00769256,-0.00935577221231,1.99063546803,3.32539715419
0.00769456,-0.0093994069919,1.99059191147,3.32553992668
0.00769656,-0.00944155749617,1.99054983954,3.32567782752
0.00769856,-0.00948221706906,1.99050925889,3.32581083547
0.00770056,-0.00952137928995,1.99047017592,3.32593893005
0.00770256,-0.00955903797468,1.99043259681,3.32606209156
0.00770456,-0.0095951871765,1.99039652749,3.32618030103
0.00770656,-0.00962982118703,1.99036197365,3.32629354028
0.00770856,-0.00966293453717,1.99032894075,3.32640179188
0.00771056,-0.00969452199792,1.99029743402,3.32650503918
0.00771256,-0.00972457858127,1.99026745841,3.32660326628
0.00771456,-0.00975309954093,1.99023901868,3.32669645809
0.00771656,-0.00978008037312,1.9902121193,3.32678460026
0.00771856,-0.00980551681723,1.99018676452,3.32686767924
0.00772056,-0.00982940485658,1.99016295836,3.32694568225
0.00772256,-0.00985174071894,1.99014070457,3.3270185973
0.00772456,-0.00987252087725,1.99012000666,3.32708641317
0.00772656,-0.00989174205006,1.9901008679,3.32714911943
0.00772856,-0.00990940120214,1.99008329131,3.32720670645
0.00773056,-0.00992549554489,1.99006727967,3.32725916537
0.00773256,-0.00994002253683,1.99005283551,3.32730648812
0.00773456,-0.00995297988399,1.99003996111,3.32734866744
0.00773656,-0.00996436554024,1.9900286585,3.32738569682
0.00773856,-0.00997417770767,1.99001892947,3.32741757059
0.00774056,-0.00998241483681,1.99001077555,3.32744428384
0.00774256,-0.00998907562693,1.99000419803,3.32746583247
0.00774456,-0.00999415902621,1.98999919795,3.32748221316
0.00774656,-0.00999766423192,1.9899957761,3.3274934234
0.00774856,-0.00999959069056,1.98999393302,3.32749946146
0.00775056,-0.0099999380979,1.989993669,3.32750032641
0.00775256,-0.0099987063991,1.98999498408,3.32749601812
0.00775456,-0.00999589578865,1.98999787805,3.32748653726
0.00775656,-0.00999150671038,1.99000235046,3.32747188528
0.00775856,-0.00998553985737,1.9900084006,3.32745206444
0.00776056,-0.00997799617186,1.99001602752,3.32742707777
0.00776256,-0.00996887684509,1.99002523001,3.32739692912
0.00776456,-0.00995818331711,1.99003600661,3.32736162313
0.00776656,-0.00994591727653,1.99004835564,3.32732116523
0.00776856,-0.00993208066033,1.99006227512,3.32727556162
0.00777056,-0.00991667565345,1.99007776288,3.32722481933
0.00777256,-0.00989970468852,1.99009481646,3.32716894615
0.00777456,-0.00988117044547,1.99011343317,3.32710795067
0.00777656,-0.00986107585105,1.99013361007,3.32704184228
0.00777856,-0.00983942407845,1.99015534397,3.32697063114
0.00778056,-0.00981621854672,1.99017863144,3.32689432819
0.00778256,-0.00979146292029,1.99020346881,3.32681294518
0.00778456,-0.00976516110836,1.99022985215,3.32672649461
0.00778656,-0.00973731726429,1.9902577773,3.32663498979
0.00778856,-0.00970793578494,1.99028723984,3.32653844479
0.00779056,-0.00967702131,1.99031823512,3.32643687446
0.00779256,-0.00964457872121,1.99035075826,3.32633029443
0.00779456,-0.00961061314163,1.99038480411,3.32621872109
0.00779656,-0.00957512993484,1.99042036729,3.32610217161
0.00779856,-0.00953813470402,1.9904574422,3.32598066393
0.00780056,-0.00949963329117,1.99049602297,3.32585421674
0.00780256,-0.0094596317761,1.99053610352,3.32572284952
0.00780456,-0.00941813647551,1.99057767751,3.32558658247
0.00780656,-0.00937515394199,1.99062073839,3.32544543658
0.00780856,-0.00933069096299,1.99066527934,3.32529943359
0.00781056,-0.00928475455972,1.99071129334,3.32514859596
0.00781256,-0.00923735198607,1.99075877312,3.32499294694
0.00781456,-0.00918849072746,1.99080771119,3.32483251049
0.00781656,-0.00913817849964,1.99085809981,3.32466731134
0.00781856,-0.00908642324751,1.99090993103,3.32449737492
0.00782056,-0.00903323314381,1.99096319666,3.32432272743
0.00782256,-0.00897861658789,1.99101788829,3.32414339579
0.00782456,-0.00892258220432,1.99107399729,3.32395940762
0.00782656,-0.00886513884159,1.9911315148,3.32377079131
0.00782856,-0.00880629557067,1.99119043173,3.32357757592
0.00783056,-0.00874606168359,1.99125073878,3.32337979125
0.00783256,-0.00868444669198,1.99131242642,3.32317746781
0.00783456,-0.00862146032557,1.99137548492,3.32297063681
0.00783656,-0.00855711253062,1.99143990432,3.32275933015
0.00783856,-0.00849141346842,1.99150567444,3.32254358045
0.00784056,-0.00842437351359,1.9915727849,3.322323421
0.00784256,-0.00835600325252,1.99164122511,3.32209888579
0.00784456,-0.00828631348168,1.99171098424,3.32187000948
0.00784656,-0.00821531520587,1.9917820513,3.32163682742
0.00784856,-0.00814301963657,1.99185441505,3.32139937563
0.00785056,-0.00806943819006,1.99192806407,3.32115769079
0.00785256,-0.00799458248572,1.99200298673,3.32091181023
0.00785456,-0.00791846434413,1.99207917119,3.32066177198
0.00785656,-0.00784109578523,1.99215660544,3.32040761466
0.00785856,-0.0077624890264,1.99223527723,3.32014937759
0.00786056,-0.00768265648057,1.99231517415,3.31988710068
0.00786256,-0.00760161075423,1.99239628358,3.31962082453
0.00786456,-0.00751936464542,1.99247859271,3.31935059031
0.00786656,-0.00743593114177,1.99256208854,3.31907643985
0.00786856,-0.0073513234184,1.99264675789,3.31879841559
0.00787056,-0.00726555483583,1.9927325874,3.31851656055
0.00787256,-0.00717863893793,1.99281956349,3.3182309184
0.00787456,-0.00709058944973,1.99290767245,3.31794153338
0.00787656,-0.00700142027525,1.99299690036,3.31764845032
0.00787856,-0.00691114549536,1.99308723312,3.31735171463
0.00788056,-0.00681977936547,1.99317865647,3.31705137232
0.00788256,-0.00672733631336,1.99327115599,3.31674746994
0.00788456,-0.00663383093686,1.99336471705,3.31644005464
0.00788656,-0.00653927800155,1.99345932488,3.31612917408
0.00788856,-0.00644369243845,1.99355496455,3.31581487652
0.00789056,-0.00634708934161,1.99365162095,3.31549721073
0.00789256,-0.00624948396578,1.99374927883,3.31517622602
0.00789456,-0.00615089172399,1.99384792275,3.31485197225
0.00789656,-0.00605132818509,1.99394753714,3.31452449976
0.00789856,-0.00595080907133,1.99404810627,3.31419385945
0.00790056,-0.00584935025583,1.99414961426,3.31386010269
0.00790256,-0.00574696776011,1.99425204508,3.31352328137
0.00790456,-0.00564367775156,1.99435538256,3.31318344786
0.00790656,-0.00553949654088,1.99445961038,3.31284065501
0.00790856,-0.00543444057947,1.99456471207,3.31249495617
0.00791056,-0.0053285264569,1.99467067104,3.31214640513
0.00791256,-0.00522177089823,1.99477747057,3.31179505614
0.00791456,-0.0051141907614,1.99488509378,3.31144096392
0.00791656,-0.00500580303457,1.99499352368,3.31108418362
0.00791856,-0.00489662483341,1.99510274314,3.31072477083
0.00792056,-0.00478667339842,1.99521273493,3.31036278157
0.00792256,-0.00467596609221,1.99532348167,3.30999827226
0.00792456,-0.00456452039676,1.99543496587,3.30963129975
0.00792656,-0.00445235391061,1.99554716993,3.30926192128
0.00792856,-0.00433948434618,1.99566007613,3.3088901945
0.00793056,-0.00422592952686,1.99577366665,3.30851617741
0.00793256,-0.00411170738428,1.99588792353,3.30813992842
0.00793456,-0.00399683595544,1.99600282875,3.30776150629
0.00793656,-0.00388133337986,1.99611836415,3.30738097014
0.00793856,-0.00376521789676,1.9962345115,3.30699837943
0.00794056,-0.0036485078421,1.99635125245,3.30661379398
0.00794256,-0.00353122164575,1.99646856856,3.30622727393
0.00794456,-0.00341337782858,1.99658644132,3.30583887973
0.00794656,-0.00329499499947,1.9967048521,3.30544867216
0.00794856,-0.00317609185246,1.99682378221,3.30505671229
0.00795056,-0.00305668716373,1.99694321287,3.30466306149
0.00795256,-0.00293679978866,1.99706312522,3.30426778142
0.00795456,-0.00281644865886,1.99718350032,3.30387093401
0.00795656,-0.00269565277916,1.99730431917,3.30347258145
0.00795856,-0.00257443122465,1.99742556268,3.30307278619
0.00796056,-0.00245280313759,1.99754721171,3.30267161092
0.00796256,-0.00233078772449,1.99766924706,3.30226911859
0.00796456,-0.00220840425299,1.99779164944,3.30186537234
0.00796656,-0.00208567204886,1.99791439954,3.30146043557
0.00796856,-0.00196261049293,1.99803747796,3.30105437185
0.00797056,-0.00183923901805,1.99816086528,3.30064724497
0.00797256,-0.00171557710602,1.998284542,3.30023911891
0.00797456,-0.00159164428446,1.9984084886,3.2998300578
0.00797656,-0.00146746012383,1.99853268551,3.29942012596
0.00797856,-0.00134304423423,1.9986571131,3.29900938788
0.00798056,-0.00121841626238,1.99878175175,3.29859790818
0.00798256,-0.00109359588847,1.99890658175,3.29818575161
0.00798456,-0.000968602823099,1.99903158341,3.29777298308
0.00798656,-0.000843456804112,1.99915673698,3.29735966757
0.00798856,-0.000718177593517,1.99928202269,3.29694587022
0.00799056,-0.000592784974355,1.99940742077,3.29653165623
0.00799256,-0.000467298747574,1.99953291141,3.2961170909
0.00799456,-0.000341738728903,1.9996584748,3.29570223961
0.00799656,-0.000216124745726,1.99978409111,3.29528716781
0.00799856,-9.04766339459e-05,1.9999097405,3.29487194098
0.00800056,3.51857651436e-05,2.00003540312,3.29445662469
0.00800256,0.000160842607993,2.00016105915,3.29404128451
0.00800456,0.00028647405193,2.00028668873,3.29362598604
0.00800656,0.000412060258293,2.00041227202,3.29321079492
0.00800856,0.000537581395565,2.0005377892,3.29279577676
0.00801056,0.000663017642502,2.00066322044,3.29238099719
0.00801256,0.000788349191268,2.00078854594,3.29196652182
0.00801456,0.000913556250557,2.00091374591,3.29155241622
0.00801656,0.00103861904872,2.00103880057,3.29113874593
0.00801856,0.0011635178369,2.00116369018,3.29072557645
0.00802056,0.00128823289213,2.00128839502,3.29031297322
0.00802256,0.00141274452045,2.00141289539,3.28990100159
0.00802456,0.00153703306003,2.00153717164,3.28948972687
0.00802656,0.00166107888427,2.00166120414,3.28907921425
0.00802856,0.0017848624049,2.0017849733,3.28866952883
0.00803056,0.00190836407507,2.00190845958,3.2882607356
0.00803256,0.00203156439243,2.00203164348,3.28785289942
0.00803456,0.00215444390221,2.00215450555,3.28744608505
0.00803656,0.00227698320034,2.00227702638,3.28704035706
0.00803856,0.00239916293641,2.00239918663,3.28663577992
0.00804056,0.00252096381685,2.00252096701,3.28623241789
0.00804256,0.00264236660788,2.00264234829,3.28583033509
0.00804456,0.00276335213859,2.0027633113,3.28542959545
0.00804656,0.00288390130396,2.00288383693,3.28503026269
0.00804856,0.00300399506789,2.00300390616,3.28463240035
0.00805056,0.00312361446617,2.00312350003,3.28423607174
0.00805256,0.00324274060952,2.00324259965,3.28384133994
0.00805456,0.00336135468653,2.00336118621,3.28344826782
0.00805656,0.00347943796667,2.00347924099,3.28305691799
0.00805856,0.00359697180323,2.00359674534,3.28266735279
0.00806056,0.00371393763623,2.00371368072,3.28227963433
0.00806256,0.00383031699544,2.00383002864,3.2818938244
0.00806456,0.00394609150318,2.00394577075,3.28150998454
0.00806656,0.00406124287733,2.00406088876,3.28112817598
0.00806856,0.00417575293416,2.0041753645,3.28074845965
0.00807056,0.00428960359118,2.00428917989,3.28037089616
0.00807256,0.00440277687008,2.00440231696,3.27999554578
0.00807456,0.00451525489947,2.00451475783,3.27962246847
0.00807656,0.00462701991776,2.00462648476,3.27925172384
0.00807856,0.00473805427598,2.0047374801,3.27888337112
0.00808056,0.00484834044049,2.00484772633,3.2785174692
0.00808256,0.00495786099585,2.00495720603,3.27815407658
0.00808456,0.00506659864749,2.00506590192,3.27779325138
0.00808656,0.00517453622446,2.00517379683,3.27743505134
0.00808856,0.00528165668218,2.00528087373,3.27707953377
0.00809056,0.00538794310508,2.0053871157,3.27672675559
0.00809256,0.00549337870931,2.00549250597,3.27637677327
0.00809456,0.00559794684535,2.0055970279,3.27602964287
0.00809656,0.0057016310007,2.00570066498,3.27568542
0.00809856,0.00580441480242,2.00580340085,3.27534415983
0.00810056,0.00590628201975,2.00590521928,3.27500591705
0.00810256,0.00600721656668,2.0060061042,3.27467074589
0.00810456,0.00610720250448,2.00610603967,3.2743387001
0.00810656,0.00620622404421,2.00620500991,3.27400983295
0.00810856,0.00630426554921,2.0063029993,3.27368419721
0.00811056,0.00640131153761,2.00639999236,3.27336184513
0.00811256,0.0064973466847,2.00649597378,3.27304282847
0.00811456,0.00659235582544,2.00659092839,3.27272719844
0.00811656,0.00668632395677,2.0066848412,3.27241500575
0.00811856,0.00677923624003,2.00677769739,3.27210630055
0.00812056,0.00687107800331,2.00686948229,3.27180113243
0.00812256,0.00696183474372,2.00696018141,3.27149955046
0.00812456,0.00705149212971,2.00704978042,3.2712016031
0.00812656,0.00714003600336,2.00713826518,3.27090733828
0.00812856,0.00722745238255,2.00722562171,3.27061680331
0.00813056,0.00731372746323,2.00731183621,3.27033004494
0.00813256,0.00739884762156,2.00739689509,3.27004710931
0.00813456,0.00748279941607,2.00748078489,3.26976804195
0.00813656,0.00756556958982,2.00756349238,3.26949288779
0.00813856,0.00764714507242,2.00764500449,3.26922169113
0.00814056,0.00772751298217,2.00772530836,3.26895449563
0.00814256,0.00780666062804,2.0078043913,3.26869134435
0.00814456,0.0078845755117,2.00788224082,3.26843227967
0.00814656,0.00796124532949,2.00795884464,3.26817734335
0.00814856,0.00803665797435,2.00803419064,3.26792657646
0.00815056,0.00811080153775,2.00810826695,3.26768001944
0.00815256,0.00818366431156,2.00818106185,3.26743771203
0.00815456,0.00825523478991,2.00825256385,3.26719969331
0.00815656,0.00832550167099,2.00832276167,3.26696600168
0.00815856,0.00839445385884,2.00839164421,3.26673667482
0.00816056,0.00846208046512,2.00845920061,3.26651174974
0.00816256,0.0085283708108,2.00852542018,3.26629126274
0.00816456,0.00859331442786,2.00859029249,3.2660752494
0.00816656,0.00865690106095,2.00865380727,3.2658637446
0.00816856,0.00871912066902,2.0087159545,3.26565678248
0.00817056,0.00877996342685,2.00877672437,3.26545439647
0.00817256,0.00883941972668,2.00883610729,3.26525661924
0.00817456,0.00889748017967,2.00889409386,3.26506348276
0.00817656,0.00895413561739,2.00895067495,3.26487501821
0.00817856,0.0090093770933,2.00900584161,3.26469125605
0.00818056,0.00906319588413,2.00905958512,3.26451222597
0.00818256,0.00911558349126,2.00911189702,3.26433795692
0.00818456,0.00916653164209,2.00916276902,3.26416847706
0.00818656,0.0092160322913,2.00921219311,3.26400381378
0.00818856,0.00926407762219,2.00926016147,3.26384399371
0.00819056,0.00931066004783,2.00930666654,3.2636890427
0.00819256,0.00935577221231,2.00935170096,3.26353898581
0.00819456,0.0093994069919,2.00939525763,3.26339384729
0.00819656,0.00944155749617,2.00943732966,3.26325365064
0.00819856,0.00948221706906,2.00947791042,3.26311841853
0.00820056,0.00952137928995,2.0095169935,3.26298817284
0.00820256,0.00955903797468,2.00955457272,3.26286293465
0.00820456,0.0095951871765,2.00959064215,3.26274272422
0.00820656,0.00962982118703,2.00962519609,3.262627561
0.00820856,0.00966293453717,2.00965822909,3.26251746364
0.00821056,0.00969452199792,2.00968973594,3.26241244996
0.00821256,0.00972457858127,2.00971971165,3.26231253696
0.00821456,0.00975309954093,2.00974815149,3.26221774081
0.00821656,0.00978008037312,2.00977505098,3.26212807686
0.00821856,0.00980551681723,2.00980040586,3.26204355963
0.00822056,0.00982940485658,2.00982421213,3.2619642028
0.00822256,0.00985174071895,2.00984646603,3.26189001922
0.00822456,0.00987252087725,2.00986716405,3.26182102092
0.00822656,0.00989174205006,2.00988630291,3.26175721905
0.00822856,0.00990940120214,2.00990387961,3.26169862397
0.00823056,0.00992549554489,2.00991989135,3.26164524514
0.00823256,0.00994002253683,2.00993433562,3.26159709123
0.00823456,0.00995297988399,2.00994721012,3.26155417004
0.00823656,0.00996436554024,2.00995851284,3.2615164885
0.00823856,0.00997417770767,2.00996824198,3.26148405274
0.00824056,0.00998241483681,2.009976396,3.261456868
0.00824256,0.00998907562693,2.00998297363,3.26143493869
0.00824456,0.00999415902621,2.00998797382,3.26141826836
0.00824656,0.00999766423192,2.00999139578,3.26140685971
0.00824856,0.00999959069056,2.00999323896,3.26140071458
0.00825056,0.0099999380979,2.00999350309,3.26139983399
0.00825256,0.0099987063991,2.00999218812,3.26140421806
0.00825456,0.00999589578865,2.00998929425,3.26141386608
0.00825656,0.00999150671038,2.00998482195,3.2614287765
0.00825856,0.00998553985737,2.00997877192,3.2614489469
0.00826056,0.00997799617186,2.00997114511,3.26147437401
0.00826256,0.00996887684509,2.00996194273,3.26150505371
0.00826456,0.0099581833171,2.00995116623,3.26154098103
0.00826656,0.00994591727653,2.00993881731,3.26158215015
0.00826856,0.00993208066032,2.00992489793,3.26162855441
0.00827056,0.00991667565345,2.00990941028,3.26168018628
0.00827256,0.00989970468852,2.00989235681,3.2617370374
0.00827456,0.00988117044547,2.0098737402,3.26179909857
0.00827656,0.00986107585105,2.00985356341,3.26186635973
0.00827856,0.00983942407845,2.00983182962,3.26193880998
0.00828056,0.00981621854672,2.00980854225,3.26201643761
0.00828256,0.00979146292029,2.00978370499,3.26209923003
0.00828456,0.00976516110836,2.00975732176,3.26218717383
0.00828656,0.00973731726429,2.00972939672,3.26228025478
0.00828856,0.00970793578494,2.00969993428,3.26237845782
0.00829056,0.00967702131,2.00966893911,3.26248176703
0.00829256,0.00964457872121,2.00963641608,3.26259016569
0.00829456,0.00961061314163,2.00960237034,3.26270363627
0.00829656,0.00957512993484,2.00956680726,3.26282216038
0.00829856,0.00953813470402,2.00952973246,3.26294571886
0.00830056,0.00949963329117,2.00949115179,3.2630742917
0.00830256,0.0094596317761,2.00945107135,3.2632078581
0.00830456,0.00941813647551,2.00940949746,3.26334639645
0.00830656,0.00937515394199,2.0093664367,3.26348988433
0.00830856,0.00933069096299,2.00932189585,3.26363829854
0.00831056,0.00928475455971,2.00927588196,3.26379161507
0.00831256,0.00923735198606,2.00922840228,3.26394980912
0.00831456,0.00918849072745,2.00917946432,3.26411285511
0.00831656,0.00913817849964,2.00912907581,3.26428072668
0.00831856,0.00908642324751,2.0090772447,3.26445339669
0.00832056,0.00903323314381,2.00902397917,3.26463083723
0.00832256,0.00897861658789,2.00896928765,3.26481301961
0.00832456,0.00892258220432,2.00891317875,3.26499991441
0.00832656,0.00886513884159,2.00885566135,3.26519149141
0.00832856,0.00880629557066,2.00879674453,3.26538771966
0.00833056,0.00874606168358,2.00873643759,3.26558856747
0.00833256,0.00868444669198,2.00867475005,3.2657940024
0.00833456,0.00862146032556,2.00861169166,3.26600399127
0.00833656,0.00855711253062,2.00854727237,3.26621850018
0.00833856,0.00849141346842,2.00848150235,3.2664374945
0.00834056,0.00842437351359,2.008414392,3.26666093887
0.00834256,0.00835600325252,2.0083459519,3.26688879725
0.00834456,0.00828631348167,2.00827619287,3.26712103286
0.00834656,0.00821531520587,2.00820512592,3.26735760823
0.00834856,0.00814301963656,2.00813276228,3.26759848521
0.00835056,0.00806943819006,2.00805911337,3.26784362495
0.00835256,0.00799458248572,2.00798419081,3.26809298792
0.00835456,0.00791846434413,2.00790800646,3.26834653393
0.00835656,0.00784109578523,2.00783057232,3.2686042221
0.00835856,0.0077624890264,2.00775190063,3.26886601092
0.00836056,0.00768265648057,2.00767200382,3.26913185819
0.00836256,0.00760161075423,2.0075908945,3.26940172111
0.00836456,0.00751936464542,2.00750858548,3.2696755562
0.00836656,0.00743593114177,2.00742508975,3.26995331937
0.00836856,0.00735132341839,2.0073404205,3.27023496591
0.00837056,0.00726555483583,2.00725459111,3.27052045048
0.00837256,0.00717863893793,2.00716761512,3.27080972715
0.00837456,0.00709058944973,2.00707950627,3.27110274938
0.00837656,0.00700142027525,2.00699027847,3.27139947003
0.00837856,0.00691114549535,2.00689994581,3.27169984139
0.00838056,0.00681977936546,2.00680852256,3.27200381517
0.00838256,0.00672733631335,2.00671602316,3.2723113425
0.00838456,0.00663383093686,2.0066224622,3.27262237398
0.00838656,0.00653927800155,2.00652785448,3.27293685962
0.00838856,0.00644369243844,2.00643221491,3.27325474891
0.00839056,0.0063470893416,2.00633555862,3.27357599081
0.00839256,0.00624948396578,2.00623790085,3.27390053375
0.00839456,0.00615089172399,2.00613925704,3.27422832562
0.00839656,0.00605132818509,2.00603964275,3.27455931384
0.00839856,0.00595080907133,2.00593907373,3.27489344529
0.00840056,0.00584935025582,2.00583756584,3.27523066641
0.00840256,0.00574696776011,2.00573513513,3.2755709231
0.00840456,0.00564367775156,2.00563179776,3.27591416083
0.00840656,0.00553949654087,2.00552757005,3.2762603246
0.00840856,0.00543444057947,2.00542246846,3.27660935893
0.00841056,0.0053285264569,2.0053165096,3.27696120793
0.00841256,0.00522177089823,2.00520971018,3.27731581525
0.00841456,0.0051141907614,2.00510208707,3.27767312412
0.00841656,0.00500580303456,2.00499365728,3.27803307737
0.00841856,0.0048966248334,2.00488443792,3.27839561739
0.00842056,0.00478667339841,2.00477444624,3.27876068619
0.00842256,0.00467596609221,2.00466369961,3.27912822541
0.00842456,0.00456452039675,2.00455221552,3.27949817627
0.00842656,0.00445235391061,2.00444001156,3.27987047966
0.00842856,0.00433948434617,2.00432710547,3.28024507609
0.00843056,0.00422592952685,2.00421351506,3.28062190573
0.00843256,0.00411170738427,2.00409925828,3.28100090841
0.00843456,0.00399683595543,2.00398435317,3.28138202362
0.00843656,0.00388133337986,2.00386881788,3.28176519054
0.00843856,0.00376521789675,2.00375267064,3.28215034804
0.00844056,0.00364850784209,2.0036359298,3.2825374347
0.00844256,0.00353122164575,2.00351861379,3.28292638879
0.00844456,0.00341337782857,2.00340074114,3.28331714831
0.00844656,0.00329499499947,2.00328233047,3.283709651
0.00844856,0.00317609185246,2.00316340046,3.28410383434
0.00845056,0.00305668716373,2.00304396991,3.28449963554
0.00845256,0.00293679978866,2.00292405767,3.2848969916
0.00845456,0.00281644865885,2.00280368267,3.28529583927
0.00845656,0.00269565277916,2.00268286393,3.28569611511
0.00845856,0.00257443122464,2.00256162052,3.28609775543
0.00846056,0.00245280313759,2.0024399716,3.28650069638
0.00846256,0.00233078772449,2.00231793636,3.28690487392
0.00846456,0.00220840425299,2.00219553408,3.28731022381
0.00846656,0.00208567204885,2.00207278409,3.28771668167
0.00846856,0.00196261049293,2.00194970578,3.28812418294
0.00847056,0.00183923901805,2.00182631857,3.28853266294
0.00847256,0.00171557710601,2.00170264195,3.28894205684
0.00847456,0.00159164428446,2.00157869546,3.28935229969
0.00847656,0.00146746012383,2.00145449866,3.28976332642
0.00847856,0.00134304423423,2.00133007117,3.29017507187
0.00848056,0.00121841626237,2.00120543263,3.29058747078
0.00848256,0.00109359588847,2.00108060273,3.29100045781
0.00848456,0.000968602823095,2.00095560118,3.29141396753
0.00848656,0.000843456804107,2.00083044772,3.29182793448
0.00848856,0.000718177593513,2.00070516211,3.29224229313
0.00849056,0.000592784974351,2.00057976414,3.29265697791
0.00849256,0.00046729874757,2.0004542736,3.29307192322
0.00849456,0.000341738728899,2.00032871032,3.29348706345
0.00849656,0.000216124745722,2.00020309412,3.29390233297
0.00849856,9.04766339417e-05,2.00007744484,3.29431766616
0.00850056,-3.51857651477e-05,1.99995178232,3.2947329974
0.00850256,-0.000160842607997,1.99982612641,3.29514826109
0.00850456,-0.000286474051934,1.99970049693,3.29556339169
0.00850656,-0.000412060258297,1.99957491375,3.29597832367
0.00850856,-0.000537581395569,1.99944939667,3.29639299157
0.00851056,-0.000663017642506,1.99932396554,3.29680732999
0.00851256,-0.000788349191272,1.99919864015,3.29722127361
0.00851456,-0.000913556250561,1.99907344029,3.29763475718
0.00851656,-0.00103861904873,1.99894838573,3.29804771555
0.00851856,-0.00116351783691,1.99882349623,3.29846008367
0.00852056,-0.00128823289213,1.99869879149,3.29887179663
0.00852256,-0.00141274452045,1.99857429123,3.2992827896
0.00852456,-0.00153703306003,1.99845001509,3.29969299793
0.00852656,-0.00166107888428,1.9983259827,3.30010235707
0.00852856,-0.00178486240491,1.99820221364,3.30051080268
0.00853056,-0.00190836407507,1.99807872747,3.30091827053
0.00853256,-0.00203156439243,1.99795554367,3.30132469659
0.00853456,-0.00215444390222,1.99783268171,3.30173001702
0.00853656,-0.00227698320034,1.99771016099,3.30213416816
0.00853856,-0.00239916293642,1.99758800084,3.30253708657
0.00854056,-0.00252096381686,1.99746622057,3.30293870901
0.00854256,-0.00264236660789,1.9973448394,3.30333897247
0.00854456,-0.00276335213859,1.9972238765,3.30373781417
0.00854656,-0.00288390130397,1.99710335097,3.30413517158
0.00854856,-0.00300399506789,1.99698328184,3.30453098242
0.00855056,-0.00312361446618,1.99686368808,3.30492518467
0.00855256,-0.00324274060952,1.99674458857,3.30531771658
0.00855456,-0.00336135468654,1.99662600212,3.30570851669
0.00855656,-0.00347943796668,1.99650794745,3.30609752382
0.00855856,-0.00359697180323,1.9963904432,3.3064846771
0.00856056,-0.00371393763624,1.99627350793,3.30686991595
0.00856256,-0.00383031699544,1.99615716011,3.30725318015
0.00856456,-0.00394609150319,1.99604141811,3.30763440975
0.00856656,-0.00406124287734,1.99592630021,3.30801354518
0.00856856,-0.00417575293416,1.99581182457,3.30839052721
0.00857056,-0.00428960359119,1.99569800929,3.30876529695
0.00857256,-0.00440277687008,1.99558487233,3.30913779588
0.00857456,-0.00451525489947,1.99547243157,3.30950796585
0.00857656,-0.00462701991777,1.99536070474,3.30987574909
0.00857856,-0.00473805427598,1.99524970951,3.31024108824
0.00858056,-0.0048483404405,1.99513946339,3.31060392631
0.00858256,-0.00495786099586,1.99502998379,3.31096420674
0.00858456,-0.00506659864749,1.99492128801,3.31132187335
0.00858656,-0.00517453622446,1.99481339321,3.31167687044
0.00858856,-0.00528165668218,1.99470631642,3.31202914269
0.00859056,-0.00538794310508,1.99460007455,3.31237863524
0.00859256,-0.00549337870931,1.99449468439,3.31272529369
0.00859456,-0.00559794684536,1.99439016256,3.31306906409
0.00859656,-0.0057016310007,1.99428652559,3.31340989293
0.00859856,-0.00580441480242,1.99418378983,3.31374772721
0.00860056,-0.00590628201975,1.9940819715,3.3140825144
0.00860256,-0.00600721656668,1.99398108669,3.31441420243
0.00860456,-0.00610720250448,1.99388115133,3.31474273976
0.00860656,-0.00620622404421,1.99378218119,3.31506807535
0.00860856,-0.00630426554922,1.99368419191,3.31539015865
0.00861056,-0.00640131153761,1.99358719896,3.31570893965
0.00861256,-0.00649734668471,1.99349121765,3.31602436886
0.00861456,-0.00659235582544,1.99339626314,3.31633639731
0.00861656,-0.00668632395677,1.99330235044,3.31664497659
0.00861856,-0.00677923624004,1.99320949435,3.31695005882
0.00862056,-0.00687107800331,1.99311770956,3.31725159669
0.00862256,-0.00696183474372,1.99302701055,3.31754954345
0.00862456,-0.00705149212972,1.99293741165,3.3178438529
0.00862656,-0.00714003600336,1.992848927,3.31813447944
0.00862856,-0.00722745238255,1.99276157057,3.31842137803
0.00863056,-0.00731372746323,1.99267535617,3.31870450424
0.00863256,-0.00739884762156,1.99259029741,3.31898381421
0.00863456,-0.00748279941608,1.99250640771,3.3192592647
0.00863656,-0.00756556958982,1.99242370033,3.31953081308
0.00863856,-0.00764714507243,1.99234218832,3.31979841731
0.00864056,-0.00772751298218,1.99226188456,3.320062036
0.00864256,-0.00780666062805,1.99218280173,3.32032162836
0.00864456,-0.00788457551171,1.99210495231,3.32057715425
0.00864656,-0.00796124532949,1.9920283486,3.32082857415
0.00864856,-0.00803665797435,1.9919530027,3.32107584919
0.00865056,-0.00811080153775,1.99187892651,3.32131894117
0.00865256,-0.00818366431156,1.99180613171,3.32155781251
0.00865456,-0.00825523478991,1.99173462981,3.32179242631
0.00865656,-0.00832550167099,1.9916644321,3.32202274634
0.00865856,-0.00839445385884,1.99159554967,3.32224873701
0.00866056,-0.00846208046512,1.99152799338,3.32247036344
0.00866256,-0.0085283708108,1.99146177391,3.32268759142
0.00866456,-0.00859331442786,1.99139690171,3.32290038741
0.00866656,-0.00865690106096,1.99133338704,3.32310871857
0.00866856,-0.00871912066902,1.99127123991,3.32331255277
0.00867056,-0.00877996342686,1.99121047015,3.32351185855
0.00867256,-0.00883941972669,1.99115108734,3.32370660518
0.00867456,-0.00889748017967,1.99109310087,3.32389676262
0.00867656,-0.00895413561739,1.99103651989,3.32408230155
0.00867856,-0.0090093770933,1.99098135334,3.32426319337
0.00868056,-0.00906319588413,1.99092760993,3.3244394102
0.00868256,-0.00911558349126,1.99087529814,3.32461092488
0.00868456,-0.00916653164209,1.99082442624,3.32477771098
0.00868656,-0.00921603229131,1.99077500226,3.32493974279
0.00868856,-0.00926407762219,1.99072703401,3.32509699537
0.00869056,-0.00931066004783,1.99068052905,3.32524944448
0.00869256,-0.00935577221231,1.99063549474,3.32539706665
0.00869456,-0.0093994069919,1.99059193817,3.32553983915
0.00869656,-0.00944155749617,1.99054986625,3.32567773999
0.00869856,-0.00948221706906,1.99050928559,3.32581074795
0.00870056,-0.00952137928995,1.99047020262,3.32593884254
0.00870256,-0.00955903797468,1.99043262351,3.32606200405
0.00870456,-0.0095951871765,1.99039655419,3.32618021353
0.00870656,-0.00962982118703,1.99036200035,3.32629345278
0.00870856,-0.00966293453717,1.99032896745,3.32640170438
0.00871056,-0.00969452199792,1.99029746072,3.32650495168
0.00871256,-0.00972457858127,1.99026748511,3.32660317879
0.00871456,-0.00975309954094,1.99023904538,3.3266963706
0.00871656,-0.00978008037312,1.990212146,3.32678451277
0.00871856,-0.00980551681723,1.99018679122,3.32686759175
0.00872056,-0.00982940485658,1.99016298506,3.32694559477
0.00872256,-0.00985174071895,1.99014073127,3.32701850982
0.00872456,-0.00987252087725,1.99012003336,3.32708632569
0.00872656,-0.00989174205006,1.9901008946,3.32714903196
0.00872856,-0.00990940120214,1.99008331801,3.32720661898
0.00873056,-0.00992549554489,1.99006730637,3.3272590779
0.00873256,-0.00994002253683,1.99005286221,3.32730640065
0.00873456,-0.00995297988399,1.99003998781,3.32734857997
0.00873656,-0.00996436554024,1.9900286852,3.32738560935
0.00873856,-0.00997417770767,1.99001895617,3.32741748312
0.00874056,-0.00998241483681,1.99001080225,3.32744419638
0.00874256,-0.00998907562693,1.99000422473,3.327465745
0.00874456,-0.00999415902621,1.98999922465,3.3274821257
0.00874656,-0.00999766423192,1.9899958028,3.32749333593
0.00874856,-0.00999959069056,1.98999395972,3.32749937399
0.00875056,-0.0099999380979,1.98999369569,3.32750023895
0.00875256,-0.0099987063991,1.98999501077,3.32749593066
0.00875456,-0.00999589578865,1.98999790475,3.3274864498
0.00875656,-0.00999150671038,1.99000237716,3.32747179783
0.00875856,-0.00998553985737,1.9900084273,3.32745197698
0.00876056,-0.00997799617186,1.99001605421,3.32742699031
0.00876256,-0.00996887684509,1.9900252567,3.32739684167
0.00876456,-0.0099581833171,1.99003603331,3.32736153568
0.00876656,-0.00994591727653,1.99004838233,3.32732107777
0.00876856,-0.00993208066032,1.99006230182,3.32727547416
0.00877056,-0.00991667565344,1.99007778958,3.32722473187
0.00877256,-0.00989970468852,1.99009484315,3.32716885869
0.00877456,-0.00988117044547,1.99011345986,3.32710786321
0.00877656,-0.00986107585105,1.99013363676,3.32704175482
0.00877856,-0.00983942407845,1.99015537066,3.32697054367
0.00878056,-0.00981621854672,1.99017865814,3.32689424073
0.00878256,-0.00979146292029,1.9902034955,3.32681285771
0.00878456,-0.00976516110836,1.99022987884,3.32672640714
0.00878656,-0.00973731726429,1.99025780399,3.32663490232
0.00878856,-0.00970793578494,1.99028726653,3.32653835732
0.00879056,-0.00967702130999,1.99031826182,3.32643678699
0.00879256,-0.00964457872121,1.99035078495,3.32633020695
0.00879456,-0.00961061314163,1.9903848308,3.32621863361
0.00879656,-0.00957512993483,1.99042039398,3.32610208413
0.00879856,-0.00953813470402,1.99045746889,3.32598057645
0.00880056,-0.00949963329117,1.99049604966,3.32585412926
0.00880256,-0.0094596317761,1.99053613021,3.32572276203
0.00880456,-0.00941813647551,1.9905777042,3.32558649499
0.00880656,-0.00937515394199,1.99062076508,3.3254453491
0.00880856,-0.00933069096299,1.99066530603,3.3252993461
0.00881056,-0.00928475455971,1.99071132003,3.32514850847
0.00881256,-0.00923735198606,1.99075879981,3.32499285944
0.00881456,-0.00918849072745,1.99080773788,3.32483242299
0.00881656,-0.00913817849964,1.9908581265,3.32466722383
0.00881856,-0.00908642324751,1.99090995772,3.32449728741
0.00882056,-0.00903323314381,1.99096322335,3.32432263992
0.00882256,-0.00897861658789,1.99101791498,3.32414330827
0.00882456,-0.00892258220432,1.99107402398,3.32395932011
0.00882656,-0.00886513884158,1.99113154149,3.32377070379
0.00882856,-0.00880629557066,1.99119045842,3.32357748839
0.00883056,-0.00874606168358,1.99125076547,3.32337970372
0.00883256,-0.00868444669197,1.99131245311,3.32317738028
0.00883456,-0.00862146032556,1.99137551161,3.32297054927
0.00883656,-0.00855711253062,1.99143993101,3.32275924261
0.00883856,-0.00849141346841,1.99150570113,3.3225434929
0.00884056,-0.00842437351358,1.99157281159,3.32232333345
0.00884256,-0.00835600325252,1.99164125179,3.32209879823
0.00884456,-0.00828631348167,1.99171101093,3.32186992192
0.00884656,-0.00821531520587,1.99178207799,3.32163673986
0.00884856,-0.00814301963656,1.99185444174,3.32139928806
0.00885056,-0.00806943819006,1.99192809075,3.32115760321
0.00885256,-0.00799458248572,1.99200301341,3.32091172266
0.00885456,-0.00791846434413,1.99207919788,3.32066168439
0.00885656,-0.00784109578522,1.99215663212,3.32040752707
0.00885856,-0.0077624890264,1.99223530391,3.32014928999
0.00886056,-0.00768265648057,1.99231520083,3.31988701308
0.00886256,-0.00760161075422,1.99239631026,3.31962073692
0.00886456,-0.00751936464542,1.99247861939,3.3193505027
0.00886656,-0.00743593114177,1.99256211522,3.31907635223
0.00886856,-0.00735132341839,1.99264678458,3.31879832796
0.00887056,-0.00726555483582,1.99273261408,3.31851647293
0.00887256,-0.00717863893793,1.99281959018,3.31823083077
0.00887456,-0.00709058944972,1.99290769913,3.31794144574
0.00887656,-0.00700142027525,1.99299692704,3.31764836267
0.00887856,-0.00691114549535,1.9930872598,3.31735162698
0.00888056,-0.00681977936546,1.99317868316,3.31705128466
0.00888256,-0.00672733631335,1.99327118267,3.31674738228
0.00888456,-0.00663383093685,1.99336474373,3.31643996696
0.00888656,-0.00653927800155,1.99345935156,3.3161290864
0.00888856,-0.00644369243844,1.99355499123,3.31581478884
0.00889056,-0.0063470893416,1.99365164764,3.31549712304
0.00889256,-0.00624948396577,1.99374930551,3.31517613833
0.00889456,-0.00615089172398,1.99384794943,3.31485188454
0.00889656,-0.00605132818509,1.99394756382,3.31452441205
0.00889856,-0.00595080907132,1.99404813295,3.31419377173
0.00890056,-0.00584935025582,1.99414964094,3.31386001496
0.00890256,-0.0057469677601,1.99425207176,3.31352319363
0.00890456,-0.00564367775156,1.99435540924,3.31318336011
0.00890656,-0.00553949654087,1.99445963706,3.31284056726
0.00890856,-0.00543444057946,1.99456473875,3.31249486841
0.00891056,-0.00532852645689,1.99467069772,3.31214631736
0.00891256,-0.00522177089822,1.99477749725,3.31179496837
0.00891456,-0.00511419076139,1.99488512046,3.31144087614
0.00891656,-0.00500580303456,1.99499355036,3.31108409584
0.00891856,-0.0048966248334,1.99510276982,3.31072468304
0.00892056,-0.00478667339841,1.99521276161,3.31036269377
0.00892256,-0.00467596609221,1.99532350835,3.30999818445
0.00892456,-0.00456452039675,1.99543499255,3.30963121193
0.00892656,-0.00445235391061,1.99554719661,3.30926183346
0.00892856,-0.00433948434617,1.99566010281,3.30889010666
0.00893056,-0.00422592952685,1.99577369332,3.30851608957
0.00893256,-0.00411170738427,1.99588795021,3.30813984057
0.00893456,-0.00399683595543,1.99600285543,3.30776141843
0.00893656,-0.00388133337986,1.99611839083,3.30738088227
0.00893856,-0.00376521789675,1.99623453818,3.30699829156
0.00894056,-0.00364850784209,1.99635127912,3.3066137061
0.00894256,-0.00353122164575,1.99646859524,3.30622718604
0.00894456,-0.00341337782857,1.99658646799,3.30583879183
0.00894656,-0.00329499499947,1.99670487877,3.30544858425
0.00894856,-0.00317609185246,1.99682380888,3.30505662437
0.00895056,-0.00305668716372,1.99694323954,3.30466297357
0.00895256,-0.00293679978865,1.99706315189,3.30426769349
0.00895456,-0.00281644865885,1.99718352699,3.30387084607
0.00895656,-0.00269565277915,1.99730434584,3.3034724935
0.00895856,-0.00257443122464,1.99742558935,3.30307269823
0.00896056,-0.00245280313759,1.99754723839,3.30267152295
0.00896256,-0.00233078772449,1.99766927373,3.30226903061
0.00896456,-0.00220840425298,1.99779167611,3.30186528436
0.00896656,-0.00208567204885,1.99791442621,3.30146034758
0.00896856,-0.00196261049292,1.99803750463,3.30105428385
0.00897056,-0.00183923901805,1.99816089195,3.30064715696
0.00897256,-0.00171557710601,1.99828456867,3.30023903088
0.00897456,-0.00159164428446,1.99840851527,3.29982996977
0.00897656,-0.00146746012382,1.99853271218,3.29942003793
0.00897856,-0.00134304423422,1.99865713978,3.29900929984
0.00898056,-0.00121841626237,1.99878177842,3.29859782012
0.00898256,-0.00109359588846,1.99890660842,3.29818566355
0.00898456,-0.000968602823091,1.99903161008,3.297772895
0.00898656,-0.000843456804103,1.99915676365,3.29735957949
0.00898856,-0.000718177593509,1.99928204936,3.29694578213
0.00899056,-0.000592784974347,1.99940744744,3.29653156813
0.00899256,-0.000467298747566,1.99953293808,3.29611700279
0.00899456,-0.000341738728895,1.99965850147,3.29570215149
0.00899656,-0.000216124745718,1.99978411778,3.29528707968
0.00899856,-9.04766339376e-05,1.99990976716,3.29487185285
0.00900056,3.51857651518e-05,2.00003542979,3.29445653654
0.00900256,0.000160842608001,2.00016108582,3.29404119635
0.00900456,0.000286474051938,2.00028671539,3.29362589788
0.00900656,0.000412060258301,2.00041229869,3.29321070674
0.00900856,0.000537581395573,2.00053781587,3.29279568858
0.00901056,0.00066301764251,2.00066324711,3.292380909
0.00901256,0.000788349191276,2.00078857261,3.29196643362
0.00901456,0.000913556250566,2.00091377257,3.29155232801
0.00901656,0.00103861904873,2.00103882724,3.29113865771
0.00901856,0.00116351783691,2.00116371685,3.29072548822
0.00902056,0.00128823289214,2.00128842169,3.29031288498
0.00902256,0.00141274452046,2.00141292206,3.28990091335
0.00902456,0.00153703306004,2.00153719831,3.28948963862
0.00902656,0.00166107888428,2.0016612308,3.28907912599
0.00902856,0.00178486240491,2.00178499997,3.28866944056
0.00903056,0.00190836407508,2.00190848625,3.28826064732
0.00903256,0.00203156439243,2.00203167015,3.28785281114
0.00903456,0.00215444390222,2.00215453221,3.28744599675
0.00903656,0.00227698320034,2.00227705305,3.28704026876
0.00903856,0.00239916293642,2.0023992133,3.2866356916
0.00904056,0.00252096381686,2.00252099368,3.28623232957
0.00904256,0.00264236660789,2.00264237495,3.28583024676
0.00904456,0.0027633521386,2.00276333796,3.28542950711
0.00904656,0.00288390130397,2.0028838636,3.28503017434
0.00904856,0.0030039950679,2.00300393283,3.28463231199
0.00905056,0.00312361446618,2.0031235267,3.28423598337
0.00905256,0.00324274060953,2.00324262631,3.28384125157
0.00905456,0.00336135468654,2.00336121287,3.28344817944
0.00905656,0.00347943796668,2.00347926765,3.2830568296
0.00905856,0.00359697180323,2.00359677201,3.28266726439
0.00906056,0.00371393763624,2.00371370738,3.28227954592
0.00906256,0.00383031699544,2.0038300553,3.28189373598
0.00906456,0.00394609150319,2.00394579741,3.28150989612
0.00906656,0.00406124287734,2.00406091543,3.28112808755
0.00906856,0.00417575293416,2.00417539116,3.28074837121
0.00907056,0.00428960359119,2.00428920655,3.28037080771
0.00907256,0.00440277687009,2.00440234362,3.27999545733
0.00907456,0.00451525489947,2.00451478449,3.27962238001
0.00907656,0.00462701991777,2.00462651142,3.27925163537
0.00907856,0.00473805427598,2.00473750676,3.27888328264
0.00908056,0.0048483404405,2.00484775299,3.27851738071
0.00908256,0.00495786099586,2.00495723269,3.27815398808
0.00908456,0.00506659864749,2.00506592858,3.27779316288
0.00908656,0.00517453622447,2.00517382349,3.27743496283
0.00908856,0.00528165668219,2.00528090039,3.27707944525
0.00909056,0.00538794310509,2.00538714236,3.27672666706
0.00909256,0.00549337870931,2.00549253263,3.27637668473
0.00909456,0.00559794684536,2.00559705456,3.27602955433
0.00909656,0.00570163100071,2.00570069164,3.27568533146
0.00909856,0.00580441480242,2.00580342751,3.27534407127
0.00910056,0.00590628201975,2.00590524594,3.27500582849
0.00910256,0.00600721656669,2.00600613086,3.27467065732
0.00910456,0.00610720250449,2.00610606633,3.27433861152
0.00910656,0.00620622404421,2.00620503657,3.27400974437
0.00910856,0.00630426554922,2.00630302596,3.27368410862
0.00911056,0.00640131153761,2.00640001902,3.27336175653
0.00911256,0.00649734668471,2.00649600043,3.27304273986
0.00911456,0.00659235582544,2.00659095504,3.27272710983
0.00911656,0.00668632395677,2.00668486786,3.27241491714
0.00911856,0.00677923624004,2.00677772405,3.27210621192
0.00912056,0.00687107800332,2.00686950895,3.2718010438
0.00912256,0.00696183474372,2.00696020806,3.27149946182
0.00912456,0.00705149212972,2.00704980708,3.27120151446
0.00912656,0.00714003600337,2.00713829183,3.27090724963
0.00912856,0.00722745238256,2.00722564836,3.27061671466
0.00913056,0.00731372746323,2.00731186287,3.27032995628
0.00913256,0.00739884762156,2.00739692174,3.27004702065
0.00913456,0.00748279941608,2.00748081154,3.26976795328
0.00913656,0.00756556958983,2.00756351903,3.26949279911
0.00913856,0.00764714507243,2.00764503115,3.26922160244
0.00914056,0.00772751298218,2.00772533501,3.26895440695
0.00914256,0.00780666062805,2.00780441795,3.26869125566
0.00914456,0.00788457551171,2.00788226747,3.26843219098
0.00914656,0.00796124532949,2.00795887129,3.26817725465
0.00914856,0.00803665797435,2.00803421729,3.26792648775
0.00915056,0.00811080153775,2.0081082936,3.26767993073
0.00915256,0.00818366431156,2.0081810885,3.26743762331
0.00915456,0.00825523478991,2.0082525905,3.26719960459
0.00915656,0.00832550167099,2.00832278832,3.26696591295
0.00915856,0.00839445385885,2.00839167087,3.26673658609
0.00916056,0.00846208046512,2.00845922726,3.266511661
0.00916256,0.0085283708108,2.00852544684,3.266291174
0.00916456,0.00859331442786,2.00859031914,3.26607516066
0.00916656,0.00865690106096,2.00865383392,3.26586365585
0.00916856,0.00871912066902,2.00871598115,3.26565669373
0.00917056,0.00877996342686,2.00877675102,3.26545430771
0.00917256,0.00883941972669,2.00883613394,3.26525653048
0.00917456,0.00889748017967,2.00889412051,3.26506339399
0.00917656,0.0089541356174,2.0089507016,3.26487492944
0.00917856,0.0090093770933,2.00900586826,3.26469116728
0.00918056,0.00906319588413,2.00905961177,3.2645121372
0.00918256,0.00911558349126,2.00911192367,3.26433786814
0.00918456,0.00916653164209,2.00916279567,3.26416838827
0.00918656,0.00921603229131,2.00921221976,3.26400372499
0.00918856,0.00926407762219,2.00926018812,3.26384390493
0.00919056,0.00931066004783,2.00930669318,3.26368895391
0.00919256,0.00935577221231,2.00935172761,3.26353889701
0.00919456,0.0093994069919,2.00939528427,3.2633937585
0.00919656,0.00944155749617,2.00943735631,3.26325356184
0.00919856,0.00948221706906,2.00947793707,3.26311832973
0.00920056,0.00952137928995,2.00951702014,3.26298808404
0.00920256,0.00955903797468,2.00955459936,3.26286284584
0.00920456,0.0095951871765,2.00959066879,3.26274263541
0.00920656,0.00962982118703,2.00962522274,3.26262747219
0.00920856,0.00966293453717,2.00965825574,3.26251737483
0.00921056,0.00969452199793,2.00968976258,3.26241236115
0.00921256,0.00972457858128,2.00971973829,3.26231244815
0.00921456,0.00975309954094,2.00974817814,3.262217652
0.00921656,0.00978008037312,2.00977507762,3.26212798804
0.00921856,0.00980551681724,2.0098004325,3.26204347081
0.00922056,0.00982940485658,2.00982423877,3.26196411398
0.00922256,0.00985174071895,2.00984649267,3.2618899304
0.00922456,0.00987252087725,2.00986719069,3.2618209321
0.00922656,0.00989174205006,2.00988632956,3.26175713023
0.00922856,0.00990940120214,2.00990390625,3.26169853514
0.00923056,0.00992549554489,2.00991991799,3.26164515632
0.00923256,0.00994002253683,2.00993436226,3.26159700241
0.00923456,0.00995297988399,2.00994723677,3.26155408121
0.00923656,0.00996436554024,2.00995853948,3.26151639968
0.00923856,0.00997417770767,2.00996826862,3.26148396392
0.00924056,0.00998241483681,2.00997642265,3.26145677918
0.00924256,0.00998907562693,2.00998300027,3.26143484987
0.00924456,0.00999415902621,2.00998800046,3.26141817953
0.00924656,0.00999766423192,2.00999142242,3.26140677088
0.00924856,0.00999959069056,2.00999326561,3.26140062576
0.00925056,0.0099999380979,2.00999352974,3.26139974516
0.00925256,0.0099987063991,2.00999221476,3.26140412924
0.00925456,0.00999589578865,2.0099893209,3.26141377726
0.00925656,0.00999150671038,2.00998484859,3.26142868768
0.00925856,0.00998553985737,2.00997879856,3.26144885808
0.00926056,0.00997799617186,2.00997117175,3.26147428519
0.00926256,0.00996887684509,2.00996196936,3.2615049649
0.00926456,0.0099581833171,2.00995119287,3.26154089222
0.00926656,0.00994591727653,2.00993884395,3.26158206134
0.00926856,0.00993208066032,2.00992492457,3.2616284656
0.00927056,0.00991667565344,2.00990943692,3.26168009747
0.00927256,0.00989970468852,2.00989238345,3.2617369486
0.00927456,0.00988117044547,2.00987376684,3.26179900977
0.00927656,0.00986107585105,2.00985359005,3.26186627093
0.00927856,0.00983942407845,2.00983185626,3.26193872119
0.00928056,0.00981621854672,2.00980856889,3.26201634881
0.00928256,0.00979146292029,2.00978373163,3.26209914123
0.00928456,0.00976516110836,2.0097573484,3.26218708504
0.00928656,0.00973731726428,2.00972942336,3.262280166
0.00928856,0.00970793578494,2.00969996092,3.26237836903
0.00929056,0.00967702130999,2.00966896574,3.26248167825
0.00929256,0.0096445787212,2.00963644271,3.26259007691
0.00929456,0.00961061314163,2.00960239697,3.26270354749
0.00929656,0.00957512993483,2.00956683389,3.26282207161
0.00929856,0.00953813470402,2.00952975909,3.26294563009
0.00930056,0.00949963329117,2.00949117843,3.26307420293
0.00930256,0.0094596317761,2.00945109799,3.26320776934
0.00930456,0.00941813647551,2.0094095241,3.26334630769
0.00930656,0.00937515394199,2.00936646333,3.26348979558
0.00930856,0.00933069096298,2.00932192249,3.26363820979
0.00931056,0.00928475455971,2.00927590859,3.26379152632
0.00931256,0.00923735198606,2.00922842892,3.26394972038
0.00931456,0.00918849072745,2.00917949096,3.26411276637
0.00931656,0.00913817849964,2.00912910244,3.26428063795
0.00931856,0.00908642324751,2.00907727133,3.26445330797
0.00932056,0.00903323314381,2.00902400581,3.26463074851
0.00932256,0.00897861658788,2.00896931428,3.2648129309
0.00932456,0.00892258220432,2.00891320538,3.2649998257
0.00932656,0.00886513884158,2.00885568798,3.2651914027
0.00932856,0.00880629557066,2.00879677116,3.26538763096
0.00933056,0.00874606168358,2.00873646422,3.26558847878
0.00933256,0.00868444669197,2.00867477668,3.26579391371
0.00933456,0.00862146032556,2.00861171829,3.26600390259
0.00933656,0.00855711253062,2.008547299,3.2662184115
0.00933856,0.00849141346841,2.00848152898,3.26643740583
0.00934056,0.00842437351358,2.00841441863,3.26666085021
0.00934256,0.00835600325251,2.00834597853,3.26688870859
0.00934456,0.00828631348167,2.0082762195,3.2671209442
0.00934656,0.00821531520587,2.00820515255,3.26735751958
0.00934856,0.00814301963656,2.00813278891,3.26759839657
0.00935056,0.00806943819005,2.00805914,3.26784353631
0.00935256,0.00799458248571,2.00798421744,3.26809289929
0.00935456,0.00791846434412,2.00790803308,3.26834644531
0.00935656,0.00784109578522,2.00783059895,3.26860413349
0.00935856,0.00776248902639,2.00775192726,3.26886592231
0.00936056,0.00768265648057,2.00767203045,3.26913176959
0.00936256,0.00760161075422,2.00759092113,3.26940163251
0.00936456,0.00751936464541,2.0075086121,3.26967546761
0.00936656,0.00743593114176,2.00742511638,3.26995323079
0.00936856,0.00735132341839,2.00734044713,3.27023487733
0.00937056,0.00726555483582,2.00725461773,3.27052036192
0.00937256,0.00717863893792,2.00716764174,3.27080963859
0.00937456,0.00709058944972,2.00707953289,3.27110266083
0.00937656,0.00700142027525,2.00699030509,3.27139938149
0.00937856,0.00691114549535,2.00689997244,3.27169975285
0.00938056,0.00681977936546,2.00680854919,3.27200372664
0.00938256,0.00672733631335,2.00671604978,3.27231125398
0.00938456,0.00663383093685,2.00662248883,3.27262228547
0.00938656,0.00653927800155,2.0065278811,3.27293677111
0.00938856,0.00644369243844,2.00643224154,3.27325466042
0.00939056,0.0063470893416,2.00633558524,3.27357590233
0.00939256,0.00624948396577,2.00623792748,3.27390044527
0.00939456,0.00615089172398,2.00613928366,3.27422823715
0.00939656,0.00605132818508,2.00603966938,3.27455922537
0.00939856,0.00595080907132,2.00593910035,3.27489335684
0.00940056,0.00584935025582,2.00583759247,3.27523057796
0.00940256,0.0057469677601,2.00573516175,3.27557083466
0.00940456,0.00564367775155,2.00563182438,3.2759140724
0.00940656,0.00553949654087,2.00552759667,3.27626023618
0.00940856,0.00543444057946,2.00542249509,3.27660927052
0.00941056,0.00532852645689,2.00531653622,3.27696111953
0.00941256,0.00522177089822,2.0052097368,3.27731572686
0.00941456,0.00511419076139,2.0051021137,3.27767303574
0.00941656,0.00500580303456,2.00499368391,3.27803298899
0.00941856,0.00489662483339,2.00488446454,3.27839552902
0.00942056,0.00478667339841,2.00477447286,3.27876059784
0.00942256,0.0046759660922,2.00466372623,3.27912813706
0.00942456,0.00456452039674,2.00455224214,3.27949808793
0.00942656,0.0044523539106,2.00444003818,3.27987039133
0.00942856,0.00433948434617,2.00432713209,3.28024498777
0.00943056,0.00422592952685,2.00421354168,3.28062181742
0.00943256,0.00411170738427,2.0040992849,3.28100082011
0.00943456,0.00399683595542,2.00398437979,3.28138193533
0.00943656,0.00388133337985,2.0038688445,3.28176510226
0.00943856,0.00376521789675,2.00375269726,3.28215025977
0.00944056,0.00364850784209,2.00363595642,3.28253734644
0.00944256,0.00353122164574,2.00351864041,3.28292630053
0.00944456,0.00341337782857,2.00340076776,3.28331706007
0.00944656,0.00329499499946,2.00328235708,3.28370956277
0.00944856,0.00317609185245,2.00316342708,3.28410374611
0.00945056,0.00305668716372,2.00304399653,3.28449954733
0.00945256,0.00293679978865,2.00292408429,3.2848969034
0.00945456,0.00281644865885,2.00280370929,3.28529575108
0.00945656,0.00269565277915,2.00268289055,3.28569602692
0.00945856,0.00257443122463,2.00256164714,3.28609766726
0.00946056,0.00245280313758,2.00243999822,3.28650060822
0.00946256,0.00233078772448,2.00231796298,3.28690478577
0.00946456,0.00220840425298,2.0021955607,3.28731013567
0.00946656,0.00208567204885,2.00207281071,3.28771659353
0.00946856,0.00196261049292,2.00194973239,3.28812409482
0.00947056,0.00183923901804,2.00182634519,3.28853257483
0.00947256,0.001715577106,2.00170266857,3.28894196874
0.00947456,0.00159164428445,2.00157872208,3.2893522116
0.00947656,0.00146746012382,2.00145452528,3.28976323834
0.00947856,0.00134304423422,2.00133009778,3.2901749838
0.00948056,0.00121841626237,2.00120545925,3.29058738272
0.00948256,0.00109359588846,2.00108062935,3.29100036976
0.00948456,0.000968602823087,2.0009556278,3.29141387949
0.00948656,0.000843456804099,2.00083047434,3.29182784645
0.00948856,0.000718177593504,2.00070518873,3.29224220511
0.00949056,0.000592784974343,2.00057979075,3.2926568899
0.00949256,0.000467298747561,2.00045430022,3.29307183523
0.00949456,0.000341738728891,2.00032873694,3.29348697547
0.00949656,0.000216124745714,2.00020312074,3.293902245
0.00949856,9.04766339334e-05,2.00007747146,3.29431757819
0.00950056,-3.51857651561e-05,1.99995180894,3.29473290944
0.00950256,-0.000160842608005,1.99982615302,3.29514817315
0.00950456,-0.000286474051942,1.99970052355,3.29556330375
0.00950656,-0.000412060258305,1.99957494036,3.29597823575
0.00950856,-0.000537581395577,1.99944942329,3.29639290366
0.00951056,-0.000663017642514,1.99932399215,3.29680724209
0.00951256,-0.00078834919128,1.99919866676,3.29722118572
0.00951456,-0.00091355625057,1.9990734669,3.29763466929
0.00951656,-0.00103861904874,1.99894841234,3.29804762767
0.00951856,-0.00116351783692,1.99882352284,3.29845999581
0.00952056,-0.00128823289214,1.99869881811,3.29887170877
0.00952256,-0.00141274452046,1.99857431784,3.29928270176
0.00952456,-0.00153703306004,1.9984500417,3.29969291009
0.00952656,-0.00166107888428,1.99832600931,3.30010226925
0.00952856,-0.00178486240491,1.99820224025,3.30051071487
0.00953056,-0.00190836407508,1.99807875408,3.30091818272
0.00953256,-0.00203156439244,1.99795557028,3.3013246088
0.00953456,-0.00215444390223,1.99783270832,3.30172992924
0.00953656,-0.00227698320035,1.9977101876,3.30213408039
0.00953856,-0.00239916293643,1.99758802745,3.30253699881
0.00954056,-0.00252096381687,1.99746624718,3.30293862126
0.00954256,-0.00264236660789,1.99734486601,3.30333888473
0.00954456,-0.0027633521386,1.99722390311,3.30373772644
0.00954656,-0.00288390130398,1.99710337758,3.30413508386
0.00954856,-0.0030039950679,1.99698330845,3.30453089471
0.00955056,-0.00312361446618,1.99686371469,3.30492509697
0.00955256,-0.00324274060953,1.99674461518,3.30531762889
0.00955456,-0.00336135468654,1.99662602873,3.30570842901
0.00955656,-0.00347943796669,1.99650797405,3.30609743615
0.00955856,-0.00359697180324,1.99639046981,3.30648458944
0.00956056,-0.00371393763625,1.99627353454,3.3068698283
0.00956256,-0.00383031699545,1.99615718672,3.3072530925
0.00956456,-0.00394609150319,1.99604144472,3.30763432212
0.00956656,-0.00406124287735,1.99592632681,3.30801345756
0.00956856,-0.00417575293417,1.99581185118,3.3083904396
0.00957056,-0.0042896035912,1.9956980359,3.30876520935
0.00957256,-0.00440277687009,1.99558489894,3.30913770828
0.00957456,-0.00451525489948,1.99547245817,3.30950787826
0.00957656,-0.00462701991777,1.99536073135,3.30987566152
0.00957856,-0.00473805427599,1.99524973611,3.31024100068
0.00958056,-0.0048483404405,1.99513948999,3.31060383876
0.00958256,-0.00495786099586,1.9950300104,3.31096411919
0.00958456,-0.0050665986475,1.99492131462,3.31132178582
0.00958656,-0.00517453622447,1.99481341981,3.31167678291
0.00958856,-0.00528165668219,1.99470634302,3.31202905517
0.00959056,-0.00538794310509,1.99460010115,3.31237854773
0.00959256,-0.00549337870932,1.99449471099,3.31272520619
0.00959456,-0.00559794684536,1.99439018917,3.31306897659
0.00959656,-0.00570163100071,1.99428655219,3.31340980545
0.00959856,-0.00580441480243,1.99418381643,3.31374763974
0.00960056,-0.00590628201976,1.9940819981,3.31408242693
0.00960256,-0.00600721656669,1.99398111329,3.31441411497
0.00960456,-0.00610720250449,1.99388117793,3.31474265231
0.00960656,-0.00620622404422,1.99378220779,3.31506798791
0.00960856,-0.00630426554922,1.99368421851,3.31539007122
0.00961056,-0.00640131153762,1.99358722556,3.31570885223
0.00961256,-0.00649734668471,1.99349124425,3.31602428144
0.00961456,-0.00659235582545,1.99339628975,3.3163363099
0.00961656,-0.00668632395678,1.99330237704,3.31664488918
0.00961856,-0.00677923624004,1.99320952095,3.31694997143
0.00962056,-0.00687107800332,1.99311773616,3.3172515093
0.00962256,-0.00696183474373,1.99302703715,3.31754945607
0.00962456,-0.00705149212972,1.99293743825,3.31784376553
0.00962656,-0.00714003600337,1.99284895359,3.31813439207
0.00962856,-0.00722745238256,1.99276159717,3.31842129067
0.00963056,-0.00731372746324,1.99267538277,3.31870441689
0.00963256,-0.00739884762156,1.992590324,3.31898372687
0.00963456,-0.00748279941608,1.99250643431,3.31925917737
0.00963656,-0.00756556958983,1.99242372692,3.31953072575
0.00963856,-0.00764714507243,1.99234221492,3.31979833
0.00964056,-0.00772751298218,1.99226191116,3.32006194869
0.00964256,-0.00780666062805,1.99218282832,3.32032154106
0.00964456,-0.00788457551171,1.99210497891,3.32057706695
0.00964656,-0.0079612453295,1.9920283752,3.32082848685
0.00964856,-0.00803665797435,1.9919530293,3.32107576191
0.00965056,-0.00811080153775,1.9918789531,3.32131885389
0.00965256,-0.00818366431157,1.99180615831,3.32155772524
0.00965456,-0.00825523478992,1.99173465641,3.32179233905
0.00965656,-0.008325501671,1.9916644587,3.32202265908
0.00965856,-0.00839445385885,1.99159557626,3.32224864976
0.00966056,-0.00846208046513,1.99152801997,3.3224702762
0.00966256,-0.0085283708108,1.9914618005,3.32268750418
0.00966456,-0.00859331442786,1.99139692831,3.32290030017
0.00966656,-0.00865690106096,1.99133341363,3.32310863134
0.00966856,-0.00871912066902,1.99127126651,3.32331246554
0.00967056,-0.00877996342686,1.99121049674,3.32351177133
0.00967256,-0.00883941972669,1.99115111393,3.32370651796
0.00967456,-0.00889748017968,1.99109312746,3.32389667541
0.00967656,-0.0089541356174,1.99103654648,3.32408221435
0.00967856,-0.00900937709331,1.99098137993,3.32426310618
0.00968056,-0.00906319588413,1.99092763652,3.32443932301
0.00968256,-0.00911558349126,1.99087532474,3.32461083769
0.00968456,-0.00916653164209,1.99082445284,3.32477762379
0.00968656,-0.00921603229131,1.99077502886,3.32493965561
0.00968856,-0.00926407762219,1.9907270606,3.32509690819
0.00969056,-0.00931066004783,1.99068055564,3.32524935731
0.00969256,-0.00935577221231,1.99063552133,3.32539697949
0.00969456,-0.0093994069919,1.99059196477,3.32553975199
0.00969656,-0.00944155749617,1.99054989284,3.32567765283
0.00969856,-0.00948221706906,1.99050931219,3.32581066079
0.00970056,-0.00952137928995,1.99047022922,3.32593875539
0.00970256,-0.00955903797468,1.9904326501,3.3260619169
0.00970456,-0.0095951871765,1.99039658078,3.32618012638
0.00970656,-0.00962982118703,1.99036202694,3.32629336564
0.00970856,-0.00966293453717,1.99032899405,3.32640161724
0.00971056,-0.00969452199793,1.99029748731,3.32650486454
0.00971256,-0.00972457858128,1.9902675117,3.32660309166
0.00971456,-0.00975309954094,1.99023907197,3.32669628347
0.00971656,-0.00978008037312,1.99021217259,3.32678442564
0.00971856,-0.00980551681724,1.99018681781,3.32686750463
0.00972056,-0.00982940485658,1.99016301165,3.32694550765
0.00972256,-0.00985174071895,1.99014075786,3.3270184227
0.00972456,-0.00987252087725,1.99012005994,3.32708623857
0.00972656,-0.00989174205006,1.99010092118,3.32714894484
0.00972856,-0.00990940120214,1.9900833446,3.32720653187
0.00973056,-0.00992549554489,1.99006733296,3.32725899079
0.00973256,-0.00994002253683,1.9900528888,3.32730631355
0.00973456,-0.00995297988399,1.9900400144,3.32734849286
0.00973656,-0.00996436554025,1.99002871179,3.32738552225
0.00973856,-0.00997417770767,1.99001898276,3.32741739602
0.00974056,-0.00998241483681,1.99001082884,3.32744410928
0.00974256,-0.00998907562693,1.99000425132,3.3274656579
0.00974456,-0.00999415902621,1.98999925124,3.3274820386
0.00974656,-0.00999766423192,1.98999582939,3.32749324884
0.00974856,-0.00999959069056,1.9899939863,3.3274992869
0.00975056,-0.0099999380979,1.98999372228,3.32750015185
0.00975256,-0.0099987063991,1.98999503736,3.32749584357
0.00975456,-0.00999589578865,1.98999793133,3.32748636271
0.00975656,-0.00999150671038,1.99000240374,3.32747171073
0.00975856,-0.00998553985737,1.99000845388,3.32745188988
0.00976056,-0.00997799617186,1.9900160808,3.32742690322
0.00976256,-0.00996887684509,1.99002528329,3.32739675457
0.00976456,-0.0099581833171,1.99003605989,3.32736144858
0.00976656,-0.00994591727653,1.99004840891,3.32732099067
0.00976856,-0.00993208066032,1.9900623284,3.32727538706
0.00977056,-0.00991667565344,1.99007781616,3.32722464477
0.00977256,-0.00989970468852,1.99009486974,3.32716877159
0.00977456,-0.00988117044547,1.99011348645,3.32710777611
0.00977656,-0.00986107585105,1.99013366334,3.32704166772
0.00977856,-0.00983942407845,1.99015539725,3.32697045657
0.00978056,-0.00981621854672,1.99017868472,3.32689415363
0.00978256,-0.00979146292029,1.99020352209,3.32681277061
0.00978456,-0.00976516110836,1.99022990543,3.32672632004
0.00978656,-0.00973731726428,1.99025783057,3.32663481522
0.00978856,-0.00970793578494,1.99028729311,3.32653827021
0.00979056,-0.00967702130999,1.9903182884,3.32643669988
0.00979256,-0.0096445787212,1.99035081153,3.32633011984
0.00979456,-0.00961061314163,1.99038485738,3.3262185465
0.00979656,-0.00957512993483,1.99042042056,3.32610199702
0.00979856,-0.00953813470402,1.99045749547,3.32598048933
0.00980056,-0.00949963329117,1.99049607624,3.32585404215
0.00980256,-0.00945963177609,1.99053615679,3.32572267491
0.00980456,-0.00941813647551,1.99057773078,3.32558640786
0.00980656,-0.00937515394199,1.99062079166,3.32544526197
0.00980856,-0.00933069096298,1.99066533261,3.32529925897
0.00981056,-0.00928475455971,1.99071134661,3.32514842134
0.00981256,-0.00923735198606,1.99075882639,3.32499277231
0.00981456,-0.00918849072745,1.99080776446,3.32483233586
0.00981656,-0.00913817849964,1.99085815308,3.32466713669
0.00981856,-0.0090864232475,1.99090998429,3.32449720027
0.00982056,-0.00903323314381,1.99096324993,3.32432255278
0.00982256,-0.00897861658788,1.99101794156,3.32414322112
0.00982456,-0.00892258220431,1.99107405056,3.32395923295
0.00982656,-0.00886513884158,1.99113156807,3.32377061663
0.00982856,-0.00880629557066,1.99119048499,3.32357740123
0.00983056,-0.00874606168358,1.99125079204,3.32337961656
0.00983256,-0.00868444669197,1.99131247969,3.32317729311
0.00983456,-0.00862146032556,1.99137553819,3.3229704621
0.00983656,-0.00855711253062,1.99143995758,3.32275915543
0.00983856,-0.00849141346841,1.99150572771,3.32254340572
0.00984056,-0.00842437351358,1.99157283817,3.32232324626
0.00984256,-0.00835600325251,1.99164127837,3.32209871104
0.00984456,-0.00828631348167,1.99171103751,3.32186983472
0.00984656,-0.00821531520587,1.99178210456,3.32163665266
0.00984856,-0.00814301963656,1.99185446831,3.32139920086
0.00985056,-0.00806943819005,1.99192811733,3.321157516
0.00985256,-0.00799458248571,1.99200303999,3.32091163544
0.00985456,-0.00791846434412,1.99207922445,3.32066159717
0.00985656,-0.00784109578522,1.9921566587,3.32040743985
0.00985856,-0.00776248902639,1.99223533049,3.32014920276
0.00986056,-0.00768265648056,1.99231522741,3.31988692585
0.00986256,-0.00760161075422,1.99239633683,3.31962064968
0.00986456,-0.00751936464541,1.99247864596,3.31935041545
0.00986656,-0.00743593114176,1.9925621418,3.31907626498
0.00986856,-0.00735132341838,1.99264681115,3.3187982407
0.00987056,-0.00726555483582,1.99273264065,3.31851638566
0.00987256,-0.00717863893792,1.99281961675,3.3182307435
0.00987456,-0.00709058944972,1.99290772571,3.31794135846
0.00987656,-0.00700142027524,1.99299695361,3.31764827539
0.00987856,-0.00691114549534,1.99308728637,3.31735153969
0.00988056,-0.00681977936545,1.99317870973,3.31705119736
0.00988256,-0.00672733631335,1.99327120924,3.31674729497
0.00988456,-0.00663383093685,1.9933647703,3.31643987965
0.00988656,-0.00653927800154,1.99345937813,3.31612899909
0.00988856,-0.00644369243843,1.9935550178,3.31581470151
0.00989056,-0.00634708934159,1.99365167421,3.31549703571
0.00989256,-0.00624948396577,1.99374933208,3.31517605099
0.00989456,-0.00615089172398,1.993847976,3.3148517972
0.00989656,-0.00605132818508,1.99394759039,3.3145243247
0.00989856,-0.00595080907131,1.99404815952,3.31419368437
0.00990056,-0.00584935025581,1.99414966751,3.3138599276
0.00990256,-0.0057469677601,1.99425209833,3.31352310626
0.00990456,-0.00564367775155,1.99435543581,3.31318327274
0.00990656,-0.00553949654086,1.99445966362,3.31284047988
0.00990856,-0.00543444057946,1.99456476532,3.31249478102
0.00991056,-0.00532852645688,1.99467072429,3.31214622996
0.00991256,-0.00522177089821,1.99477752382,3.31179488096
0.00991456,-0.00511419076139,1.99488514703,3.31144078873
0.00991656,-0.00500580303455,1.99499357692,3.31108400841
0.00991856,-0.00489662483339,1.99510279639,3.31072459561
0.00992056,-0.0047866733984,1.99521278818,3.31036260633
0.00992256,-0.0046759660922,1.99532353492,3.309998097
0.00992456,-0.00456452039674,1.99543501912,3.30963112448
0.00992656,-0.0044523539106,1.99554722318,3.309261746
0.00992856,-0.00433948434616,1.99566012938,3.30889001919
0.00993056,-0.00422592952684,1.99577371989,3.30851600209
0.00993256,-0.00411170738426,1.99588797677,3.30813975309
0.00993456,-0.00399683595542,1.99600288199,3.30776133094
0.00993656,-0.00388133337985,1.99611841739,3.30738079477
0.00993856,-0.00376521789674,1.99623456474,3.30699820405
0.00994056,-0.00364850784208,1.99635130569,3.30661361858
0.00994256,-0.00353122164574,1.9964686218,3.30622709851
0.00994456,-0.00341337782856,1.99658649455,3.30583870429
0.00994656,-0.00329499499946,1.99670490534,3.3054484967
0.00994856,-0.00317609185245,1.99682383545,3.30505653682
0.00995056,-0.00305668716371,1.99694326611,3.30466288601
0.00995256,-0.00293679978864,1.99706317845,3.30426760592
0.00995456,-0.00281644865884,1.99718355356,3.30387075849
0.00995656,-0.00269565277915,1.9973043724,3.30347240591
0.00995856,-0.00257443122463,1.99742561592,3.30307261063
0.00996056,-0.00245280313758,1.99754726495,3.30267143535
0.00996256,-0.00233078772448,1.99766930029,3.302268943
0.00996456,-0.00220840425298,1.99779170268,3.30186519674
0.00996656,-0.00208567204884,1.99791445277,3.30146025995
0.00996856,-0.00196261049291,1.99803753119,3.30105419621
0.00997056,-0.00183923901804,1.99816091851,3.30064706932
0.00997256,-0.001715577106,1.99828459523,3.30023894323
0.00997456,-0.00159164428445,1.99840854183,3.2998298821
0.00997656,-0.00146746012381,1.99853273874,3.29941995025
0.00997856,-0.00134304423421,1.99865716634,3.29900921215
0.00998056,-0.00121841626236,1.99878180498,3.29859773243
0.00998256,-0.00109359588846,1.99890663498,3.29818557585
0.00998456,-0.000968602823082,1.99903163664,3.29777280729
0.00998656,-0.000843456804095,1.99915679021,3.29735949177
0.00998856,-0.0007181775935,1.99928207592,3.2969456944
0.00999056,-0.000592784974338,1.999407474,3.29653148039
0.00999256,-0.000467298747557,1.99953296464,3.29611691505
0.00999456,-0.000341738728887,1.99965852803,3.29570206374
0.00999656,-0.000216124745709,1.99978414434,3.29528699192
0.00999856,-9.04766339293e-05,1.99990979372,3.29487176508
0.01000056,3.51857651602e-05,2.00003545635,3.29445644876
0.01000256,0.00016084260801,2.00016111237,3.29404110856
0.01000456,0.000286474051946,2.00028674195,3.29362581008
0.01000656,0.00041206025831,2.00041232525,3.29321061894
0.01000856,0.000537581395581,2.00053784242,3.29279560076
0.01001056,0.000663017642519,2.00066327367,3.29238082118
0.01001256,0.000788349191284,2.00078859917,3.29196634579
0.01001456,0.000913556250574,2.00091379913,3.29155224017
0.01001656,0.00103861904874,2.00103885379,3.29113856986
0.01001856,0.00116351783692,2.0011637434,3.29072540036
0.01002056,0.00128823289215,2.00128844824,3.29031279711
0.01002256,0.00141274452046,2.00141294861,3.28990082547
0.01002456,0.00153703306004,2.00153722486,3.28948955073
0.01002656,0.00166107888429,2.00166125736,3.28907903809
0.01002856,0.00178486240492,2.00178502652,3.28866935265
0.01003056,0.00190836407509,2.0019085128,3.2882605594
0.01003256,0.00203156439244,2.0020316967,3.28785272321
0.01003456,0.00215444390223,2.00215455877,3.28744590882
0.01003656,0.00227698320035,2.0022770796,3.28704018082
0.01003856,0.00239916293643,2.00239923985,3.28663560366
0.01004056,0.00252096381687,2.00252102023,3.28623224161
0.01004256,0.0026423666079,2.00264240151,3.2858301588
0.01004456,0.00276335213861,2.00276336451,3.28542941914
0.01004656,0.00288390130398,2.00288389015,3.28503008636
0.01004856,0.00300399506791,2.00300395938,3.284632224
0.01005056,0.00312361446619,2.00312355325,3.28423589537
0.01005256,0.00324274060953,2.00324265287,3.28384116356
0.01005456,0.00336135468655,2.00336123943,3.28344809143
0.01005656,0.00347943796669,2.0034792942,3.28305674158
0.01005856,0.00359697180324,2.00359679856,3.28266717636
0.01006056,0.00371393763625,2.00371373393,3.28227945788
0.01006256,0.00383031699545,2.00383008186,3.28189364793
0.01006456,0.0039460915032,2.00394582396,3.28150980806
0.01006656,0.00406124287735,2.00406094198,3.28112799949
0.01006856,0.00417575293417,2.00417541772,3.28074828314
0.01007056,0.0042896035912,2.0042892331,3.28037071963
0.01007256,0.00440277687009,2.00440237017,3.27999536924
0.01007456,0.00451525489948,2.00451481104,3.27962229191
0.01007656,0.00462701991778,2.00462653797,3.27925154726
0.01007856,0.00473805427599,2.00473753331,3.27888319453
0.01008056,0.00484834044051,2.00484777954,3.27851729259
0.01008256,0.00495786099587,2.00495725924,3.27815389995
0.01008456,0.0050665986475,2.00506595513,3.27779307475
0.01008656,0.00517453622447,2.00517385004,3.27743487469
0.01008856,0.00528165668219,2.00528092693,3.2770793571
0.01009056,0.00538794310509,2.00538716891,3.2767265789
0.01009256,0.00549337870932,2.00549255918,3.27637659657
0.01009456,0.00559794684537,2.00559708111,3.27602946616
0.01009656,0.00570163100071,2.00570071819,3.27568524328
0.01009856,0.00580441480243,2.00580345406,3.27534398309
0.01010056,0.00590628201976,2.00590527249,3.27500574029
0.01010256,0.00600721656669,2.0060061574,3.27467056912
0.01010456,0.00610720250449,2.00610609287,3.27433852332
0.01010656,0.00620622404422,2.00620506312,3.27400965615
0.01010856,0.00630426554923,2.0063030525,3.2736840204
0.01011056,0.00640131153762,2.00640004556,3.27336166831
0.01011256,0.00649734668472,2.00649602698,3.27304265163
0.01011456,0.00659235582545,2.00659098159,3.27272702159
0.01011656,0.00668632395678,2.0066848944,3.27241482889
0.01011856,0.00677923624005,2.00677775059,3.27210612367
0.01012056,0.00687107800332,2.00686953549,3.27180095554
0.01012256,0.00696183474373,2.00696023461,3.27149937355
0.01012456,0.00705149212973,2.00704983362,3.27120142619
0.01012656,0.00714003600337,2.00713831838,3.27090716135
0.01012856,0.00722745238256,2.00722567491,3.27061662637
0.01013056,0.00731372746324,2.00731188941,3.27032986799
0.01013256,0.00739884762157,2.00739694828,3.27004693235
0.01013456,0.00748279941608,2.00748083809,3.26976786498
0.01013656,0.00756556958983,2.00756354558,3.26949271081
0.01013856,0.00764714507244,2.00764505769,3.26922151413
0.01014056,0.00772751298219,2.00772536156,3.26895431863
0.01014256,0.00780666062806,2.00780444449,3.26869116733
0.01014456,0.00788457551171,2.00788229402,3.26843210265
0.01014656,0.0079612453295,2.00795889783,3.26817716631
0.01014856,0.00803665797436,2.00803424384,3.26792639942
0.01015056,0.00811080153776,2.00810832014,3.26767984238
0.01015256,0.00818366431157,2.00818111504,3.26743753496
0.01015456,0.00825523478992,2.00825261704,3.26719951624
0.01015656,0.008325501671,2.00832281486,3.26696582459
0.01015856,0.00839445385885,2.00839169741,3.26673649772
0.01016056,0.00846208046513,2.0084592538,3.26651157264
0.01016256,0.0085283708108,2.00852547338,3.26629108563
0.01016456,0.00859331442787,2.00859034568,3.26607507228
0.01016656,0.00865690106096,2.00865386046,3.26586356747
0.01016856,0.00871912066903,2.00871600769,3.26565660535
0.01017056,0.00877996342686,2.00877677756,3.26545421932
0.01017256,0.00883941972669,2.00883616048,3.26525644209
0.01017456,0.00889748017968,2.00889414705,3.2650633056
0.01017656,0.0089541356174,2.00895072814,3.26487484104
0.01017856,0.00900937709331,2.00900589479,3.26469107887
0.01018056,0.00906319588413,2.00905963831,3.26451204879
0.01018256,0.00911558349127,2.0091119502,3.26433777973
0.01018456,0.00916653164209,2.00916282221,3.26416829986
0.01018656,0.00921603229131,2.0092122463,3.26400363658
0.01018856,0.0092640776222,2.00926021466,3.26384381651
0.01019056,0.00931066004783,2.00930671972,3.26368886549
0.01019256,0.00935577221231,2.00935175414,3.26353880859
0.01019456,0.00939940699191,2.00939531081,3.26339367007
0.01019656,0.00944155749617,2.00943738284,3.26325347341
0.01019856,0.00948221706906,2.0094779636,3.2631182413
0.01020056,0.00952137928996,2.00951704668,3.2629879956
0.01020256,0.00955903797468,2.0095546259,3.26286275741
0.01020456,0.0095951871765,2.00959069533,3.26274254697
0.01020656,0.00962982118704,2.00962524927,3.26262738375
0.01020856,0.00966293453717,2.00965828227,3.26251728639
0.01021056,0.00969452199793,2.00968978912,3.26241227271
0.01021256,0.00972457858128,2.00971976483,3.2623123597
0.01021456,0.00975309954094,2.00974820467,3.26221756355
0.01021656,0.00978008037312,2.00977510416,3.2621278996
0.01021856,0.00980551681724,2.00980045903,3.26204338236
0.01022056,0.00982940485658,2.0098242653,3.26196402553
0.01022256,0.00985174071895,2.00984651921,3.26188984195
0.01022456,0.00987252087725,2.00986721722,3.26182084365
0.01022656,0.00989174205006,2.00988635609,3.26175704178
0.01022856,0.00990940120214,2.00990393278,3.26169844669
0.01023056,0.00992549554489,2.00991994453,3.26164506787
0.01023256,0.00994002253683,2.00993438879,3.26159691396
0.01023456,0.00995297988399,2.0099472633,3.26155399276
0.01023656,0.00996436554025,2.00995856601,3.26151631123
0.01023856,0.00997417770767,2.00996829515,3.26148387546
0.01024056,0.00998241483681,2.00997644918,3.26145669072
0.01024256,0.00998907562693,2.0099830268,3.26143476141
0.01024456,0.00999415902621,2.00998802699,3.26141809108
0.01024656,0.00999766423192,2.00999144895,3.26140668243
0.01024856,0.00999959069056,2.00999329214,3.26140053731
0.01025056,0.0099999380979,2.00999355627,3.26139965671
0.01025256,0.0099987063991,2.00999224129,3.26140404078
0.01025456,0.00999589578865,2.00998934743,3.26141368881
0.01025656,0.00999150671038,2.00998487512,3.26142859924
0.01025856,0.00998553985737,2.00997882509,3.26144876964
0.01026056,0.00997799617186,2.00997119828,3.26147419675
0.01026256,0.00996887684509,2.00996199589,3.26150487645
0.01026456,0.0099581833171,2.00995121939,3.26154080378
0.01026656,0.00994591727653,2.00993887048,3.2615819729
0.01026856,0.00993208066032,2.0099249511,3.26162837716
0.01027056,0.00991667565344,2.00990946345,3.26168000904
0.01027256,0.00989970468852,2.00989240997,3.26173686016
0.01027456,0.00988117044546,2.00987379337,3.26179892133
0.01027656,0.00986107585105,2.00985361658,3.2618661825
0.01027856,0.00983942407845,2.00983188278,3.26193863276
0.01028056,0.00981621854672,2.00980859542,3.26201626039
0.01028256,0.00979146292029,2.00978375816,3.26209905281
0.01028456,0.00976516110836,2.00975737492,3.26218699662
0.01028656,0.00973731726428,2.00972944988,3.26228007758
0.01028856,0.00970793578494,2.00969998745,3.26237828062
0.01029056,0.00967702130999,2.00966899227,3.26248158983
0.01029256,0.0096445787212,2.00963646924,3.26258998851
0.01029456,0.00961061314163,2.0096024235,3.26270345909
0.01029656,0.00957512993483,2.00956686042,3.26282198321
0.01029856,0.00953813470402,2.00952978562,3.26294554169
0.01030056,0.00949963329117,2.00949120495,3.26307411454
0.01030256,0.00945963177609,2.00945112451,3.26320768095
0.01030456,0.0094181364755,2.00940955062,3.2633462193
0.01030656,0.00937515394199,2.00936648986,3.26348970719
0.01030856,0.00933069096298,2.00932194901,3.26363812141
0.01031056,0.00928475455971,2.00927593512,3.26379143795
0.01031256,0.00923735198606,2.00922845544,3.26394963201
0.01031456,0.00918849072745,2.00917951748,3.26411267801
0.01031656,0.00913817849963,2.00912912897,3.26428054959
0.01031856,0.0090864232475,2.00907729786,3.26445321961
0.01032056,0.00903323314381,2.00902403233,3.26463066016
0.01032256,0.00897861658788,2.0089693408,3.26481284255
0.01032456,0.00892258220431,2.00891323191,3.26499973735
0.01032656,0.00886513884158,2.00885571451,3.26519131436
0.01032856,0.00880629557066,2.00879679768,3.26538754263
0.01033056,0.00874606168358,2.00873649074,3.26558839045
0.01033256,0.00868444669197,2.0086748032,3.26579382539
0.01033456,0.00862146032556,2.00861174481,3.26600381427
0.01033656,0.00855711253061,2.00854732552,3.26621832319
0.01033856,0.00849141346841,2.0084815555,3.26643731752
0.01034056,0.00842437351358,2.00841444515,3.26666076191
0.01034256,0.00835600325251,2.00834600505,3.2668886203
0.01034456,0.00828631348166,2.00827624602,3.26712085592
0.01034656,0.00821531520586,2.00820517907,3.2673574313
0.01034856,0.00814301963655,2.00813281543,3.26759830829
0.01035056,0.00806943819005,2.00805916652,3.26784344805
0.01035256,0.00799458248571,2.00798424396,3.26809281103
0.01035456,0.00791846434412,2.0079080596,3.26834635705
0.01035656,0.00784109578521,2.00783062547,3.26860404524
0.01035856,0.00776248902639,2.00775195378,3.26886583407
0.01036056,0.00768265648056,2.00767205697,3.26913168136
0.01036256,0.00760161075421,2.00759094765,3.26940154429
0.01036456,0.00751936464541,2.00750863862,3.26967537939
0.01036656,0.00743593114176,2.00742514289,3.26995314258
0.01036856,0.00735132341838,2.00734047365,3.27023478913
0.01037056,0.00726555483582,2.00725464425,3.27052027372
0.01037256,0.00717863893792,2.00716766826,3.2708095504
0.01037456,0.00709058944971,2.00707955941,3.27110257264
0.01037656,0.00700142027524,2.00699033161,3.27139929331
0.01037856,0.00691114549534,2.00689999895,3.27169966469
0.01038056,0.00681977936545,2.00680857571,3.27200363848
0.01038256,0.00672733631334,2.0067160763,3.27231116583
0.01038456,0.00663383093684,2.00662251535,3.27262219732
0.01038656,0.00653927800154,2.00652790762,3.27293668298
0.01038856,0.00644369243843,2.00643226805,3.27325457229
0.01039056,0.00634708934159,2.00633561176,3.27357581421
0.01039256,0.00624948396577,2.00623795399,3.27390035716
0.01039456,0.00615089172397,2.00613931018,3.27422814905
0.01039656,0.00605132818508,2.00603969589,3.27455913728
0.01039856,0.00595080907131,2.00593912687,3.27489326875
0.01040056,0.00584935025581,2.00583761898,3.27523048988
0.01040256,0.00574696776009,2.00573518827,3.27557074659
0.01040456,0.00564367775155,2.0056318509,3.27591398434
0.01040656,0.00553949654086,2.00552762319,3.27626014812
0.01040856,0.00543444057945,2.0054225216,3.27660918248
0.01041056,0.00532852645688,2.00531656273,3.27696103149
0.01041256,0.00522177089821,2.00520976331,3.27731563883
0.01041456,0.00511419076138,2.00510214021,3.27767294772
0.01041656,0.00500580303455,2.00499371042,3.27803290099
0.01041856,0.00489662483339,2.00488449106,3.27839544102
0.01042056,0.0047866733984,2.00477449938,3.27876050985
0.01042256,0.00467596609219,2.00466375274,3.27912804908
0.01042456,0.00456452039674,2.00455226865,3.27949799996
0.01042656,0.0044523539106,2.00444006469,3.27987030337
0.01042856,0.00433948434616,2.0043271586,3.28024489982
0.01043056,0.00422592952684,2.00421356819,3.28062172948
0.01043256,0.00411170738426,2.00409931141,3.28100073217
0.01043456,0.00399683595542,2.0039844063,3.2813818474
0.01043656,0.00388133337984,2.00386887101,3.28176501434
0.01043856,0.00376521789674,2.00375272377,3.28215017187
0.01044056,0.00364850784208,2.00363598292,3.28253725854
0.01044256,0.00353122164574,2.00351866692,3.28292621265
0.01044456,0.00341337782856,2.00340079427,3.28331697219
0.01044656,0.00329499499946,2.00328238359,3.2837094749
0.01044856,0.00317609185244,2.00316345359,3.28410365826
0.01045056,0.00305668716371,2.00304402304,3.28449945948
0.01045256,0.00293679978864,2.00292411079,3.28489681556
0.01045456,0.00281644865884,2.0028037358,3.28529566325
0.01045656,0.00269565277914,2.00268291706,3.28569593911
0.01045856,0.00257443122463,2.00256167365,3.28609757945
0.01046056,0.00245280313757,2.00244002472,3.28650052043
0.01046256,0.00233078772447,2.00231798948,3.28690469798
0.01046456,0.00220840425297,2.00219558721,3.28731004789
0.01046656,0.00208567204884,2.00207283722,3.28771650577
0.01046856,0.00196261049291,2.0019497589,3.28812400706
0.01047056,0.00183923901803,2.00182637169,3.28853248708
0.01047256,0.001715577106,2.00170269507,3.288941881
0.01047456,0.00159164428444,2.00157874858,3.28935212387
0.01047656,0.00146746012381,2.00145455178,3.28976315063
0.01047856,0.00134304423421,2.00133012429,3.2901748961
0.01048056,0.00121841626236,2.00120548575,3.29058729503
0.01048256,0.00109359588845,2.00108065585,3.29100028207
0.01048456,0.000968602823078,2.0009556543,3.29141379182
0.01048656,0.000843456804091,2.00083050084,3.29182775879
0.01048856,0.000718177593496,2.00070521523,3.29224211746
0.01049056,0.000592784974334,2.00057981726,3.29265680226
0.01049256,0.000467298747553,2.00045432672,3.2930717476
0.01049456,0.000341738728883,2.00032876344,3.29348688785
0.01049656,0.000216124745705,2.00020314724,3.29390215739
0.01049856,9.0476633925e-05,2.00007749796,3.29431749059
0.01050056,-3.51857651644e-05,1.99995183544,3.29473282185
0.01050256,-0.000160842608014,1.99982617952,3.29514808557
0.01050456,-0.000286474051951,1.99970055005,3.29556321618
0.01050656,-0.000412060258314,1.99957496686,3.29597814819
0.01050856,-0.000537581395585,1.99944944979,3.29639281611
0.01051056,-0.000663017642523,1.99932401865,3.29680715455
0.01051256,-0.000788349191288,1.99919869326,3.29722109819
0.01051456,-0.000913556250578,1.9990734934,3.29763458178
0.01051656,-0.00103861904875,1.99894843884,3.29804754017
0.01051856,-0.00116351783692,1.99882354934,3.29845990831
0.01052056,-0.00128823289215,1.99869884461,3.29887162129
0.01052256,-0.00141274452047,1.99857434434,3.29928261428
0.01052456,-0.00153703306005,1.9984500682,3.29969282263
0.01052656,-0.00166107888429,1.99832603581,3.3001021818
0.01052856,-0.00178486240492,1.99820226675,3.30051062742
0.01053056,-0.00190836407509,1.99807878058,3.30091809529
0.01053256,-0.00203156439245,1.99795559678,3.30132452137
0.01053456,-0.00215444390223,1.99783273482,3.30172984182
0.01053656,-0.00227698320036,1.9977102141,3.30213399298
0.01053856,-0.00239916293643,1.99758805395,3.30253691141
0.01054056,-0.00252096381687,1.99746627368,3.30293853387
0.01054256,-0.0026423666079,1.99734489251,3.30333879735
0.01054456,-0.00276335213861,1.9972239296,3.30373763907
0.01054656,-0.00288390130398,1.99710340408,3.30413499651
0.01054856,-0.00300399506791,1.99698333495,3.30453080737
0.01055056,-0.00312361446619,1.99686374119,3.30492500963
0.01055256,-0.00324274060954,1.99674464168,3.30531754157
0.01055456,-0.00336135468655,1.99662605522,3.30570834169
0.01055656,-0.00347943796669,1.99650800055,3.30609734884
0.01055856,-0.00359697180325,1.9963904963,3.30648450214
0.01056056,-0.00371393763625,1.99627356104,3.30686974102
0.01056256,-0.00383031699546,1.99615721322,3.30725300523
0.01056456,-0.0039460915032,1.99604147121,3.30763423485
0.01056656,-0.00406124287735,1.99592635331,3.30801337031
0.01056856,-0.00417575293418,1.99581187767,3.30839035235
0.01057056,-0.0042896035912,1.99569806239,3.30876512211
0.01057256,-0.0044027768701,1.99558492543,3.30913762105
0.01057456,-0.00451525489948,1.99547248467,3.30950779104
0.01057656,-0.00462701991778,1.99536075784,3.30987557431
0.01057856,-0.00473805427599,1.99524976261,3.31024091348
0.01058056,-0.00484834044051,1.99513951649,3.31060375157
0.01058256,-0.00495786099587,1.99503003689,3.31096403201
0.01058456,-0.0050665986475,1.99492134111,3.31132169864
0.01058656,-0.00517453622448,1.9948134463,3.31167669575
0.01058856,-0.0052816566822,1.99470636951,3.31202896801
0.01059056,-0.0053879431051,1.99460012765,3.31237846059
0.01059256,-0.00549337870932,1.99449473748,3.31272511906
0.01059456,-0.00559794684537,1.99439021566,3.31306888947
0.01059656,-0.00570163100072,1.99428657868,3.31340971833
0.01059856,-0.00580441480243,1.99418384292,3.31374755263
0.01060056,-0.00590628201976,1.9940820246,3.31408233983
0.01060256,-0.0060072165667,1.99398113979,3.31441402788
0.01060456,-0.0061072025045,1.99388120442,3.31474256523
0.01060656,-0.00620622404422,1.99378223428,3.31506790083
0.01060856,-0.00630426554923,1.993684245,3.31538998415
0.01061056,-0.00640131153762,1.99358725205,3.31570876517
0.01061256,-0.00649734668472,1.99349127074,3.31602419439
0.01061456,-0.00659235582545,1.99339631624,3.31633622285
0.01061656,-0.00668632395678,1.99330240353,3.31664480215
0.01061856,-0.00677923624005,1.99320954744,3.3169498844
0.01062056,-0.00687107800332,1.99311776265,3.31725142228
0.01062256,-0.00696183474373,1.99302706364,3.31754936905
0.01062456,-0.00705149212973,1.99293746473,3.31784367852
0.01062656,-0.00714003600337,1.99284898008,3.31813430508
0.01062856,-0.00722745238257,1.99276162366,3.31842120368
0.01063056,-0.00731372746324,1.99267540926,3.31870432991
0.01063256,-0.00739884762157,1.99259035049,3.31898363989
0.01063456,-0.00748279941609,1.9925064608,3.3192590904
0.01063656,-0.00756556958983,1.99242375341,3.31953063879
0.01063856,-0.00764714507244,1.9923422414,3.31979824304
0.01064056,-0.00772751298219,1.99226193764,3.32006186174
0.01064256,-0.00780666062806,1.99218285481,3.32032145411
0.01064456,-0.00788457551172,1.9921050054,3.32057698001
0.01064656,-0.0079612453295,1.99202840169,3.32082839993
0.01064856,-0.00803665797436,1.99195305579,3.32107567499
0.01065056,-0.00811080153776,1.99187897959,3.32131876698
0.01065256,-0.00818366431157,1.99180618479,3.32155763833
0.01065456,-0.00825523478992,1.9917346829,3.32179225215
0.01065656,-0.008325501671,1.99166448519,3.32202257218
0.01065856,-0.00839445385885,1.99159560275,3.32224856287
0.01066056,-0.00846208046513,1.99152804646,3.32247018931
0.01066256,-0.00852837081081,1.99146182699,3.3226874173
0.01066456,-0.00859331442787,1.99139695479,3.3229002133
0.01066656,-0.00865690106096,1.99133344012,3.32310854447
0.01066856,-0.00871912066903,1.99127129299,3.32331237868
0.01067056,-0.00877996342686,1.99121052322,3.32351168447
0.01067256,-0.00883941972669,1.99115114042,3.32370643111
0.01067456,-0.00889748017968,1.99109315395,3.32389658856
0.01067656,-0.0089541356174,1.99103657297,3.32408212751
0.01067856,-0.00900937709331,1.99098140642,3.32426301934
0.01068056,-0.00906319588414,1.99092766301,3.32443923618
0.01068256,-0.00911558349127,1.99087535122,3.32461075087
0.01068456,-0.00916653164209,1.99082447932,3.32477753697
0.01068656,-0.00921603229131,1.99077505534,3.3249395688
0.01068856,-0.0092640776222,1.99072708708,3.32509682138
0.01069056,-0.00931066004783,1.99068058212,3.3252492705
0.01069256,-0.00935577221231,1.99063554781,3.32539689268
0.01069456,-0.00939940699191,1.99059199125,3.32553966519
0.01069656,-0.00944155749618,1.99054991932,3.32567756604
0.01069856,-0.00948221706906,1.99050933867,3.325810574
0.01070056,-0.00952137928996,1.9904702557,3.3259386686
0.01070256,-0.00955903797468,1.99043267658,3.32606183011
0.01070456,-0.0095951871765,1.99039660726,3.3261800396
0.01070656,-0.00962982118704,1.99036205342,3.32629327886
0.01070856,-0.00966293453717,1.99032902052,3.32640153047
0.01071056,-0.00969452199793,1.99029751379,3.32650477777
0.01071256,-0.00972457858128,1.99026753818,3.32660300489
0.01071456,-0.00975309954094,1.99023909845,3.3266961967
0.01071656,-0.00978008037312,1.99021219907,3.32678433888
0.01071856,-0.00980551681724,1.99018684429,3.32686741787
0.01072056,-0.00982940485658,1.99016303813,3.32694542089
0.01072256,-0.00985174071895,1.99014078433,3.32701833594
0.01072456,-0.00987252087725,1.99012008642,3.32708615182
0.01072656,-0.00989174205007,1.99010094766,3.32714885809
0.01072856,-0.00990940120214,1.99008337107,3.32720644512
0.01073056,-0.00992549554489,1.99006735944,3.32725890404
0.01073256,-0.00994002253683,1.99005291528,3.3273062268
0.01073456,-0.00995297988399,1.99004004088,3.32734840612
0.01073656,-0.00996436554025,1.99002873827,3.32738543551
0.01073856,-0.00997417770767,1.99001900923,3.32741730928
0.01074056,-0.00998241483681,1.99001085531,3.32744402254
0.01074256,-0.00998907562693,1.99000427779,3.32746557117
0.01074456,-0.00999415902621,1.98999927771,3.32748195186
0.01074656,-0.00999766423192,1.98999585586,3.3274931621
0.01074856,-0.00999959069056,1.98999401278,3.32749920016
0.01075056,-0.0099999380979,1.98999374875,3.32750006512
0.01075256,-0.0099987063991,1.98999506383,3.32749575684
0.01075456,-0.00999589578865,1.98999795781,3.32748627598
0.01075656,-0.00999150671038,1.99000243022,3.327471624
0.01075856,-0.00998553985737,1.99000848036,3.32745180315
0.01076056,-0.00997799617186,1.99001610727,3.32742681649
0.01076256,-0.00996887684509,1.99002530976,3.32739666784
0.01076456,-0.0099581833171,1.99003608637,3.32736136185
0.01076656,-0.00994591727653,1.99004843539,3.32732090394
0.01076856,-0.00993208066032,1.99006235488,3.32727530033
0.01077056,-0.00991667565344,1.99007784263,3.32722455804
0.01077256,-0.00989970468852,1.99009489621,3.32716868486
0.01077456,-0.00988117044546,1.99011351292,3.32710768938
0.01077656,-0.00986107585105,1.99013368982,3.32704158098
0.01077856,-0.00983942407845,1.99015542372,3.32697036984
0.01078056,-0.00981621854672,1.99017871119,3.32689406689
0.01078256,-0.00979146292029,1.99020354856,3.32681268387
0.01078456,-0.00976516110835,1.9902299319,3.3267262333
0.01078656,-0.00973731726428,1.99025785704,3.32663472848
0.01078856,-0.00970793578494,1.99028731958,3.32653818347
0.01079056,-0.00967702130999,1.99031831487,3.32643661314
0.01079256,-0.0096445787212,1.990350838,3.3263300331
0.01079456,-0.00961061314163,1.99038488385,3.32621845975
0.01079656,-0.00957512993483,1.99042044703,3.32610191027
0.01079856,-0.00953813470402,1.99045752194,3.32598040258
0.01080056,-0.00949963329116,1.99049610271,3.32585395539
0.01080256,-0.00945963177609,1.99053618326,3.32572258816
0.01080456,-0.0094181364755,1.99057775725,3.3255863211
0.01080656,-0.00937515394198,1.99062081812,3.32544517521
0.01080856,-0.00933069096298,1.99066535908,3.3252991722
0.01081056,-0.00928475455971,1.99071137308,3.32514833457
0.01081256,-0.00923735198606,1.99075885286,3.32499268554
0.01081456,-0.00918849072745,1.99080779092,3.32483224908
0.01081656,-0.00913817849963,1.99085817954,3.32466704992
0.01081856,-0.0090864232475,1.99091001076,3.32449711349
0.01082056,-0.0090332331438,1.99096327639,3.32432246599
0.01082256,-0.00897861658788,1.99101796803,3.32414313434
0.01082456,-0.00892258220431,1.99107407703,3.32395914616
0.01082656,-0.00886513884158,1.99113159453,3.32377052984
0.01082856,-0.00880629557065,1.99119051146,3.32357731444
0.01083056,-0.00874606168357,1.99125081851,3.32337952976
0.01083256,-0.00868444669197,1.99131250615,3.3231772063
0.01083456,-0.00862146032555,1.99137556465,3.32297037529
0.01083656,-0.00855711253061,1.99143998405,3.32275906862
0.01083856,-0.0084914134684,1.99150575417,3.3225433189
0.01084056,-0.00842437351357,1.99157286463,3.32232315944
0.01084256,-0.00835600325251,1.99164130483,3.32209862421
0.01084456,-0.00828631348166,1.99171106397,3.32186974789
0.01084656,-0.00821531520586,1.99178213102,3.32163656582
0.01084856,-0.00814301963655,1.99185449477,3.32139911401
0.01085056,-0.00806943819005,1.99192814379,3.32115742916
0.01085256,-0.00799458248571,1.99200306645,3.32091154859
0.01085456,-0.00791846434412,1.99207925092,3.32066151031
0.01085656,-0.00784109578521,1.99215668516,3.32040735298
0.01085856,-0.00776248902639,1.99223535695,3.32014911589
0.01086056,-0.00768265648056,1.99231525387,3.31988683898
0.01086256,-0.00760161075421,1.9923963633,3.3196205628
0.01086456,-0.00751936464541,1.99247867243,3.31935032857
0.01086656,-0.00743593114176,1.99256216826,3.31907617809
0.01086856,-0.00735132341838,1.99264683761,3.31879815381
0.01087056,-0.00726555483581,1.99273266711,3.31851629876
0.01087256,-0.00717863893792,1.99281964321,3.31823065659
0.01087456,-0.00709058944971,1.99290775217,3.31794127155
0.01087656,-0.00700142027524,1.99299698007,3.31764818847
0.01087856,-0.00691114549534,1.99308731283,3.31735145276
0.01088056,-0.00681977936545,1.99317873619,3.31705111043
0.01088256,-0.00672733631334,1.9932712357,3.31674720804
0.01088456,-0.00663383093684,1.99336479676,3.31643979271
0.01088656,-0.00653927800154,1.99345940459,3.31612891214
0.01088856,-0.00644369243843,1.99355504426,3.31581461456
0.01089056,-0.00634708934159,1.99365170067,3.31549694874
0.01089256,-0.00624948396576,1.99374935854,3.31517596402
0.01089456,-0.00615089172397,1.99384800246,3.31485171022
0.01089656,-0.00605132818507,1.99394761685,3.31452423771
0.01089856,-0.00595080907131,1.99404818598,3.31419359738
0.01090056,-0.00584935025581,1.99414969397,3.3138598406
0.01090256,-0.00574696776009,1.99425212479,3.31352301926
0.01090456,-0.00564367775154,1.99435546227,3.31318318572
0.01090656,-0.00553949654086,1.99445969008,3.31284039286
0.01090856,-0.00543444057945,1.99456479177,3.31249469399
0.01091056,-0.00532852645688,1.99467075075,3.31214614293
0.01091256,-0.00522177089821,1.99477755027,3.31179479392
0.01091456,-0.00511419076138,1.99488517348,3.31144070168
0.01091656,-0.00500580303455,1.99499360338,3.31108392136
0.01091856,-0.00489662483338,1.99510282285,3.31072450854
0.01092056,-0.0047866733984,1.99521281463,3.31036251925
0.01092256,-0.00467596609219,1.99532356137,3.30999800992
0.01092456,-0.00456452039673,1.99543504557,3.30963103739
0.01092656,-0.00445235391059,1.99554724963,3.3092616589
0.01092856,-0.00433948434616,1.99566015583,3.30888993209
0.01093056,-0.00422592952683,1.99577374634,3.30851591498
0.01093256,-0.00411170738425,1.99588800323,3.30813966596
0.01093456,-0.00399683595541,1.99600290845,3.30776124381
0.01093656,-0.00388133337984,1.99611844385,3.30738070763
0.01093856,-0.00376521789673,1.99623459119,3.3069981169
0.01094056,-0.00364850784207,1.99635133214,3.30661353143
0.01094256,-0.00353122164573,1.99646864825,3.30622701135
0.01094456,-0.00341337782856,1.99658652101,3.30583861712
0.01094656,-0.00329499499945,1.99670493179,3.30544840953
0.01094856,-0.00317609185244,1.9968238619,3.30505644963
0.01095056,-0.00305668716371,1.99694329256,3.30466279881
0.01095256,-0.00293679978864,1.99706320491,3.30426751872
0.01095456,-0.00281644865883,1.99718358001,3.30387067128
0.01095656,-0.00269565277914,1.99730439886,3.30347231869
0.01095856,-0.00257443122462,1.99742564237,3.3030725234
0.01096056,-0.00245280313757,1.9975472914,3.30267134811
0.01096256,-0.00233078772447,1.99766932674,3.30226885575
0.01096456,-0.00220840425297,1.99779172913,3.30186510948
0.01096656,-0.00208567204883,1.99791447922,3.30146017268
0.01096856,-0.00196261049291,1.99803755765,3.30105410894
0.01097056,-0.00183923901803,1.99816094496,3.30064698203
0.01097256,-0.00171557710599,1.99828462168,3.30023885594
0.01097456,-0.00159164428444,1.99840856828,3.2998297948
0.01097656,-0.00146746012381,1.99853276519,3.29941986294
0.01097856,-0.00134304423421,1.99865719279,3.29900912484
0.01098056,-0.00121841626235,1.99878183143,3.29859764511
0.01098256,-0.00109359588845,1.99890666143,3.29818548851
0.01098456,-0.000968602823074,1.99903166309,3.29777271995
0.01098656,-0.000843456804087,1.99915681666,3.29735940442
0.01098856,-0.000718177593492,1.99928210237,3.29694560704
0.01099056,-0.00059278497433,1.99940750045,3.29653139302
0.01099256,-0.000467298747549,1.99953299109,3.29611682767
0.01099456,-0.000341738728878,1.99965855448,3.29570197635
0.01099656,-0.000216124745701,1.99978417078,3.29528690452
0.01099856,-9.04766339208e-05,1.99990982017,3.29487167767
0.01100056,3.51857651685e-05,2.0000354828,3.29445636135
0.01100256,0.000160842608018,2.00016113882,3.29404102114
0.01100456,0.000286474051955,2.0002867684,3.29362572265
0.01100656,0.000412060258318,2.00041235169,3.2932105315
0.01100856,0.00053758139559,2.00053786887,3.29279551331
0.01101056,0.000663017642527,2.00066330011,3.29238073372
0.01101256,0.000788349191293,2.00078862561,3.29196625832
0.01101456,0.000913556250582,2.00091382558,3.29155215269
0.01101656,0.00103861904875,2.00103888024,3.29113848238
0.01101856,0.00116351783693,2.00116376985,3.29072531287
0.01102056,0.00128823289215,2.00128847469,3.29031270961
0.01102256,0.00141274452047,2.00141297506,3.28990073796
0.01102456,0.00153703306005,2.00153725131,3.28948946321
0.01102656,0.0016610788843,2.0016612838,3.28907895056
0.01102856,0.00178486240493,2.00178505296,3.28866926512
0.01103056,0.00190836407509,2.00190853924,3.28826047186
0.01103256,0.00203156439245,2.00203172314,3.28785263566
0.01103456,0.00215444390224,2.00215458521,3.28744582126
0.01103656,0.00227698320036,2.00227710604,3.28704009325
0.01103856,0.00239916293644,2.0023992663,3.28663551608
0.01104056,0.00252096381688,2.00252104667,3.28623215402
0.01104256,0.00264236660791,2.00264242795,3.2858300712
0.01104456,0.00276335213862,2.00276339096,3.28542933153
0.01104656,0.00288390130399,2.00288391659,3.28502999875
0.01104856,0.00300399506791,2.00300398582,3.28463213638
0.01105056,0.00312361446619,2.00312357969,3.28423580774
0.01105256,0.00324274060954,2.00324267931,3.28384107592
0.01105456,0.00336135468656,2.00336126587,3.28344800378
0.01105656,0.0034794379667,2.00347932065,3.28305665392
0.01105856,0.00359697180325,2.003596825,3.2826670887
0.01106056,0.00371393763626,2.00371376037,3.2822793702
0.01106256,0.00383031699546,2.0038301083,3.28189356025
0.01106456,0.0039460915032,2.0039458504,3.28150972037
0.01106656,0.00406124287736,2.00406096842,3.28112791179
0.01106856,0.00417575293418,2.00417544416,3.28074819543
0.01107056,0.00428960359121,2.00428925954,3.28037063191
0.01107256,0.0044027768701,2.00440239661,3.27999528151
0.01107456,0.00451525489949,2.00451483748,3.27962220418
0.01107656,0.00462701991778,2.00462656441,3.27925145952
0.01107856,0.004738054276,2.00473755975,3.27888310678
0.01108056,0.00484834044052,2.00484780598,3.27851720484
0.01108256,0.00495786099587,2.00495728568,3.27815381219
0.01108456,0.00506659864751,2.00506598157,3.27779298698
0.01108656,0.00517453622448,2.00517387648,3.27743478691
0.01108856,0.0052816566822,2.00528095337,3.27707926932
0.01109056,0.0053879431051,2.00538719534,3.27672649111
0.01109256,0.00549337870933,2.00549258562,3.27637650877
0.01109456,0.00559794684537,2.00559710755,3.27602937835
0.01109656,0.00570163100072,2.00570074463,3.27568515546
0.01109856,0.00580441480244,2.00580348049,3.27534389527
0.01110056,0.00590628201977,2.00590529892,3.27500565246
0.01110256,0.0060072165667,2.00600618384,3.27467048128
0.01110456,0.0061072025045,2.00610611931,3.27433843548
0.01110656,0.00620622404423,2.00620508955,3.27400956831
0.01110856,0.00630426554923,2.00630307894,3.27368393254
0.01111056,0.00640131153763,2.006400072,3.27336158044
0.01111256,0.00649734668472,2.00649605341,3.27304256376
0.01111456,0.00659235582546,2.00659100802,3.27272693372
0.01111656,0.00668632395679,2.00668492084,3.27241474101
0.01111856,0.00677923624005,2.00677777703,3.27210603578
0.01112056,0.00687107800333,2.00686956193,3.27180086765
0.01112256,0.00696183474373,2.00696026104,3.27149928565
0.01112456,0.00705149212973,2.00704986005,3.27120133828
0.01112656,0.00714003600338,2.00713834481,3.27090707344
0.01112856,0.00722745238257,2.00722570134,3.27061653846
0.01113056,0.00731372746325,2.00731191585,3.27032978007
0.01113256,0.00739884762157,2.00739697472,3.27004684442
0.01113456,0.00748279941609,2.00748086452,3.26976777704
0.01113656,0.00756556958984,2.00756357201,3.26949262287
0.01113856,0.00764714507244,2.00764508412,3.26922142619
0.01114056,0.00772751298219,2.00772538799,3.26895423068
0.01114256,0.00780666062806,2.00780447093,3.26869107938
0.01114456,0.00788457551172,2.00788232045,3.26843201469
0.01114656,0.0079612453295,2.00795892426,3.26817707835
0.01114856,0.00803665797436,2.00803427027,3.26792631144
0.01115056,0.00811080153776,2.00810834657,3.26767975441
0.01115256,0.00818366431157,2.00818114147,3.26743744698
0.01115456,0.00825523478992,2.00825264348,3.26719942825
0.01115656,0.008325501671,2.00832284129,3.2669657366
0.01115856,0.00839445385886,2.00839172384,3.26673640973
0.01116056,0.00846208046513,2.00845928023,3.26651148464
0.01116256,0.00852837081081,2.00852549981,3.26629099762
0.01116456,0.00859331442787,2.00859037211,3.26607498427
0.01116656,0.00865690106097,2.00865388689,3.26586347946
0.01116856,0.00871912066903,2.00871603412,3.26565651733
0.01117056,0.00877996342687,2.00877680399,3.2654541313
0.01117256,0.0088394197267,2.00883618691,3.26525635407
0.01117456,0.00889748017968,2.00889417348,3.26506321757
0.01117656,0.0089541356174,2.00895075457,3.26487475301
0.01117856,0.00900937709331,2.00900592122,3.26469099084
0.01118056,0.00906319588414,2.00905966474,3.26451196076
0.01118256,0.00911558349127,2.00911197663,3.26433769169
0.01118456,0.0091665316421,2.00916284864,3.26416821182
0.01118656,0.00921603229131,2.00921227272,3.26400354853
0.01118856,0.0092640776222,2.00926024109,3.26384372846
0.01119056,0.00931066004783,2.00930674615,3.26368877744
0.01119256,0.00935577221232,2.00935178057,3.26353872053
0.01119456,0.00939940699191,2.00939533724,3.26339358201
0.01119656,0.00944155749618,2.00943740927,3.26325338535
0.01119856,0.00948221706907,2.00947799003,3.26311815324
0.01120056,0.00952137928996,2.0095170731,3.26298790754
0.01120256,0.00955903797469,2.00955465232,3.26286266934
0.01120456,0.00959518717651,2.00959072175,3.2627424589
0.01120656,0.00962982118704,2.0096252757,3.26262729568
0.01120856,0.00966293453717,2.0096583087,3.26251719832
0.01121056,0.00969452199793,2.00968981554,3.26241218463
0.01121256,0.00972457858128,2.00971979125,3.26231227163
0.01121456,0.00975309954094,2.00974823109,3.26221747547
0.01121656,0.00978008037312,2.00977513058,3.26212781152
0.01121856,0.00980551681724,2.00980048546,3.26204329428
0.01122056,0.00982940485658,2.00982429173,3.26196393745
0.01122256,0.00985174071895,2.00984654563,3.26188975387
0.01122456,0.00987252087725,2.00986724365,3.26182075556
0.01122656,0.00989174205007,2.00988638251,3.2617569537
0.01122856,0.00990940120214,2.0099039592,3.26169835861
0.01123056,0.00992549554489,2.00991997095,3.26164497978
0.01123256,0.00994002253683,2.00993441521,3.26159682587
0.01123456,0.00995297988399,2.00994728972,3.26155390467
0.01123656,0.00996436554025,2.00995859243,3.26151622314
0.01123856,0.00997417770767,2.00996832157,3.26148378738
0.01124056,0.00998241483681,2.0099764756,3.26145660264
0.01124256,0.00998907562693,2.00998305322,3.26143467333
0.01124456,0.00999415902621,2.00998805341,3.261418003
0.01124656,0.00999766423192,2.00999147537,3.26140659435
0.01124856,0.00999959069056,2.00999331856,3.26140044923
0.01125056,0.0099999380979,2.00999358269,3.26139956863
0.01125256,0.0099987063991,2.00999226771,3.2614039527
0.01125456,0.00999589578865,2.00998937385,3.26141360073
0.01125656,0.00999150671038,2.00998490154,3.26142851116
0.01125856,0.00998553985737,2.00997885151,3.26144868156
0.01126056,0.00997799617186,2.00997122469,3.26147410867
0.01126256,0.00996887684509,2.00996202231,3.26150478838
0.01126456,0.0099581833171,2.00995124581,3.2615407157
0.01126656,0.00994591727653,2.0099388969,3.26158188483
0.01126856,0.00993208066032,2.00992497751,3.26162828909
0.01127056,0.00991667565344,2.00990948986,3.26167992097
0.01127256,0.00989970468852,2.00989243639,3.26173677209
0.01127456,0.00988117044546,2.00987381979,3.26179883327
0.01127656,0.00986107585105,2.009853643,3.26186609443
0.01127856,0.00983942407844,2.0098319092,3.2619385447
0.01128056,0.00981621854672,2.00980862183,3.26201617233
0.01128256,0.00979146292029,2.00978378457,3.26209896475
0.01128456,0.00976516110835,2.00975740134,3.26218690857
0.01128656,0.00973731726428,2.0097294763,3.26227998953
0.01128856,0.00970793578493,2.00970001386,3.26237819257
0.01129056,0.00967702130999,2.00966901868,3.26248150179
0.01129256,0.0096445787212,2.00963649566,3.26258990047
0.01129456,0.00961061314163,2.00960244991,3.26270337105
0.01129656,0.00957512993483,2.00956688683,3.26282189518
0.01129856,0.00953813470402,2.00952981203,3.26294545366
0.01130056,0.00949963329116,2.00949123137,3.26307402651
0.01130256,0.00945963177609,2.00945115093,3.26320759292
0.01130456,0.0094181364755,2.00940957704,3.26334613128
0.01130656,0.00937515394198,2.00936651627,3.26348961918
0.01130856,0.00933069096298,2.00932197542,3.2636380334
0.01131056,0.00928475455971,2.00927596153,3.26379134994
0.01131256,0.00923735198606,2.00922848185,3.263949544
0.01131456,0.00918849072744,2.00917954389,3.26411259001
0.01131656,0.00913817849963,2.00912915538,3.2642804616
0.01131856,0.0090864232475,2.00907732427,3.26445313162
0.01132056,0.0090332331438,2.00902405874,3.26463057217
0.01132256,0.00897861658788,2.00896936721,3.26481275457
0.01132456,0.00892258220431,2.00891325832,3.26499964938
0.01132656,0.00886513884158,2.00885574092,3.26519122639
0.01132856,0.00880629557065,2.0087968241,3.26538745466
0.01133056,0.00874606168357,2.00873651715,3.26558830249
0.01133256,0.00868444669196,2.00867482961,3.26579373744
0.01133456,0.00862146032555,2.00861177122,3.26600372633
0.01133656,0.00855711253061,2.00854735193,3.26621823525
0.01133856,0.0084914134684,2.00848158191,3.26643722959
0.01134056,0.00842437351357,2.00841447156,3.26666067398
0.01134256,0.00835600325251,2.00834603146,3.26688853237
0.01134456,0.00828631348166,2.00827627243,3.267120768
0.01134656,0.00821531520586,2.00820520548,3.26735734339
0.01134856,0.00814301963655,2.00813284184,3.26759822039
0.01135056,0.00806943819004,2.00805919292,3.26784336015
0.01135256,0.0079945824857,2.00798427037,3.26809272314
0.01135456,0.00791846434411,2.00790808601,3.26834626917
0.01135656,0.00784109578521,2.00783065188,3.26860395736
0.01135856,0.00776248902638,2.00775198019,3.2688657462
0.01136056,0.00768265648056,2.00767208338,3.26913159349
0.01136256,0.00760161075421,2.00759097405,3.26940145643
0.01136456,0.0075193646454,2.00750866503,3.26967529154
0.01136656,0.00743593114175,2.0074251693,3.26995305473
0.01136856,0.00735132341838,2.00734050005,3.27023470129
0.01137056,0.00726555483581,2.00725467066,3.27052018589
0.01137256,0.00717863893791,2.00716769467,3.27080946258
0.01137456,0.00709058944971,2.00707958582,3.27110248483
0.01137656,0.00700142027523,2.00699035802,3.2713992055
0.01137856,0.00691114549533,2.00690002536,3.27169957689
0.01138056,0.00681977936544,2.00680860211,3.27200355069
0.01138256,0.00672733631334,2.00671610271,3.27231107805
0.01138456,0.00663383093684,2.00662254175,3.27262210954
0.01138656,0.00653927800153,2.00652793402,3.27293659521
0.01138856,0.00644369243843,2.00643229446,3.27325448453
0.01139056,0.00634708934158,2.00633563816,3.27357572645
0.01139256,0.00624948396576,2.0062379804,3.27390026941
0.01139456,0.00615089172397,2.00613933658,3.27422806131
0.01139656,0.00605132818507,2.0060397223,3.27455904955
0.01139856,0.0059508090713,2.00593915327,3.27489318103
0.01140056,0.0058493502558,2.00583764539,3.27523040217
0.01140256,0.00574696776009,2.00573521467,3.27557065889
0.01140456,0.00564367775154,2.0056318773,3.27591389665
0.01140656,0.00553949654085,2.00552764959,3.27626006044
0.01140856,0.00543444057945,2.005422548,3.2766090948
0.01141056,0.00532852645687,2.00531658913,3.27696094382
0.01141256,0.0052217708982,2.00520978972,3.27731555117
0.01141456,0.00511419076138,2.00510216661,3.27767286007
0.01141656,0.00500580303454,2.00499373682,3.27803281334
0.01141856,0.00489662483338,2.00488451746,3.27839535339
0.01142056,0.00478667339839,2.00477452578,3.27876042222
0.01142256,0.00467596609219,2.00466377914,3.27912796146
0.01142456,0.00456452039673,2.00455229505,3.27949791236
0.01142656,0.00445235391059,2.00444009109,3.27987021577
0.01142856,0.00433948434615,2.004327185,3.28024481223
0.01143056,0.00422592952683,2.00421359459,3.2806216419
0.01143256,0.00411170738425,2.00409933781,3.28100064461
0.01143456,0.00399683595541,2.0039844327,3.28138175984
0.01143656,0.00388133337984,2.00386889741,3.28176492679
0.01143856,0.00376521789673,2.00375275017,3.28215008433
0.01144056,0.00364850784207,2.00363600932,3.28253717101
0.01144256,0.00353122164573,2.00351869332,3.28292612513
0.01144456,0.00341337782855,2.00340082067,3.28331688468
0.01144656,0.00329499499945,2.00328240999,3.2837093874
0.01144856,0.00317609185244,2.00316347999,3.28410357077
0.01145056,0.0030566871637,2.00304404943,3.284499372
0.01145256,0.00293679978863,2.00292413719,3.28489672809
0.01145456,0.00281644865883,2.0028037622,3.28529557579
0.01145656,0.00269565277913,2.00268294345,3.28569585166
0.01145856,0.00257443122462,2.00256170005,3.28609749201
0.01146056,0.00245280313757,2.00244005112,3.286500433
0.01146256,0.00233078772447,2.00231801588,3.28690461056
0.01146456,0.00220840425296,2.0021956136,3.28730996048
0.01146656,0.00208567204883,2.00207286361,3.28771641837
0.01146856,0.0019626104929,2.0019497853,3.28812391967
0.01147056,0.00183923901803,2.00182639809,3.2885323997
0.01147256,0.00171557710599,2.00170272147,3.28894179363
0.01147456,0.00159164428444,2.00157877498,3.28935203651
0.01147656,0.0014674601238,2.00145457818,3.28976306328
0.01147856,0.0013430442342,2.00133015068,3.29017480876
0.01148056,0.00121841626235,2.00120551215,3.2905872077
0.01148256,0.00109359588844,2.00108068225,3.29100019475
0.01148456,0.00096860282307,2.0009556807,3.29141370451
0.01148656,0.000843456804082,2.00083052724,3.29182767149
0.01148856,0.000718177593488,2.00070524163,3.29224203017
0.01149056,0.000592784974326,2.00057984365,3.29265671498
0.01149256,0.000467298747545,2.00045435312,3.29307166033
0.01149456,0.000341738728874,2.00032878983,3.29348680059
0.01149656,0.000216124745697,2.00020317363,3.29390207014
0.01149856,9.04766339168e-05,2.00007752435,3.29431740336
0.01150056,-3.51857651727e-05,1.99995186183,3.29473273462
0.01150256,-0.000160842608022,1.99982620591,3.29514799835
0.01150456,-0.000286474051959,1.99970057644,3.29556312898
0.01150656,-0.000412060258322,1.99957499325,3.29597806099
0.01150856,-0.000537581395594,1.99944947618,3.29639272892
0.01151056,-0.000663017642531,1.99932404504,3.29680706738
0.01151256,-0.000788349191297,1.99919871965,3.29722101102
0.01151456,-0.000913556250586,1.99907351979,3.29763449462
0.01151656,-0.00103861904875,1.99894846523,3.29804745302
0.01151856,-0.00116351783693,1.99882357573,3.29845982118
0.01152056,-0.00128823289216,1.998698871,3.29887153416
0.01152256,-0.00141274452048,1.99857437073,3.29928252717
0.01152456,-0.00153703306006,1.99845009459,3.29969273552
0.01152656,-0.0016610788843,1.9983260622,3.3001020947
0.01152856,-0.00178486240493,1.99820229314,3.30051054034
0.01153056,-0.0019083640751,1.99807880697,3.30091800822
0.01153256,-0.00203156439245,1.99795562317,3.30132443431
0.01153456,-0.00215444390224,1.99783276121,3.30172975477
0.01153656,-0.00227698320036,1.99771024048,3.30213390594
0.01153856,-0.00239916293644,1.99758808034,3.30253682438
0.01154056,-0.00252096381688,1.99746630006,3.30293844685
0.01154256,-0.00264236660791,1.99734491889,3.30333871034
0.01154456,-0.00276335213862,1.99722395599,3.30373755207
0.01154656,-0.00288390130399,1.99710343046,3.30413490951
0.01154856,-0.00300399506792,1.99698336134,3.30453072038
0.01155056,-0.0031236144662,1.99686376758,3.30492492266
0.01155256,-0.00324274060955,1.99674466806,3.3053174546
0.01155456,-0.00336135468656,1.99662608161,3.30570825474
0.01155656,-0.0034794379667,1.99650802694,3.3060972619
0.01155856,-0.00359697180325,1.99639052269,3.30648441521
0.01156056,-0.00371393763626,1.99627358742,3.30686965409
0.01156256,-0.00383031699546,1.9961572396,3.30725291831
0.01156456,-0.00394609150321,1.9960414976,3.30763414795
0.01156656,-0.00406124287736,1.99592637969,3.30801328341
0.01156856,-0.00417575293418,1.99581190406,3.30839026547
0.01157056,-0.00428960359121,1.99569808878,3.30876503523
0.01157256,-0.0044027768701,1.99558495182,3.30913753419
0.01157456,-0.00451525489949,1.99547251105,3.30950770419
0.01157656,-0.00462701991779,1.99536078423,3.30987548746
0.01157856,-0.004738054276,1.99524978899,3.31024082664
0.01158056,-0.00484834044052,1.99513954287,3.31060366474
0.01158256,-0.00495786099588,1.99503006328,3.31096394519
0.01158456,-0.00506659864751,1.99492136749,3.31132161183
0.01158656,-0.00517453622448,1.99481347269,3.31167660894
0.01158856,-0.0052816566822,1.9947063959,3.31202888122
0.01159056,-0.0053879431051,1.99460015403,3.3123783738
0.01159256,-0.00549337870933,1.99449476386,3.31272503228
0.01159456,-0.00559794684538,1.99439024204,3.3130688027
0.01159656,-0.00570163100072,1.99428660506,3.31340963157
0.01159856,-0.00580441480244,1.9941838693,3.31374746588
0.01160056,-0.00590628201977,1.99408205098,3.31408225309
0.01160256,-0.0060072165667,1.99398116617,3.31441394114
0.01160456,-0.0061072025045,1.9938812308,3.3147424785
0.01160656,-0.00620622404423,1.99378226066,3.31506781412
0.01160856,-0.00630426554924,1.99368427138,3.31538989744
0.01161056,-0.00640131153763,1.99358727843,3.31570867847
0.01161256,-0.00649734668473,1.99349129712,3.3160241077
0.01161456,-0.00659235582546,1.99339634262,3.31633613617
0.01161656,-0.00668632395679,1.99330242991,3.31664471547
0.01161856,-0.00677923624005,1.99320957382,3.31694979773
0.01162056,-0.00687107800333,1.99311778903,3.31725133562
0.01162256,-0.00696183474374,1.99302709002,3.3175492824
0.01162456,-0.00705149212973,1.99293749111,3.31784359188
0.01162656,-0.00714003600338,1.99284900646,3.31813421844
0.01162856,-0.00722745238257,1.99276165004,3.31842111705
0.01163056,-0.00731372746325,1.99267543564,3.31870424328
0.01163256,-0.00739884762158,1.99259037687,3.31898355328
0.01163456,-0.00748279941609,1.99250648717,3.31925900379
0.01163656,-0.00756556958984,1.99242377979,3.31953055219
0.01163856,-0.00764714507244,1.99234226778,3.31979815645
0.01164056,-0.00772751298219,1.99226196402,3.32006177515
0.01164256,-0.00780666062806,1.99218288119,3.32032136753
0.01164456,-0.00788457551172,1.99210503177,3.32057689344
0.01164656,-0.00796124532951,1.99202842806,3.32082831336
0.01164856,-0.00803665797436,1.99195308216,3.32107558843
0.01165056,-0.00811080153776,1.99187900597,3.32131868042
0.01165256,-0.00818366431158,1.99180621117,3.32155755178
0.01165456,-0.00825523478993,1.99173470927,3.3217921656
0.01165656,-0.008325501671,1.99166451156,3.32202248565
0.01165856,-0.00839445385886,1.99159562912,3.32224847634
0.01166056,-0.00846208046513,1.99152807283,3.32247010279
0.01166256,-0.00852837081081,1.99146185336,3.32268733078
0.01166456,-0.00859331442787,1.99139698117,3.32290012678
0.01166656,-0.00865690106097,1.99133346649,3.32310845797
0.01166856,-0.00871912066903,1.99127131936,3.32331229218
0.01167056,-0.00877996342687,1.9912105496,3.32351159798
0.01167256,-0.0088394197267,1.99115116679,3.32370634462
0.01167456,-0.00889748017968,1.99109318032,3.32389650208
0.01167656,-0.00895413561741,1.99103659934,3.32408204103
0.01167856,-0.00900937709331,1.99098143279,3.32426293286
0.01168056,-0.00906319588414,1.99092768938,3.32443914971
0.01168256,-0.00911558349127,1.99087537759,3.3246106644
0.01168456,-0.0091665316421,1.99082450569,3.32477745051
0.01168656,-0.00921603229132,1.99077508171,3.32493948234
0.01168856,-0.0092640776222,1.99072711345,3.32509673493
0.01169056,-0.00931066004784,1.9906806085,3.32524918405
0.01169256,-0.00935577221232,1.99063557418,3.32539680624
0.01169456,-0.00939940699191,1.99059201762,3.32553957875
0.01169656,-0.00944155749618,1.99054994569,3.3256774796
0.01169856,-0.00948221706907,1.99050936504,3.32581048757
0.01170056,-0.00952137928996,1.99047028207,3.32593858217
0.01170256,-0.00955903797469,1.99043270295,3.32606174369
0.01170456,-0.00959518717651,1.99039663363,3.32617995318
0.01170656,-0.00962982118704,1.99036207979,3.32629319244
0.01170856,-0.00966293453717,1.99032904689,3.32640144405
0.01171056,-0.00969452199793,1.99029754016,3.32650469136
0.01171256,-0.00972457858128,1.99026756455,3.32660291848
0.01171456,-0.00975309954094,1.99023912481,3.3266961103
0.01171656,-0.00978008037312,1.99021222543,3.32678425248
0.01171856,-0.00980551681724,1.99018687066,3.32686733147
0.01172056,-0.00982940485658,1.9901630645,3.32694533449
0.01172256,-0.00985174071895,1.9901408107,3.32701824955
0.01172456,-0.00987252087725,1.99012011279,3.32708606543
0.01172656,-0.00989174205007,1.99010097403,3.3271487717
0.01172856,-0.00990940120214,1.99008339744,3.32720635873
0.01173056,-0.00992549554489,1.9900673858,3.32725881766
0.01173256,-0.00994002253683,1.99005294164,3.32730614042
0.01173456,-0.00995297988399,1.99004006724,3.32734831973
0.01173656,-0.00996436554025,1.99002876463,3.32738534913
0.01173856,-0.00997417770767,1.9900190356,3.3274172229
0.01174056,-0.00998241483681,1.99001088168,3.32744393616
0.01174256,-0.00998907562693,1.99000430416,3.32746548479
0.01174456,-0.00999415902621,1.98999930408,3.32748186548
0.01174656,-0.00999766423192,1.98999588223,3.32749307572
0.01174856,-0.00999959069056,1.98999403914,3.32749911379
0.01175056,-0.0099999380979,1.98999377512,3.32749997874
0.01175256,-0.0099987063991,1.9899950902,3.32749567046
0.01175456,-0.00999589578865,1.98999798417,3.3274861896
0.01175656,-0.00999150671038,1.99000245658,3.32747153763
0.01175856,-0.00998553985737,1.99000850672,3.32745171678
0.01176056,-0.00997799617186,1.99001613364,3.32742673011
0.01176256,-0.00996887684509,1.99002533612,3.32739658147
0.01176456,-0.0099581833171,1.99003611273,3.32736127548
0.01176656,-0.00994591727653,1.99004846175,3.32732081757
0.01176856,-0.00993208066032,1.99006238124,3.32727521396
0.01177056,-0.00991667565344,1.990077869,3.32722447166
0.01177256,-0.00989970468852,1.99009492257,3.32716859848
0.01177456,-0.00988117044546,1.99011353928,3.327107603
0.01177656,-0.00986107585105,1.99013371618,3.32704149461
0.01177856,-0.00983942407844,1.99015545008,3.32697028346
0.01178056,-0.00981621854671,1.99017873755,3.32689398051
0.01178256,-0.00979146292028,1.99020357492,3.32681259749
0.01178456,-0.00976516110835,1.99022995826,3.32672614692
0.01178656,-0.00973731726428,1.9902578834,3.3266346421
0.01178856,-0.00970793578493,1.99028734594,3.32653809709
0.01179056,-0.00967702130999,1.99031834123,3.32643652675
0.01179256,-0.0096445787212,1.99035086436,3.32632994671
0.01179456,-0.00961061314163,1.99038491021,3.32621837336
0.01179656,-0.00957512993483,1.99042047339,3.32610182388
0.01179856,-0.00953813470401,1.9904575483,3.32598031619
0.01180056,-0.00949963329116,1.99049612907,3.325853869
0.01180256,-0.00945963177609,1.99053620962,3.32572250176
0.01180456,-0.0094181364755,1.99057778361,3.32558623471
0.01180656,-0.00937515394198,1.99062084448,3.32544508881
0.01180856,-0.00933069096298,1.99066538544,3.3252990858
0.01181056,-0.0092847545597,1.99071139944,3.32514824816
0.01181256,-0.00923735198605,1.99075887922,3.32499259913
0.01181456,-0.00918849072744,1.99080781728,3.32483216267
0.01181656,-0.00913817849963,1.9908582059,3.3246669635
0.01181856,-0.0090864232475,1.99091003712,3.32449702707
0.01182056,-0.0090332331438,1.99096330275,3.32432237957
0.01182256,-0.00897861658787,1.99101799438,3.32414304791
0.01182456,-0.00892258220431,1.99107410338,3.32395905973
0.01182656,-0.00886513884157,1.99113162089,3.3237704434
0.01182856,-0.00880629557065,1.99119053782,3.323577228
0.01183056,-0.00874606168357,1.99125084487,3.32337944332
0.01183256,-0.00868444669196,1.99131253251,3.32317711986
0.01183456,-0.00862146032555,1.99137559101,3.32297028884
0.01183656,-0.00855711253061,1.99144001041,3.32275898216
0.01183856,-0.0084914134684,1.99150578053,3.32254323244
0.01184056,-0.00842437351357,1.99157289099,3.32232307298
0.01184256,-0.0083560032525,1.99164133119,3.32209853775
0.01184456,-0.00828631348166,1.99171109033,3.32186966142
0.01184656,-0.00821531520586,1.99178215738,3.32163647934
0.01184856,-0.00814301963655,1.99185452113,3.32139902753
0.01185056,-0.00806943819004,1.99192817015,3.32115734267
0.01185256,-0.0079945824857,1.99200309281,3.3209114621
0.01185456,-0.00791846434411,1.99207927727,3.32066142382
0.01185656,-0.00784109578521,1.99215671151,3.32040726648
0.01185856,-0.00776248902638,1.9922353833,3.32014902939
0.01186056,-0.00768265648055,1.99231528022,3.31988675246
0.01186256,-0.00760161075421,1.99239638965,3.31962047628
0.01186456,-0.0075193646454,1.99247869878,3.31935024205
0.01186656,-0.00743593114175,1.99256219461,3.31907609156
0.01186856,-0.00735132341837,1.99264686396,3.31879806727
0.01187056,-0.00726555483581,1.99273269347,3.31851621222
0.01187256,-0.00717863893791,1.99281966956,3.31823057005
0.01187456,-0.00709058944971,1.99290777852,3.317941185
0.01187656,-0.00700142027523,1.99299700642,3.31764810191
0.01187856,-0.00691114549533,1.99308733919,3.3173513662
0.01188056,-0.00681977936544,1.99317876254,3.31705102386
0.01188256,-0.00672733631333,1.99327126205,3.31674712146
0.01188456,-0.00663383093683,1.99336482311,3.31643970613
0.01188656,-0.00653927800153,1.99345943094,3.31612882555
0.01188856,-0.00644369243842,1.99355507061,3.31581452796
0.01189056,-0.00634708934158,1.99365172702,3.31549686214
0.01189256,-0.00624948396576,1.99374938489,3.31517587741
0.01189456,-0.00615089172397,1.99384802881,3.3148516236
0.01189656,-0.00605132818507,1.9939476432,3.31452415109
0.01189856,-0.0059508090713,1.99404821233,3.31419351075
0.01190056,-0.0058493502558,1.99414972032,3.31385975396
0.01190256,-0.00574696776008,1.99425215114,3.31352293261
0.01190456,-0.00564367775154,1.99435548862,3.31318309907
0.01190656,-0.00553949654085,1.99445971643,3.3128403062
0.01190856,-0.00543444057944,1.99456481812,3.31249460733
0.01191056,-0.00532852645687,1.9946707771,3.31214605625
0.01191256,-0.0052217708982,1.99477757662,3.31179470724
0.01191456,-0.00511419076137,1.99488519983,3.31144061499
0.01191656,-0.00500580303454,1.99499362973,3.31108383466
0.01191856,-0.00489662483338,1.99510284919,3.31072442184
0.01192056,-0.00478667339839,1.99521284098,3.31036243254
0.01192256,-0.00467596609218,1.99532358772,3.3099979232
0.01192456,-0.00456452039673,1.99543507192,3.30963095066
0.01192656,-0.00445235391058,1.99554727598,3.30926157216
0.01192856,-0.00433948434615,1.99566018218,3.30888984535
0.01193056,-0.00422592952683,1.99577377269,3.30851582823
0.01193256,-0.00411170738425,1.99588802957,3.30813957921
0.01193456,-0.0039968359554,1.99600293479,3.30776115704
0.01193656,-0.00388133337983,1.99611847019,3.30738062086
0.01193856,-0.00376521789673,1.99623461754,3.30699803012
0.01194056,-0.00364850784207,1.99635135849,3.30661344464
0.01194256,-0.00353122164572,1.9964686746,3.30622692455
0.01194456,-0.00341337782855,1.99658654735,3.30583853032
0.01194656,-0.00329499499944,1.99670495813,3.30544832271
0.01194856,-0.00317609185243,1.99682388824,3.30505636281
0.01195056,-0.0030566871637,1.9969433189,3.30466271198
0.01195256,-0.00293679978863,1.99706323125,3.30426743188
0.01195456,-0.00281644865883,1.99718360635,3.30387058443
0.01195656,-0.00269565277913,1.9973044252,3.30347223183
0.01195856,-0.00257443122461,1.99742566871,3.30307243653
0.01196056,-0.00245280313756,1.99754731774,3.30267126124
0.01196256,-0.00233078772446,1.99766935309,3.30226876887
0.01196456,-0.00220840425296,1.99779175547,3.30186502259
0.01196656,-0.00208567204883,1.99791450556,3.30146008578
0.01196856,-0.0019626104929,1.99803758399,3.30105402203
0.01197056,-0.00183923901802,1.9981609713,3.30064689512
0.01197256,-0.00171557710598,1.99828464802,3.30023876901
0.01197456,-0.00159164428443,1.99840859462,3.29982970787
0.01197656,-0.0014674601238,1.99853279153,3.299419776
0.01197856,-0.0013430442342,1.99865721913,3.29900903788
0.01198056,-0.00121841626234,1.99878185777,3.29859755814
0.01198256,-0.00109359588844,1.99890668777,3.29818540154
0.01198456,-0.000968602823066,1.99903168943,3.29777263297
0.01198656,-0.000843456804078,1.999156843,3.29735931743
0.01198856,-0.000718177593484,1.99928212871,3.29694552004
0.01199056,-0.000592784974322,1.99940752679,3.29653130602
0.01199256,-0.000467298747541,1.99953301743,3.29611674065
0.01199456,-0.00034173872887,1.99965858082,3.29570188933
0.01199656,-0.000216124745693,1.99978419712,3.29528681749
0.01199856,-9.04766339125e-05,1.99990984651,3.29487159063
0.01200056,3.51857651768e-05,2.00003550914,3.2944562743
0.01200256,0.000160842608026,2.00016116516,3.29404093408
0.01200456,0.000286474051963,2.00028679474,3.29362563558
0.01200656,0.000412060258326,2.00041237803,3.29321044442
0.01200856,0.000537581395598,2.00053789521,3.29279542623
0.01201056,0.000663017642535,2.00066332645,3.29238064662
0.01201256,0.000788349191301,2.00078865195,3.29196617121
0.01201456,0.000913556250591,2.00091385191,3.29155206558
0.01201656,0.00103861904876,2.00103890658,3.29113839525
0.01201856,0.00116351783694,2.00116379619,3.29072522574
0.01202056,0.00128823289216,2.00128850102,3.29031262247
0.01202256,0.00141274452048,2.00141300139,3.28990065081
0.01202456,0.00153703306006,2.00153727764,3.28948937605
0.01202656,0.0016610788843,2.00166131014,3.2890788634
0.01202856,0.00178486240494,2.0017850793,3.28866917794
0.01203056,0.0019083640751,2.00190856558,3.28826038467
0.01203256,0.00203156439246,2.00203174948,3.28785254847
0.01203456,0.00215444390225,2.00215461155,3.28744573406
0.01203656,0.00227698320037,2.00227713238,3.28704000604
0.01203856,0.00239916293645,2.00239929263,3.28663542886
0.01204056,0.00252096381689,2.00252107301,3.2862320668
0.01204256,0.00264236660791,2.00264245428,3.28582998396
0.01204456,0.00276335213862,2.00276341729,3.28542924429
0.01204656,0.002883901304,2.00288394292,3.28502991149
0.01204856,0.00300399506792,2.00300401216,3.28463204912
0.01205056,0.0031236144662,2.00312360602,3.28423572047
0.01205256,0.00324274060955,2.00324270564,3.28384098865
0.01205456,0.00336135468656,2.0033612922,3.28344791649
0.01205656,0.00347943796671,2.00347934698,3.28305656662
0.01205856,0.00359697180326,2.00359685133,3.2826670014
0.01206056,0.00371393763627,2.0037137867,3.28227928289
0.01206256,0.00383031699547,2.00383013463,3.28189347293
0.01206456,0.00394609150321,2.00394587674,3.28150963304
0.01206656,0.00406124287736,2.00406099475,3.28112782445
0.01206856,0.00417575293419,2.00417547049,3.28074810809
0.01207056,0.00428960359121,2.00428928587,3.28037054456
0.01207256,0.00440277687011,2.00440242294,3.27999519416
0.01207456,0.0045152548995,2.00451486381,3.27962211682
0.01207656,0.00462701991779,2.00462659074,3.27925137215
0.01207856,0.00473805427601,2.00473758608,3.2788830194
0.01208056,0.00484834044052,2.00484783231,3.27851711745
0.01208256,0.00495786099588,2.00495731201,3.2781537248
0.01208456,0.00506659864752,2.00506600789,3.27779289957
0.01208656,0.00517453622449,2.0051739028,3.2774346995
0.01208856,0.00528165668221,2.0052809797,3.2770791819
0.01209056,0.00538794310511,2.00538722167,3.27672640369
0.01209256,0.00549337870933,2.00549261194,3.27637642134
0.01209456,0.00559794684538,2.00559713387,3.27602929091
0.01209656,0.00570163100073,2.00570077095,3.27568506802
0.01209856,0.00580441480244,2.00580350682,3.27534380781
0.01210056,0.00590628201977,2.00590532525,3.275005565
0.01210256,0.00600721656671,2.00600621017,3.27467039382
0.01210456,0.00610720250451,2.00610614564,3.274338348
0.01210656,0.00620622404423,2.00620511588,3.27400948082
0.01210856,0.00630426554924,2.00630310527,3.27368384505
0.01211056,0.00640131153763,2.00640009832,3.27336149295
0.01211256,0.00649734668473,2.00649607974,3.27304247626
0.01211456,0.00659235582546,2.00659103435,3.27272684621
0.01211656,0.00668632395679,2.00668494716,3.27241465349
0.01211856,0.00677923624006,2.00677780335,3.27210594826
0.01212056,0.00687107800333,2.00686958825,3.27180078012
0.01212256,0.00696183474374,2.00696028737,3.27149919812
0.01212456,0.00705149212974,2.00704988638,3.27120125074
0.01212656,0.00714003600338,2.00713837113,3.27090698589
0.01212856,0.00722745238257,2.00722572766,3.2706164509
0.01213056,0.00731372746325,2.00731194217,3.27032969251
0.01213256,0.00739884762158,2.00739700104,3.27004675686
0.01213456,0.0074827994161,2.00748089084,3.26976768948
0.01213656,0.00756556958984,2.00756359833,3.26949253529
0.01213856,0.00764714507245,2.00764511044,3.26922133861
0.01214056,0.0077275129822,2.00772541431,3.26895414309
0.01214256,0.00780666062807,2.00780449725,3.26869099179
0.01214456,0.00788457551172,2.00788234677,3.26843192709
0.01214656,0.00796124532951,2.00795895058,3.26817699074
0.01214856,0.00803665797437,2.00803429659,3.26792622384
0.01215056,0.00811080153776,2.00810837289,3.2676796668
0.01215256,0.00818366431158,2.00818116779,3.26743735937
0.01215456,0.00825523478993,2.0082526698,3.26719934063
0.01215656,0.00832550167101,2.00832286761,3.26696564897
0.01215856,0.00839445385886,2.00839175016,3.2667363221
0.01216056,0.00846208046514,2.00845930655,3.266511397
0.01216256,0.00852837081081,2.00852552613,3.26629090998
0.01216456,0.00859331442787,2.00859039843,3.26607489663
0.01216656,0.00865690106097,2.00865391321,3.26586339181
0.01216856,0.00871912066903,2.00871606044,3.26565642968
0.01217056,0.00877996342687,2.00877683031,3.26545404365
0.01217256,0.0088394197267,2.00883621322,3.26525626641
0.01217456,0.00889748017969,2.0088941998,3.26506312991
0.01217656,0.00895413561741,2.00895078088,3.26487466534
0.01217856,0.00900937709332,2.00900594754,3.26469090317
0.01218056,0.00906319588414,2.00905969106,3.26451187308
0.01218256,0.00911558349127,2.00911200295,3.26433760402
0.01218456,0.0091665316421,2.00916287495,3.26416812414
0.01218656,0.00921603229132,2.00921229904,3.26400346085
0.01218856,0.0092640776222,2.0092602674,3.26384364077
0.01219056,0.00931066004784,2.00930677247,3.26368868975
0.01219256,0.00935577221232,2.00935180689,3.26353863284
0.01219456,0.00939940699191,2.00939536355,3.26339349432
0.01219656,0.00944155749618,2.00943743559,3.26325329766
0.01219856,0.00948221706907,2.00947801634,3.26311806554
0.01220056,0.00952137928996,2.00951709942,3.26298781984
0.01220256,0.00955903797469,2.00955467864,3.26286258164
0.01220456,0.00959518717651,2.00959074807,3.2627423712
0.01220656,0.00962982118704,2.00962530201,3.26262720798
0.01220856,0.00966293453718,2.00965833501,3.26251711061
0.01221056,0.00969452199793,2.00968984186,3.26241209692
0.01221256,0.00972457858128,2.00971981757,3.26231218392
0.01221456,0.00975309954094,2.00974825741,3.26221738776
0.01221656,0.00978008037312,2.00977515689,3.2621277238
0.01221856,0.00980551681724,2.00980051177,3.26204320657
0.01222056,0.00982940485658,2.00982431804,3.26196384973
0.01222256,0.00985174071895,2.00984657194,3.26188966616
0.01222456,0.00987252087726,2.00986726996,3.26182066785
0.01222656,0.00989174205007,2.00988640882,3.26175686598
0.01222856,0.00990940120214,2.00990398552,3.26169827089
0.01223056,0.00992549554489,2.00991999726,3.26164489206
0.01223256,0.00994002253684,2.00993444153,3.26159673815
0.01223456,0.00995297988399,2.00994731603,3.26155381695
0.01223656,0.00996436554025,2.00995861875,3.26151613542
0.01223856,0.00997417770767,2.00996834788,3.26148369966
0.01224056,0.00998241483681,2.00997650191,3.26145651492
0.01224256,0.00998907562693,2.00998307954,3.26143458561
0.01224456,0.00999415902621,2.00998807972,3.26141791528
0.01224656,0.00999766423192,2.00999150168,3.26140650663
0.01224856,0.00999959069056,2.00999334487,3.26140036151
0.01225056,0.0099999380979,2.009993609,3.26139948091
0.01225256,0.0099987063991,2.00999229402,3.26140386499
0.01225456,0.00999589578865,2.00998940016,3.26141351302
0.01225656,0.00999150671038,2.00998492785,3.26142842344
0.01225856,0.00998553985737,2.00997887781,3.26144859384
0.01226056,0.00997799617186,2.009971251,3.26147402096
0.01226256,0.00996887684509,2.00996204862,3.26150470066
0.01226456,0.0099581833171,2.00995127212,3.26154062799
0.01226656,0.00994591727653,2.00993892321,3.26158179712
0.01226856,0.00993208066032,2.00992500382,3.26162820138
0.01227056,0.00991667565344,2.00990951617,3.26167983326
0.01227256,0.00989970468852,2.0098924627,3.26173668439
0.01227456,0.00988117044546,2.0098738461,3.26179874557
0.01227656,0.00986107585105,2.0098536693,3.26186600674
0.01227856,0.00983942407844,2.00983193551,3.261938457
0.01228056,0.00981621854671,2.00980864814,3.26201608464
0.01228256,0.00979146292028,2.00978381088,3.26209887706
0.01228456,0.00976516110835,2.00975742764,3.26218682088
0.01228656,0.00973731726428,2.00972950261,3.26227990185
0.01228856,0.00970793578493,2.00970004017,3.26237810489
0.01229056,0.00967702130999,2.00966904499,3.26248141411
0.01229256,0.0096445787212,2.00963652196,3.26258981279
0.01229456,0.00961061314162,2.00960247622,3.26270328338
0.01229656,0.00957512993483,2.00956691314,3.26282180751
0.01229856,0.00953813470401,2.00952983834,3.262945366
0.01230056,0.00949963329116,2.00949125767,3.26307393885
0.01230256,0.00945963177609,2.00945117723,3.26320750527
0.01230456,0.0094181364755,2.00940960334,3.26334604363
0.01230656,0.00937515394198,2.00936654258,3.26348953153
0.01230856,0.00933069096298,2.00932200173,3.26363794576
0.01231056,0.0092847545597,2.00927598783,3.2637912623
0.01231256,0.00923735198605,2.00922850816,3.26394945637
0.01231456,0.00918849072744,2.0091795702,3.26411250238
0.01231656,0.00913817849963,2.00912918168,3.26428037397
0.01231856,0.00908642324749,2.00907735057,3.264453044
0.01232056,0.0090332331438,2.00902408504,3.26463048455
0.01232256,0.00897861658787,2.00896939352,3.26481266696
0.01232456,0.0089225822043,2.00891328462,3.26499956177
0.01232656,0.00886513884157,2.00885576722,3.26519113879
0.01232856,0.00880629557065,2.0087968504,3.26538736707
0.01233056,0.00874606168357,2.00873654345,3.2655882149
0.01233256,0.00868444669196,2.00867485592,3.26579364985
0.01233456,0.00862146032555,2.00861179752,3.26600363875
0.01233656,0.00855711253061,2.00854737823,3.26621814768
0.01233856,0.0084914134684,2.00848160821,3.26643714202
0.01234056,0.00842437351357,2.00841449786,3.26666058642
0.01234256,0.0083560032525,2.00834605776,3.26688844481
0.01234456,0.00828631348166,2.00827629873,3.26712068044
0.01234656,0.00821531520585,2.00820523178,3.26735725584
0.01234856,0.00814301963655,2.00813286814,3.26759813285
0.01235056,0.00806943819004,2.00805921922,3.26784327261
0.01235256,0.0079945824857,2.00798429667,3.26809263561
0.01235456,0.00791846434411,2.00790811231,3.26834618165
0.01235656,0.0078410957852,2.00783067817,3.26860386985
0.01235856,0.00776248902638,2.00775200649,3.26886565869
0.01236056,0.00768265648055,2.00767210967,3.26913150599
0.01236256,0.0076016107542,2.00759100035,3.26940136893
0.01236456,0.0075193646454,2.00750869133,3.26967520405
0.01236656,0.00743593114175,2.0074251956,3.26995296725
0.01236856,0.00735132341837,2.00734052635,3.27023461382
0.01237056,0.00726555483581,2.00725469696,3.27052009842
0.01237256,0.00717863893791,2.00716772096,3.27080937512
0.01237456,0.0070905894497,2.00707961211,3.27110239738
0.01237656,0.00700142027523,2.00699038431,3.27139911806
0.01237856,0.00691114549533,2.00690005166,3.27169948945
0.01238056,0.00681977936544,2.00680862841,3.27200346326
0.01238256,0.00672733631333,2.006716129,3.27231099063
0.01238456,0.00663383093683,2.00662256805,3.27262202213
0.01238656,0.00653927800153,2.00652796032,3.2729365078
0.01238856,0.00644369243842,2.00643232075,3.27325439713
0.01239056,0.00634708934158,2.00633566446,3.27357563906
0.01239256,0.00624948396575,2.00623800669,3.27390018203
0.01239456,0.00615089172396,2.00613936288,3.27422797394
0.01239656,0.00605132818506,2.00603974859,3.27455896219
0.01239856,0.0059508090713,2.00593917957,3.27489309368
0.01240056,0.0058493502558,2.00583767168,3.27523031482
0.01240256,0.00574696776008,2.00573524096,3.27557057155
0.01240456,0.00564367775153,2.00563190359,3.27591380932
0.01240656,0.00553949654085,2.00552767588,3.27625997312
0.01240856,0.00543444057944,2.0054225743,3.27660900749
0.01241056,0.00532852645687,2.00531661543,3.27696085652
0.01241256,0.0052217708982,2.00520981601,3.27731546388
0.01241456,0.00511419076137,2.0051021929,3.27767277279
0.01241656,0.00500580303454,2.00499376311,3.27803272607
0.01241856,0.00489662483337,2.00488454375,3.27839526612
0.01242056,0.00478667339839,2.00477455207,3.27876033496
0.01242256,0.00467596609218,2.00466380544,3.27912787421
0.01242456,0.00456452039672,2.00455232134,3.27949782512
0.01242656,0.00445235391058,2.00444011739,3.27987012854
0.01242856,0.00433948434614,2.00432721129,3.28024472501
0.01243056,0.00422592952682,2.00421362088,3.28062155469
0.01243256,0.00411170738424,2.0040993641,3.2810005574
0.01243456,0.0039968359554,2.00398445899,3.28138167265
0.01243656,0.00388133337983,2.00386892369,3.28176483961
0.01243856,0.00376521789672,2.00375277645,3.28214999715
0.01244056,0.00364850784206,2.00363603561,3.28253708385
0.01244256,0.00353122164572,2.00351871961,3.28292603797
0.01244456,0.00341337782854,2.00340084696,3.28331679754
0.01244656,0.00329499499944,2.00328243628,3.28370930027
0.01244856,0.00317609185243,2.00316350628,3.28410348364
0.01245056,0.00305668716369,2.00304407572,3.28449928488
0.01245256,0.00293679978862,2.00292416348,3.28489664098
0.01245456,0.00281644865882,2.00280378848,3.2852954887
0.01245656,0.00269565277913,2.00268296974,3.28569576457
0.01245856,0.00257443122461,2.00256172633,3.28609740493
0.01246056,0.00245280313756,2.00244007741,3.28650034593
0.01246256,0.00233078772446,2.00231804217,3.2869045235
0.01246456,0.00220840425296,2.00219563989,3.28730987344
0.01246656,0.00208567204882,2.0020728899,3.28771633133
0.01246856,0.00196261049289,2.00194981158,3.28812383265
0.01247056,0.00183923901802,2.00182642437,3.28853231269
0.01247256,0.00171557710598,2.00170274776,3.28894170663
0.01247456,0.00159164428443,2.00157880126,3.28935194951
0.01247656,0.00146746012379,2.00145460446,3.28976297629
0.01247856,0.00134304423419,2.00133017697,3.29017472178
0.01248056,0.00121841626234,2.00120553843,3.29058712073
0.01248256,0.00109359588844,2.00108070853,3.2910001078
0.01248456,0.000968602823062,2.00095570698,3.29141361757
0.01248656,0.000843456804074,2.00083055352,3.29182758456
0.01248856,0.00071817759348,2.00070526791,3.29224194325
0.01249056,0.000592784974318,2.00057986994,3.29265662807
0.01249256,0.000467298747536,2.0004543794,3.29307157342
0.01249456,0.000341738728866,2.00032881612,3.29348671369
0.01249656,0.000216124745689,2.00020319992,3.29390198326
0.01249856,9.04766339084e-05,2.00007755064,3.29431731648
0.01250056,-3.51857651811e-05,1.99995188811,3.29473264776
0.01250256,-0.00016084260803,1.9998262322,3.2951479115
0.01250456,-0.000286474051967,1.99970060272,3.29556304214
0.01250656,-0.00041206025833,1.99957501954,3.29597797416
0.01250856,-0.000537581395602,1.99944950246,3.2963926421
0.01251056,-0.000663017642539,1.99932407133,3.29680698057
0.01251256,-0.000788349191305,1.99919874593,3.29722092422
0.01251456,-0.000913556250595,1.99907354607,3.29763440783
0.01251656,-0.00103861904876,1.99894849151,3.29804736624
0.01251856,-0.00116351783694,1.99882360201,3.29845973441
0.01252056,-0.00128823289217,1.99869889728,3.2988714474
0.01252256,-0.00141274452048,1.99857439701,3.29928244042
0.01252456,-0.00153703306007,1.99845012087,3.29969264878
0.01252656,-0.00166107888431,1.99832608848,3.30010200797
0.01252856,-0.00178486240494,1.99820231942,3.30051045362
0.01253056,-0.00190836407511,1.99807883325,3.30091792151
0.01253256,-0.00203156439246,1.99795564945,3.30132434761
0.01253456,-0.00215444390225,1.99783278749,3.30172966808
0.01253656,-0.00227698320037,1.99771026676,3.30213381926
0.01253856,-0.00239916293645,1.99758810662,3.30253673771
0.01254056,-0.00252096381689,1.99746632634,3.30293836019
0.01254256,-0.00264236660792,1.99734494517,3.30333862369
0.01254456,-0.00276335213863,1.99722398227,3.30373746543
0.01254656,-0.002883901304,1.99710345674,3.30413482288
0.01254856,-0.00300399506793,1.99698338761,3.30453063376
0.01255056,-0.00312361446621,1.99686379385,3.30492483605
0.01255256,-0.00324274060955,1.99674469434,3.305317368
0.01255456,-0.00336135468657,1.99662610789,3.30570816815
0.01255656,-0.00347943796671,1.99650805321,3.30609717532
0.01255856,-0.00359697180326,1.99639054897,3.30648432864
0.01256056,-0.00371393763627,1.9962736137,3.30686956753
0.01256256,-0.00383031699547,1.99615726588,3.30725283176
0.01256456,-0.00394609150322,1.99604152388,3.30763406141
0.01256656,-0.00406124287737,1.99592640597,3.30801319688
0.01256856,-0.00417575293419,1.99581193033,3.30839017894
0.01257056,-0.00428960359122,1.99569811505,3.30876494872
0.01257256,-0.00440277687011,1.99558497809,3.30913744768
0.01257456,-0.0045152548995,1.99547253732,3.30950761769
0.01257656,-0.0046270199178,1.9953608105,3.30987540098
0.01257856,-0.00473805427601,1.99524981527,3.31024074016
0.01258056,-0.00484834044053,1.99513956914,3.31060357827
0.01258256,-0.00495786099588,1.99503008955,3.31096385873
0.01258456,-0.00506659864752,1.99492139377,3.31132152538
0.01258656,-0.00517453622449,1.99481349896,3.3116765225
0.01258856,-0.00528165668221,1.99470642217,3.31202879479
0.01259056,-0.00538794310511,1.9946001803,3.31237828738
0.01259256,-0.00549337870934,1.99449479014,3.31272494587
0.01259456,-0.00559794684538,1.99439026831,3.31306871629
0.01259656,-0.00570163100073,1.99428663134,3.31340954517
0.01259856,-0.00580441480245,1.99418389557,3.31374737949
0.01260056,-0.00590628201978,1.99408207725,3.31408216671
0.01260256,-0.00600721656671,1.99398119244,3.31441385477
0.01260456,-0.00610720250451,1.99388125707,3.31474239214
0.01260656,-0.00620622404424,1.99378228694,3.31506772776
0.01260856,-0.00630426554924,1.99368429765,3.3153898111
0.01261056,-0.00640131153764,1.9935873047,3.31570859213
0.01261256,-0.00649734668473,1.99349132339,3.31602402137
0.01261456,-0.00659235582547,1.99339636889,3.31633604985
0.01261656,-0.0066863239568,1.99330245618,3.31664462916
0.01261856,-0.00677923624006,1.99320960009,3.31694971142
0.01262056,-0.00687107800334,1.9931178153,3.31725124932
0.01262256,-0.00696183474374,1.99302711629,3.31754919611
0.01262456,-0.00705149212974,1.99293751738,3.31784350559
0.01262656,-0.00714003600339,1.99284903273,3.31813413216
0.01262856,-0.00722745238258,1.99276167631,3.31842103078
0.01263056,-0.00731372746325,1.99267546191,3.31870415702
0.01263256,-0.00739884762158,1.99259040314,3.31898346702
0.01263456,-0.0074827994161,1.99250651344,3.31925891755
0.01263656,-0.00756556958984,1.99242380606,3.31953046595
0.01263856,-0.00764714507245,1.99234229405,3.31979807021
0.01264056,-0.0077275129822,1.99226199029,3.32006168893
0.01264256,-0.00780666062807,1.99218290746,3.32032128131
0.01264456,-0.00788457551173,1.99210505804,3.32057680723
0.01264656,-0.00796124532951,1.99202845433,3.32082822715
0.01264856,-0.00803665797437,1.99195310843,3.32107550223
0.01265056,-0.00811080153777,1.99187903223,3.32131859423
0.01265256,-0.00818366431158,1.99180623744,3.3215574656
0.01265456,-0.00825523478993,1.99173473554,3.32179207942
0.01265656,-0.00832550167101,1.99166453783,3.32202239947
0.01265856,-0.00839445385886,1.99159565539,3.32224839017
0.01266056,-0.00846208046514,1.9915280991,3.32247001662
0.01266256,-0.00852837081082,1.99146187963,3.32268724462
0.01266456,-0.00859331442788,1.99139700743,3.32290004063
0.01266656,-0.00865690106097,1.99133349276,3.32310837182
0.01266856,-0.00871912066904,1.99127134563,3.32331220604
0.01267056,-0.00877996342687,1.99121057586,3.32351151184
0.01267256,-0.0088394197267,1.99115119305,3.32370625849
0.01267456,-0.00889748017969,1.99109320658,3.32389641595
0.01267656,-0.00895413561741,1.9910366256,3.32408195491
0.01267856,-0.00900937709332,1.99098145905,3.32426284675
0.01268056,-0.00906319588414,1.99092771564,3.3244390636
0.01268256,-0.00911558349127,1.99087540385,3.32461057829
0.01268456,-0.0091665316421,1.99082453195,3.32477736441
0.01268656,-0.00921603229132,1.99077510797,3.32493939624
0.01268856,-0.0092640776222,1.99072713972,3.32509664884
0.01269056,-0.00931066004784,1.99068063476,3.32524909797
0.01269256,-0.00935577221232,1.99063560044,3.32539672015
0.01269456,-0.00939940699191,1.99059204388,3.32553949267
0.01269656,-0.00944155749618,1.99054997195,3.32567739353
0.01269856,-0.00948221706907,1.9905093913,3.32581040149
0.01270056,-0.00952137928996,1.99047030833,3.3259384961
0.01270256,-0.00955903797469,1.99043272921,3.32606165763
0.01270456,-0.00959518717651,1.99039665989,3.32617986712
0.01270656,-0.00962982118704,1.99036210605,3.32629310638
0.01270856,-0.00966293453718,1.99032907315,3.326401358
0.01271056,-0.00969452199793,1.99029756642,3.32650460531
0.01271256,-0.00972457858128,1.99026759081,3.32660283243
0.01271456,-0.00975309954094,1.99023915107,3.32669602425
0.01271656,-0.00978008037312,1.99021225169,3.32678416644
0.01271856,-0.00980551681724,1.99018689692,3.32686724543
0.01272056,-0.00982940485658,1.99016309076,3.32694524845
0.01272256,-0.00985174071895,1.99014083696,3.32701816351
0.01272456,-0.00987252087726,1.99012013905,3.32708597939
0.01272656,-0.00989174205007,1.99010100029,3.32714868567
0.01272856,-0.00990940120214,1.9900834237,3.3272062727
0.01273056,-0.00992549554489,1.99006741206,3.32725873163
0.01273256,-0.00994002253684,1.9900529679,3.32730605439
0.01273456,-0.00995297988399,1.9900400935,3.32734823371
0.01273656,-0.00996436554025,1.99002879089,3.3273852631
0.01273856,-0.00997417770767,1.99001906186,3.32741713688
0.01274056,-0.00998241483681,1.99001090794,3.32744385014
0.01274256,-0.00998907562693,1.99000433042,3.32746539877
0.01274456,-0.00999415902621,1.98999933033,3.32748177947
0.01274656,-0.00999766423192,1.98999590848,3.32749298971
0.01274856,-0.00999959069056,1.9899940654,3.32749902777
0.01275056,-0.0099999380979,1.98999380138,3.32749989273
0.01275256,-0.0099987063991,1.98999511645,3.32749558445
0.01275456,-0.00999589578865,1.98999801043,3.32748610359
0.01275656,-0.00999150671038,1.99000248284,3.32747145161
0.01275856,-0.00998553985737,1.99000853298,3.32745163077
0.01276056,-0.00997799617186,1.99001615989,3.3274266441
0.01276256,-0.00996887684509,1.99002536238,3.32739649545
0.01276456,-0.0099581833171,1.99003613898,3.32736118946
0.01276656,-0.00994591727653,1.99004848801,3.32732073155
0.01276856,-0.00993208066032,1.99006240749,3.32727512795
0.01277056,-0.00991667565344,1.99007789525,3.32722438565
0.01277256,-0.00989970468852,1.99009494883,3.32716851247
0.01277456,-0.00988117044546,1.99011356553,3.32710751699
0.01277656,-0.00986107585105,1.99013374243,3.32704140859
0.01277856,-0.00983942407844,1.99015547633,3.32697019744
0.01278056,-0.00981621854671,1.9901787638,3.32689389449
0.01278256,-0.00979146292028,1.99020360117,3.32681251147
0.01278456,-0.00976516110835,1.99022998451,3.3267260609
0.01278656,-0.00973731726428,1.99025790965,3.32663455607
0.01278856,-0.00970793578493,1.99028737219,3.32653801107
0.01279056,-0.00967702130999,1.99031836748,3.32643644073
0.01279256,-0.0096445787212,1.99035089061,3.32632986069
0.01279456,-0.00961061314162,1.99038493646,3.32621828734
0.01279656,-0.00957512993482,1.99042049964,3.32610173785
0.01279856,-0.00953813470401,1.99045757455,3.32598023016
0.01280056,-0.00949963329116,1.99049615532,3.32585378296
0.01280256,-0.00945963177609,1.99053623587,3.32572241572
0.01280456,-0.0094181364755,1.99057780986,3.32558614867
0.01280656,-0.00937515394198,1.99062087073,3.32544500277
0.01280856,-0.00933069096297,1.99066541169,3.32529899975
0.01281056,-0.0092847545597,1.99071142569,3.32514816212
0.01281256,-0.00923735198605,1.99075890547,3.32499251308
0.01281456,-0.00918849072744,1.99080784353,3.32483207662
0.01281656,-0.00913817849962,1.99085823215,3.32466687744
0.01281856,-0.00908642324749,1.99091006337,3.32449694101
0.01282056,-0.0090332331438,1.990963329,3.32432229351
0.01282256,-0.00897861658787,1.99101802063,3.32414296184
0.01282456,-0.0089225822043,1.99107412963,3.32395897366
0.01282656,-0.00886513884157,1.99113164714,3.32377035733
0.01282856,-0.00880629557065,1.99119056406,3.32357714192
0.01283056,-0.00874606168357,1.99125087111,3.32337935723
0.01283256,-0.00868444669196,1.99131255876,3.32317703377
0.01283456,-0.00862146032554,1.99137561726,3.32297020275
0.01283656,-0.0085571125306,1.99144003665,3.32275889607
0.01283856,-0.0084914134684,1.99150580677,3.32254314635
0.01284056,-0.00842437351357,1.99157291723,3.32232298687
0.01284256,-0.0083560032525,1.99164135743,3.32209845164
0.01284456,-0.00828631348165,1.99171111657,3.32186957531
0.01284656,-0.00821531520585,1.99178218362,3.32163639323
0.01284856,-0.00814301963654,1.99185454737,3.32139894141
0.01285056,-0.00806943819004,1.99192819639,3.32115725654
0.01285256,-0.0079945824857,1.99200311905,3.32091137597
0.01285456,-0.00791846434411,1.99207930351,3.32066133768
0.01285656,-0.0078410957852,1.99215673776,3.32040718034
0.01285856,-0.00776248902638,1.99223540955,3.32014894324
0.01286056,-0.00768265648055,1.99231530647,3.31988666631
0.01286256,-0.0076016107542,1.99239641589,3.31962039013
0.01286456,-0.0075193646454,1.99247872502,3.31935015588
0.01286656,-0.00743593114174,1.99256222086,3.31907600539
0.01286856,-0.00735132341837,1.99264689021,3.3187979811
0.01287056,-0.0072655548358,1.99273271971,3.31851612604
0.01287256,-0.0071786389379,1.9928196958,3.31823048386
0.01287456,-0.0070905894497,1.99290780476,3.31794109881
0.01287656,-0.00700142027522,1.99299703267,3.31764801571
0.01287856,-0.00691114549533,1.99308736543,3.31735127999
0.01288056,-0.00681977936544,1.99317878878,3.31705093765
0.01288256,-0.00672733631333,1.99327128829,3.31674703524
0.01288456,-0.00663383093683,1.99336484935,3.3164396199
0.01288656,-0.00653927800152,1.99345945718,3.31612873932
0.01288856,-0.00644369243842,1.99355509685,3.31581444172
0.01289056,-0.00634708934157,1.99365175326,3.3154967759
0.01289256,-0.00624948396575,1.99374941113,3.31517579116
0.01289456,-0.00615089172396,1.99384805505,3.31485153735
0.01289656,-0.00605132818506,1.99394766944,3.31452406483
0.01289856,-0.00595080907129,1.99404823857,3.31419342448
0.01290056,-0.00584935025579,1.99414974656,3.31385966768
0.01290256,-0.00574696776008,1.99425217738,3.31352284633
0.01290456,-0.00564367775153,1.99435551485,3.31318301278
0.01290656,-0.00553949654084,1.99445974267,3.3128402199
0.01290856,-0.00543444057944,1.99456484436,3.31249452102
0.01291056,-0.00532852645686,1.99467080333,3.31214596994
0.01291256,-0.00522177089819,1.99477760286,3.31179462092
0.01291456,-0.00511419076137,1.99488522607,3.31144052866
0.01291656,-0.00500580303453,1.99499365596,3.31108374832
0.01291856,-0.00489662483337,1.99510287543,3.3107243355
0.01292056,-0.00478667339838,1.99521286722,3.31036234619
0.01292256,-0.00467596609218,1.99532361395,3.30999783684
0.01292456,-0.00456452039672,1.99543509815,3.3096308643
0.01292656,-0.00445235391058,1.99554730221,3.30926148579
0.01292856,-0.00433948434614,1.99566020841,3.30888975896
0.01293056,-0.00422592952682,1.99577379893,3.30851574184
0.01293256,-0.00411170738424,1.99588805581,3.30813949281
0.01293456,-0.0039968359554,1.99600296103,3.30776107064
0.01293656,-0.00388133337983,1.99611849643,3.30738053444
0.01293856,-0.00376521789672,1.99623464377,3.3069979437
0.01294056,-0.00364850784206,1.99635138472,3.30661335821
0.01294256,-0.00353122164572,1.99646870083,3.30622683811
0.01294456,-0.00341337782854,1.99658657359,3.30583844387
0.01294656,-0.00329499499944,1.99670498437,3.30544823625
0.01294856,-0.00317609185242,1.99682391448,3.30505627634
0.01295056,-0.00305668716369,1.99694334514,3.30466262551
0.01295256,-0.00293679978862,1.99706325748,3.30426734539
0.01295456,-0.00281644865882,1.99718363258,3.30387049794
0.01295656,-0.00269565277912,1.99730445143,3.30347214533
0.01295856,-0.00257443122461,1.99742569494,3.30307235003
0.01296056,-0.00245280313755,1.99754734398,3.30267117472
0.01296256,-0.00233078772445,1.99766937932,3.30226868234
0.01296456,-0.00220840425295,1.9977917817,3.30186493606
0.01296656,-0.00208567204882,1.9979145318,3.30145999924
0.01296856,-0.00196261049289,1.99803761022,3.30105393548
0.01297056,-0.00183923901801,1.99816099753,3.30064680856
0.01297256,-0.00171557710597,1.99828467425,3.30023868245
0.01297456,-0.00159164428442,1.99840862085,3.29982962129
0.01297656,-0.00146746012379,1.99853281776,3.29941968942
0.01297856,-0.00134304423419,1.99865724536,3.29900895129
0.01298056,-0.00121841626234,1.998781884,3.29859747154
0.01298256,-0.00109359588843,1.998906714,3.29818531493
0.01298456,-0.000968602823058,1.99903171566,3.29777254635
0.01298656,-0.00084345680407,1.99915686922,3.2973592308
0.01298856,-0.000718177593475,1.99928215494,3.29694543341
0.01299056,-0.000592784974313,1.99940755302,3.29653121937
0.01299256,-0.000467298747532,1.99953304366,3.296116654
0.01299456,-0.000341738728862,1.99965860705,3.29570180267
0.01299656,-0.000216124745684,1.99978422335,3.29528673082
0.01299856,-9.04766339042e-05,1.99990987274,3.29487150395
0.01300056,3.51857651851e-05,2.00003553536,3.29445618761
0.01300256,0.000160842608034,2.00016119139,3.29404084738
0.01300456,0.000286474051971,2.00028682096,3.29362554887
0.01300656,0.000412060258334,2.00041240426,3.2932103577
0.01300856,0.000537581395606,2.00053792143,3.2927953395
0.01301056,0.000663017642544,2.00066335268,3.29238055989
0.01301256,0.000788349191309,2.00078867817,3.29196608447
0.01301456,0.000913556250599,2.00091387814,3.29155197883
0.01301656,0.00103861904877,2.0010389328,3.2911383085
0.01301856,0.00116351783695,2.00116382241,3.29072513897
0.01302056,0.00128823289217,2.00128852725,3.29031253569
0.01302256,0.00141274452049,2.00141302762,3.28990056403
0.01302456,0.00153703306007,2.00153730387,3.28948928926
0.01302656,0.00166107888431,2.00166133636,3.28907877659
0.01302856,0.00178486240494,2.00178510552,3.28866909113
0.01303056,0.00190836407511,2.0019085918,3.28826029785
0.01303256,0.00203156439247,2.0020317757,3.28785246164
0.01303456,0.00215444390226,2.00215463777,3.28744564722
0.01303656,0.00227698320038,2.0022771586,3.28703991919
0.01303856,0.00239916293646,2.00239931885,3.286635342
0.01304056,0.00252096381689,2.00252109923,3.28623197993
0.01304256,0.00264236660792,2.00264248051,3.28582989709
0.01304456,0.00276335213863,2.00276344351,3.28542915741
0.01304656,0.002883901304,2.00288396915,3.28502982461
0.01304856,0.00300399506793,2.00300403838,3.28463196222
0.01305056,0.00312361446621,2.00312363224,3.28423563357
0.01305256,0.00324274060956,2.00324273186,3.28384090173
0.01305456,0.00336135468657,2.00336131842,3.28344782957
0.01305656,0.00347943796671,2.0034793732,3.28305647969
0.01305856,0.00359697180327,2.00359687755,3.28266691446
0.01306056,0.00371393763627,2.00371381292,3.28227919595
0.01306256,0.00383031699547,2.00383016085,3.28189338598
0.01306456,0.00394609150322,2.00394590296,3.28150954608
0.01306656,0.00406124287737,2.00406102097,3.28112773748
0.01306856,0.00417575293419,2.00417549671,3.28074802111
0.01307056,0.00428960359122,2.00428931209,3.28037045758
0.01307256,0.00440277687012,2.00440244916,3.27999510716
0.01307456,0.0045152548995,2.00451489003,3.27962202982
0.01307656,0.0046270199178,2.00462661696,3.27925128514
0.01307856,0.00473805427601,2.0047376123,3.27888293238
0.01308056,0.00484834044053,2.00484785852,3.27851703042
0.01308256,0.00495786099589,2.00495733823,3.27815363777
0.01308456,0.00506659864752,2.00506603411,3.27779281253
0.01308656,0.0051745362245,2.00517392902,3.27743461245
0.01308856,0.00528165668221,2.00528100592,3.27707909485
0.01309056,0.00538794310512,2.00538724789,3.27672631662
0.01309256,0.00549337870934,2.00549263816,3.27637633427
0.01309456,0.00559794684539,2.00559716009,3.27602920383
0.01309656,0.00570163100073,2.00570079717,3.27568498093
0.01309856,0.00580441480245,2.00580353304,3.27534372072
0.01310056,0.00590628201978,2.00590535147,3.27500547791
0.01310256,0.00600721656671,2.00600623638,3.27467030671
0.01310456,0.00610720250451,2.00610617185,3.27433826089
0.01310656,0.00620622404424,2.0062051421,3.27400939371
0.01310856,0.00630426554925,2.00630313148,3.27368375793
0.01311056,0.00640131153764,2.00640012454,3.27336140582
0.01311256,0.00649734668474,2.00649610595,3.27304238912
0.01311456,0.00659235582547,2.00659106056,3.27272675906
0.01311656,0.0066863239568,2.00668497338,3.27241456634
0.01311856,0.00677923624006,2.00677782957,3.2721058611
0.01312056,0.00687107800334,2.00686961447,3.27180069296
0.01312256,0.00696183474375,2.00696031358,3.27149911095
0.01312456,0.00705149212974,2.00704991259,3.27120116357
0.01312656,0.00714003600339,2.00713839735,3.27090689871
0.01312856,0.00722745238258,2.00722575388,3.27061636372
0.01313056,0.00731372746326,2.00731196838,3.27032960532
0.01313256,0.00739884762158,2.00739702725,3.27004666966
0.01313456,0.0074827994161,2.00748091706,3.26976760227
0.01313656,0.00756556958985,2.00756362455,3.26949244808
0.01313856,0.00764714507245,2.00764513666,3.26922125139
0.01314056,0.0077275129822,2.00772544052,3.26895405587
0.01314256,0.00780666062807,2.00780452346,3.26869090456
0.01314456,0.00788457551173,2.00788237298,3.26843183986
0.01314656,0.00796124532951,2.0079589768,3.26817690351
0.01314856,0.00803665797437,2.0080343228,3.2679261366
0.01315056,0.00811080153777,2.0081083991,3.26767957955
0.01315256,0.00818366431158,2.008181194,3.26743727212
0.01315456,0.00825523478993,2.00825269601,3.26719925338
0.01315656,0.00832550167101,2.00832289382,3.26696556171
0.01315856,0.00839445385886,2.00839177637,3.26673623483
0.01316056,0.00846208046514,2.00845933276,3.26651130973
0.01316256,0.00852837081082,2.00852555234,3.26629082271
0.01316456,0.00859331442788,2.00859042464,3.26607480935
0.01316656,0.00865690106097,2.00865393942,3.26586330453
0.01316856,0.00871912066904,2.00871608665,3.26565634239
0.01317056,0.00877996342687,2.00877685652,3.26545395636
0.01317256,0.0088394197267,2.00883623943,3.26525617912
0.01317456,0.00889748017969,2.00889422601,3.26506304261
0.01317656,0.00895413561741,2.00895080709,3.26487457804
0.01317856,0.00900937709332,2.00900597375,3.26469081587
0.01318056,0.00906319588414,2.00905971727,3.26451178578
0.01318256,0.00911558349128,2.00911202916,3.26433751671
0.01318456,0.0091665316421,2.00916290116,3.26416803683
0.01318656,0.00921603229132,2.00921232525,3.26400337353
0.01318856,0.00926407762221,2.00926029361,3.26384355345
0.01319056,0.00931066004784,2.00930679867,3.26368860243
0.01319256,0.00935577221232,2.00935183309,3.26353854552
0.01319456,0.00939940699191,2.00939538976,3.26339340699
0.01319656,0.00944155749618,2.00943746179,3.26325321033
0.01319856,0.00948221706907,2.00947804255,3.26311797821
0.01320056,0.00952137928996,2.00951712563,3.2629877325
0.01320256,0.00955903797469,2.00955470484,3.2628624943
0.01320456,0.00959518717651,2.00959077427,3.26274228386
0.01320656,0.00962982118704,2.00962532822,3.26262712064
0.01320856,0.00966293453718,2.00965836122,3.26251702327
0.01321056,0.00969452199793,2.00968986806,3.26241200958
0.01321256,0.00972457858128,2.00971984377,3.26231209657
0.01321456,0.00975309954094,2.00974828361,3.26221730041
0.01321656,0.00978008037313,2.0097751831,3.26212763646
0.01321856,0.00980551681724,2.00980053798,3.26204311922
0.01322056,0.00982940485658,2.00982434425,3.26196376238
0.01322256,0.00985174071895,2.00984659815,3.2618895788
0.01322456,0.00987252087726,2.00986729616,3.26182058049
0.01322656,0.00989174205007,2.00988643503,3.26175677862
0.01322856,0.00990940120214,2.00990401172,3.26169818353
0.01323056,0.00992549554489,2.00992002346,3.26164480471
0.01323256,0.00994002253684,2.00993446773,3.2615966508
0.01323456,0.00995297988399,2.00994734223,3.2615537296
0.01323656,0.00996436554025,2.00995864495,3.26151604807
0.01323856,0.00997417770767,2.00996837409,3.2614836123
0.01324056,0.00998241483681,2.00997652811,3.26145642756
0.01324256,0.00998907562693,2.00998310574,3.26143449825
0.01324456,0.00999415902621,2.00998810592,3.26141782792
0.01324656,0.00999766423192,2.00999152788,3.26140641927
0.01324856,0.00999959069056,2.00999337107,3.26140027415
0.01325056,0.0099999380979,2.0099936352,3.26139939356
0.01325256,0.0099987063991,2.00999232022,3.26140377763
0.01325456,0.00999589578865,2.00998942636,3.26141342567
0.01325656,0.00999150671038,2.00998495405,3.26142833609
0.01325856,0.00998553985737,2.00997890401,3.2614485065
0.01326056,0.00997799617186,2.0099712772,3.26147393361
0.01326256,0.00996887684509,2.00996207482,3.26150461332
0.01326456,0.0099581833171,2.00995129832,3.26154054065
0.01326656,0.00994591727653,2.0099389494,3.26158170978
0.01326856,0.00993208066032,2.00992503002,3.26162811404
0.01327056,0.00991667565344,2.00990954237,3.26167974592
0.01327256,0.00989970468852,2.0098924889,3.26173659706
0.01327456,0.00988117044546,2.00987387229,3.26179865823
0.01327656,0.00986107585105,2.0098536955,3.2618659194
0.01327856,0.00983942407844,2.00983196171,3.26193836967
0.01328056,0.00981621854671,2.00980867434,3.26201599731
0.01328256,0.00979146292028,2.00978383708,3.26209878974
0.01328456,0.00976516110835,2.00975745384,3.26218673356
0.01328656,0.00973731726428,2.0097295288,3.26227981453
0.01328856,0.00970793578493,2.00970006637,3.26237801757
0.01329056,0.00967702130998,2.00966907119,3.2624813268
0.01329256,0.0096445787212,2.00963654816,3.26258972548
0.01329456,0.00961061314162,2.00960250242,3.26270319607
0.01329656,0.00957512993482,2.00956693934,3.2628217202
0.01329856,0.00953813470401,2.00952986453,3.2629452787
0.01330056,0.00949963329116,2.00949128387,3.26307385156
0.01330256,0.00945963177608,2.00945120343,3.26320741797
0.01330456,0.0094181364755,2.00940962954,3.26334595634
0.01330656,0.00937515394198,2.00936656877,3.26348944425
0.01330856,0.00933069096297,2.00932202792,3.26363785847
0.01331056,0.0092847545597,2.00927601403,3.26379117502
0.01331256,0.00923735198605,2.00922853435,3.2639493691
0.01331456,0.00918849072744,2.00917959639,3.26411241511
0.01331656,0.00913817849962,2.00912920788,3.26428028671
0.01331856,0.00908642324749,2.00907737676,3.26445295674
0.01332056,0.00903323314379,2.00902411124,3.2646303973
0.01332256,0.00897861658787,2.00896941971,3.26481257971
0.01332456,0.0089225822043,2.00891331081,3.26499947453
0.01332656,0.00886513884157,2.00885579341,3.26519105155
0.01332856,0.00880629557064,2.00879687659,3.26538727983
0.01333056,0.00874606168356,2.00873656965,3.26558812767
0.01333256,0.00868444669196,2.00867488211,3.26579356263
0.01333456,0.00862146032554,2.00861182371,3.26600355153
0.01333656,0.0085571125306,2.00854740442,3.26621806046
0.01333856,0.00849141346839,2.0084816344,3.26643705481
0.01334056,0.00842437351356,2.00841452405,3.26666049921
0.01334256,0.0083560032525,2.00834608395,3.26688835762
0.01334456,0.00828631348165,2.00827632492,3.26712059326
0.01334656,0.00821531520585,2.00820525797,3.26735716866
0.01334856,0.00814301963654,2.00813289433,3.26759804567
0.01335056,0.00806943819003,2.00805924541,3.26784318544
0.01335256,0.00799458248569,2.00798432286,3.26809254845
0.01335456,0.0079184643441,2.0079081385,3.26834609449
0.01335656,0.0078410957852,2.00783070436,3.2686037827
0.01335856,0.00776248902637,2.00775203268,3.26886557154
0.01336056,0.00768265648055,2.00767213586,3.26913141885
0.01336256,0.0076016107542,2.00759102654,3.2694012818
0.01336456,0.00751936464539,2.00750871752,3.26967511693
0.01336656,0.00743593114174,2.00742522179,3.26995288013
0.01336856,0.00735132341836,2.00734055254,3.27023452671
0.01337056,0.0072655548358,2.00725472314,3.27052001132
0.01337256,0.0071786389379,2.00716774715,3.27080928803
0.01337456,0.0070905894497,2.0070796383,3.27110231029
0.01337656,0.00700142027522,2.0069904105,3.27139903098
0.01337856,0.00691114549532,2.00690007784,3.27169940238
0.01338056,0.00681977936543,2.00680865459,3.27200337619
0.01338256,0.00672733631332,2.00671615519,3.27231090357
0.01338456,0.00663383093683,2.00662259423,3.27262193508
0.01338656,0.00653927800152,2.0065279865,3.27293642076
0.01338856,0.00644369243841,2.00643234694,3.2732543101
0.01339056,0.00634708934157,2.00633569064,3.27357555204
0.01339256,0.00624948396575,2.00623803288,3.27390009501
0.01339456,0.00615089172396,2.00613938906,3.27422788693
0.01339656,0.00605132818506,2.00603977478,3.27455887518
0.01339856,0.00595080907129,2.00593920575,3.27489300668
0.01340056,0.00584935025579,2.00583769786,3.27523022784
0.01340256,0.00574696776007,2.00573526715,3.27557048458
0.01340456,0.00564367775153,2.00563192978,3.27591372235
0.01340656,0.00553949654084,2.00552770207,3.27625988616
0.01340856,0.00543444057943,2.00542260048,3.27660892054
0.01341056,0.00532852645686,2.00531664161,3.27696076958
0.01341256,0.00522177089819,2.00520984219,3.27731537695
0.01341456,0.00511419076136,2.00510221909,3.27767268586
0.01341656,0.00500580303453,2.00499378929,3.27803263915
0.01341856,0.00489662483337,2.00488456993,3.27839517922
0.01342056,0.00478667339838,2.00477457825,3.27876024807
0.01342256,0.00467596609217,2.00466383162,3.27912778733
0.01342456,0.00456452039672,2.00455234752,3.27949773824
0.01342656,0.00445235391057,2.00444014357,3.27987004167
0.01342856,0.00433948434614,2.00432723747,3.28024463815
0.01343056,0.00422592952682,2.00421364707,3.28062146784
0.01343256,0.00411170738423,2.00409939029,3.28100047056
0.01343456,0.00399683595539,2.00398448517,3.28138158582
0.01343656,0.00388133337982,2.00386894988,3.28176475279
0.01343856,0.00376521789672,2.00375280264,3.28214991034
0.01344056,0.00364850784206,2.00363606179,3.28253699704
0.01344256,0.00353122164571,2.00351874579,3.28292595118
0.01344456,0.00341337782854,2.00340087314,3.28331671075
0.01344656,0.00329499499943,2.00328246246,3.28370921349
0.01344856,0.00317609185242,2.00316353245,3.28410339688
0.01345056,0.00305668716369,2.0030441019,3.28449919813
0.01345256,0.00293679978862,2.00292418966,3.28489655424
0.01345456,0.00281644865881,2.00280381466,3.28529540196
0.01345656,0.00269565277912,2.00268299592,3.28569567784
0.01345856,0.0025744312246,2.00256175251,3.28609731822
0.01346056,0.00245280313755,2.00244010358,3.28650025922
0.01346256,0.00233078772445,2.00231806835,3.28690443681
0.01346456,0.00220840425295,2.00219566607,3.28730978675
0.01346656,0.00208567204881,2.00207291608,3.28771624466
0.01346856,0.00196261049289,2.00194983776,3.28812374598
0.01347056,0.00183923901801,2.00182645055,3.28853222603
0.01347256,0.00171557710597,2.00170277393,3.28894161998
0.01347456,0.00159164428442,2.00157882744,3.28935186288
0.01347656,0.00146746012378,2.00145463064,3.28976288966
0.01347856,0.00134304423419,2.00133020314,3.29017463517
0.01348056,0.00121841626233,2.00120556461,3.29058703413
0.01348256,0.00109359588843,2.00108073471,3.2910000212
0.01348456,0.000968602823053,2.00095573316,3.29141353098
0.01348656,0.000843456804066,2.00083057969,3.29182749798
0.01348856,0.000718177593471,2.00070529408,3.29224185668
0.01349056,0.000592784974309,2.00057989611,3.29265654152
0.01349256,0.000467298747528,2.00045440557,3.29307148688
0.01349456,0.000341738728858,2.00032884229,3.29348662716
0.01349656,0.00021612474568,2.00020322609,3.29390189673
0.01349856,9.04766339001e-05,2.00007757681,3.29431722997
0.01350056,-3.51857651893e-05,1.99995191429,3.29473256126
0.01350256,-0.000160842608039,1.99982625837,3.29514782501
0.01350456,-0.000286474051976,1.9997006289,3.29556295565
0.01350656,-0.000412060258339,1.99957504571,3.29597788769
0.01350856,-0.00053758139561,1.99944952864,3.29639255564
0.01351056,-0.000663017642548,1.9993240975,3.29680689411
0.01351256,-0.000788349191313,1.9991987721,3.29722083778
0.01351456,-0.000913556250603,1.99907357224,3.2976343214
0.01351656,-0.00103861904877,1.99894851769,3.29804727982
0.01351856,-0.00116351783695,1.99882362818,3.298459648
0.01352056,-0.00128823289217,1.99869892345,3.298871361
0.01352256,-0.00141274452049,1.99857442318,3.29928235403
0.01352456,-0.00153703306007,1.99845014704,3.2996925624
0.01352656,-0.00166107888432,1.99832611465,3.30010192161
0.01352856,-0.00178486240495,1.99820234559,3.30051036726
0.01353056,-0.00190836407511,1.99807885942,3.30091783516
0.01353256,-0.00203156439247,1.99795567562,3.30132426127
0.01353456,-0.00215444390226,1.99783281366,3.30172958175
0.01353656,-0.00227698320038,1.99771029293,3.30213373294
0.01353856,-0.00239916293646,1.99758813279,3.3025366514
0.01354056,-0.0025209638169,1.99746635251,3.30293827389
0.01354256,-0.00264236660793,1.99734497134,3.3033385374
0.01354456,-0.00276335213863,1.99722400844,3.30373737915
0.01354656,-0.00288390130401,1.99710348291,3.30413473661
0.01354856,-0.00300399506793,1.99698341378,3.3045305475
0.01355056,-0.00312361446621,1.99686382002,3.3049247498
0.01355256,-0.00324274060956,1.99674472051,3.30531728176
0.01355456,-0.00336135468657,1.99662613405,3.30570808192
0.01355656,-0.00347943796672,1.99650807938,3.3060970891
0.01355856,-0.00359697180327,1.99639057513,3.30648424243
0.01356056,-0.00371393763628,1.99627363987,3.30686948133
0.01356256,-0.00383031699548,1.99615729204,3.30725274557
0.01356456,-0.00394609150322,1.99604155004,3.30763397522
0.01356656,-0.00406124287738,1.99592643213,3.30801311071
0.01356856,-0.0041757529342,1.9958119565,3.30839009278
0.01357056,-0.00428960359123,1.99569814122,3.30876486256
0.01357256,-0.00440277687012,1.99558500426,3.30913736154
0.01357456,-0.00451525489951,1.99547256349,3.30950753156
0.01357656,-0.0046270199178,1.99536083667,3.30987531485
0.01357856,-0.00473805427602,1.99524984143,3.31024065404
0.01358056,-0.00484834044053,1.99513959531,3.31060349216
0.01358256,-0.00495786099589,1.99503011571,3.31096377263
0.01358456,-0.00506659864753,1.99492141993,3.31132143929
0.01358656,-0.0051745362245,1.99481352512,3.31167643642
0.01358856,-0.00528165668222,1.99470644833,3.31202870872
0.01359056,-0.00538794310512,1.99460020647,3.31237820132
0.01359256,-0.00549337870934,1.9944948163,3.31272485981
0.01359456,-0.00559794684539,1.99439029448,3.31306863025
0.01359656,-0.00570163100074,1.9942866575,3.31340945914
0.01359856,-0.00580441480245,1.99418392174,3.31374729346
0.01360056,-0.00590628201979,1.99408210341,3.31408208068
0.01360256,-0.00600721656672,1.9939812186,3.31441376876
0.01360456,-0.00610720250452,1.99388128324,3.31474230614
0.01360656,-0.00620622404424,1.9937823131,3.31506764177
0.01360856,-0.00630426554925,1.99368432382,3.31538972511
0.01361056,-0.00640131153764,1.99358733086,3.31570850615
0.01361256,-0.00649734668474,1.99349134955,3.31602393539
0.01361456,-0.00659235582547,1.99339639505,3.31633596388
0.01361656,-0.0066863239568,1.99330248234,3.3166445432
0.01361856,-0.00677923624007,1.99320962625,3.31694962547
0.01362056,-0.00687107800334,1.99311784146,3.31725116338
0.01362256,-0.00696183474375,1.99302714245,3.31754911018
0.01362456,-0.00705149212975,1.99293754354,3.31784341967
0.01362656,-0.00714003600339,1.99284905889,3.31813404624
0.01362856,-0.00722745238258,1.99276170247,3.31842094487
0.01363056,-0.00731372746326,1.99267548806,3.31870407112
0.01363256,-0.00739884762159,1.9925904293,3.31898338113
0.01363456,-0.0074827994161,1.9925065396,3.31925883166
0.01363656,-0.00756556958985,1.99242383222,3.31953038007
0.01363856,-0.00764714507245,1.99234232021,3.31979798434
0.01364056,-0.0077275129822,1.99226201645,3.32006160306
0.01364256,-0.00780666062807,1.99218293361,3.32032119545
0.01364456,-0.00788457551173,1.9921050842,3.32057672137
0.01364656,-0.00796124532952,1.99202848049,3.3208281413
0.01364856,-0.00803665797437,1.99195313459,3.32107541638
0.01365056,-0.00811080153777,1.99187905839,3.32131850839
0.01365256,-0.00818366431159,1.99180626359,3.32155737977
0.01365456,-0.00825523478993,1.99173476169,3.3217919936
0.01365656,-0.00832550167101,1.99166456398,3.32202231365
0.01365856,-0.00839445385887,1.99159568154,3.32224830436
0.01366056,-0.00846208046514,1.99152812526,3.32246993082
0.01366256,-0.00852837081082,1.99146190578,3.32268715882
0.01366456,-0.00859331442788,1.99139703359,3.32289995484
0.01366656,-0.00865690106098,1.99133351891,3.32310828603
0.01366856,-0.00871912066904,1.99127137178,3.32331212025
0.01367056,-0.00877996342688,1.99121060202,3.32351142606
0.01367256,-0.00883941972671,1.99115121921,3.32370617272
0.01367456,-0.00889748017969,1.99109323274,3.32389633018
0.01367656,-0.00895413561741,1.99103665176,3.32408186914
0.01367856,-0.00900937709332,1.99098148521,3.32426276099
0.01368056,-0.00906319588415,1.9909277418,3.32443897784
0.01368256,-0.00911558349128,1.99087543001,3.32461049255
0.01368456,-0.0091665316421,1.99082455811,3.32477727866
0.01368656,-0.00921603229132,1.99077513413,3.3249393105
0.01368856,-0.00926407762221,1.99072716587,3.3250965631
0.01369056,-0.00931066004784,1.99068066091,3.32524901224
0.01369256,-0.00935577221232,1.99063562659,3.32539663443
0.01369456,-0.00939940699192,1.99059207003,3.32553940695
0.01369656,-0.00944155749618,1.9905499981,3.32567730781
0.01369856,-0.00948221706907,1.99050941745,3.32581031578
0.01370056,-0.00952137928996,1.99047033448,3.32593841039
0.01370256,-0.00955903797469,1.99043275537,3.32606157192
0.01370456,-0.00959518717651,1.99039668604,3.32617978141
0.01370656,-0.00962982118704,1.9903621322,3.32629302068
0.01370856,-0.00966293453718,1.99032909931,3.3264012723
0.01371056,-0.00969452199793,1.99029759257,3.32650451961
0.01371256,-0.00972457858128,1.99026761696,3.32660274674
0.01371456,-0.00975309954094,1.99023917722,3.32669593856
0.01371656,-0.00978008037313,1.99021227784,3.32678408075
0.01371856,-0.00980551681724,1.99018692307,3.32686715975
0.01372056,-0.00982940485658,1.99016311691,3.32694516277
0.01372256,-0.00985174071895,1.99014086311,3.32701807783
0.01372456,-0.00987252087726,1.9901201652,3.32708589372
0.01372656,-0.00989174205007,1.99010102644,3.3271486
0.01372856,-0.00990940120214,1.99008344985,3.32720618703
0.01373056,-0.00992549554489,1.99006743821,3.32725864596
0.01373256,-0.00994002253684,1.99005299405,3.32730596872
0.01373456,-0.00995297988399,1.99004011965,3.32734814804
0.01373656,-0.00996436554025,1.99002881704,3.32738517744
0.01373856,-0.00997417770767,1.990019088,3.32741705122
0.01374056,-0.00998241483681,1.99001093408,3.32744376448
0.01374256,-0.00998907562693,1.99000435656,3.32746531311
0.01374456,-0.00999415902621,1.98999935648,3.32748169381
0.01374656,-0.00999766423192,1.98999593463,3.32749290405
0.01374856,-0.00999959069056,1.98999409155,3.32749894211
0.01375056,-0.0099999380979,1.98999382752,3.32749980707
0.01375256,-0.0099987063991,1.9899951426,3.32749549879
0.01375456,-0.00999589578865,1.98999803657,3.32748601793
0.01375656,-0.00999150671038,1.99000250898,3.32747136596
0.01375856,-0.00998553985737,1.99000855912,3.32745154511
0.01376056,-0.00997799617186,1.99001618604,3.32742655845
0.01376256,-0.00996887684509,1.99002538852,3.3273964098
0.01376456,-0.0099581833171,1.99003616513,3.32736110381
0.01376656,-0.00994591727653,1.99004851415,3.3273206459
0.01376856,-0.00993208066032,1.99006243364,3.32727504229
0.01377056,-0.00991667565344,1.99007792139,3.32722429999
0.01377256,-0.00989970468852,1.99009497497,3.32716842681
0.01377456,-0.00988117044546,1.99011359168,3.32710743133
0.01377656,-0.00986107585105,1.99013376857,3.32704132294
0.01377856,-0.00983942407844,1.99015550248,3.32697011179
0.01378056,-0.00981621854671,1.99017878995,3.32689380883
0.01378256,-0.00979146292028,1.99020362731,3.32681242581
0.01378456,-0.00976516110835,1.99023001065,3.32672597524
0.01378656,-0.00973731726428,1.9902579358,3.32663447041
0.01378856,-0.00970793578493,1.99028739834,3.3265379254
0.01379056,-0.00967702130998,1.99031839362,3.32643635506
0.01379256,-0.00964457872119,1.99035091675,3.32632977502
0.01379456,-0.00961061314162,1.9903849626,3.32621820167
0.01379656,-0.00957512993482,1.99042052579,3.32610165218
0.01379856,-0.00953813470401,1.99045760069,3.32598014448
0.01380056,-0.00949963329116,1.99049618146,3.32585369728
0.01380256,-0.00945963177608,1.99053626201,3.32572233004
0.01380456,-0.00941813647549,1.990577836,3.32558606298
0.01380656,-0.00937515394198,1.99062089687,3.32544491708
0.01380856,-0.00933069096297,1.99066543783,3.32529891407
0.01381056,-0.0092847545597,1.99071145183,3.32514807643
0.01381256,-0.00923735198605,1.99075893161,3.32499242739
0.01381456,-0.00918849072744,1.99080786967,3.32483199092
0.01381656,-0.00913817849962,1.99085825829,3.32466679174
0.01381856,-0.00908642324749,1.99091008951,3.32449685531
0.01382056,-0.00903323314379,1.99096335514,3.3243222078
0.01382256,-0.00897861658787,1.99101804677,3.32414287614
0.01382456,-0.0089225822043,1.99107415577,3.32395888795
0.01382656,-0.00886513884157,1.99113167327,3.32377027161
0.01382856,-0.00880629557064,1.9911905902,3.3235770562
0.01383056,-0.00874606168356,1.99125089725,3.32337927151
0.01383256,-0.00868444669195,1.99131258489,3.32317694805
0.01383456,-0.00862146032554,1.99137564339,3.32297011702
0.01383656,-0.0085571125306,1.99144006279,3.32275881033
0.01383856,-0.00849141346839,1.99150583291,3.32254306061
0.01384056,-0.00842437351356,1.99157294337,3.32232290113
0.01384256,-0.00835600325249,1.99164138357,3.32209836589
0.01384456,-0.00828631348165,1.99171114271,3.32186948956
0.01384656,-0.00821531520585,1.99178220976,3.32163630747
0.01384856,-0.00814301963654,1.99185457351,3.32139885565
0.01385056,-0.00806943819003,1.99192822253,3.32115717077
0.01385256,-0.00799458248569,1.99200314518,3.32091129019
0.01385456,-0.0079184643441,1.99207932965,3.3206612519
0.01385656,-0.0078410957852,1.99215676389,3.32040709456
0.01385856,-0.00776248902637,1.99223543568,3.32014885745
0.01386056,-0.00768265648054,1.9923153326,3.31988658052
0.01386256,-0.0076016107542,1.99239644203,3.31962030433
0.01386456,-0.00751936464539,1.99247875116,3.31935007008
0.01386656,-0.00743593114174,1.99256224699,3.31907591958
0.01386856,-0.00735132341836,1.99264691634,3.31879789528
0.01387056,-0.0072655548358,1.99273274584,3.31851604022
0.01387256,-0.0071786389379,1.99281972194,3.31823039803
0.01387456,-0.00709058944969,1.99290783089,3.31794101297
0.01387656,-0.00700142027522,1.9929970588,3.31764792987
0.01387856,-0.00691114549532,1.99308739156,3.31735119415
0.01388056,-0.00681977936543,1.99317881491,3.3170508518
0.01388256,-0.00672733631332,1.99327131442,3.31674694938
0.01388456,-0.00663383093682,1.99336487548,3.31643953404
0.01388656,-0.00653927800152,1.99345948332,3.31612865345
0.01388856,-0.00644369243841,1.99355512299,3.31581435585
0.01389056,-0.00634708934157,1.99365177939,3.31549669001
0.01389256,-0.00624948396574,1.99374943726,3.31517570527
0.01389456,-0.00615089172395,1.99384808118,3.31485145145
0.01389656,-0.00605132818505,1.99394769557,3.31452397892
0.01389856,-0.00595080907129,1.9940482647,3.31419333857
0.01390056,-0.00584935025579,1.99414977269,3.31385958176
0.01390256,-0.00574696776007,1.99425220351,3.3135227604
0.01390456,-0.00564367775152,1.99435554098,3.31318292685
0.01390656,-0.00553949654084,1.9944597688,3.31284013396
0.01390856,-0.00543444057943,1.99456487049,3.31249443507
0.01391056,-0.00532852645686,1.99467082946,3.31214588398
0.01391256,-0.00522177089819,1.99477762899,3.31179453495
0.01391456,-0.00511419076136,1.9948852522,3.31144044269
0.01391656,-0.00500580303452,1.99499368209,3.31108366235
0.01391856,-0.00489662483336,1.99510290156,3.31072424951
0.01392056,-0.00478667339837,1.99521289334,3.3103622602
0.01392256,-0.00467596609217,1.99532364008,3.30999775084
0.01392456,-0.00456452039671,1.99543512428,3.30963077829
0.01392656,-0.00445235391057,1.99554732834,3.30926139977
0.01392856,-0.00433948434613,1.99566023454,3.30888967294
0.01393056,-0.00422592952681,1.99577382505,3.30851565581
0.01393256,-0.00411170738423,1.99588808194,3.30813940677
0.01393456,-0.00399683595539,1.99600298715,3.30776098459
0.01393656,-0.00388133337982,1.99611852256,3.30738044839
0.01393856,-0.00376521789671,1.9962346699,3.30699785763
0.01394056,-0.00364850784205,1.99635141085,3.30661327213
0.01394256,-0.00353122164571,1.99646872696,3.30622675203
0.01394456,-0.00341337782853,1.99658659971,3.30583835778
0.01394656,-0.00329499499943,1.99670501049,3.30544815016
0.01394856,-0.00317609185242,1.9968239406,3.30505619024
0.01395056,-0.00305668716368,1.99694337126,3.30466253939
0.01395256,-0.00293679978861,1.99706328361,3.30426725927
0.01395456,-0.00281644865881,1.99718365871,3.30387041181
0.01395656,-0.00269565277911,1.99730447755,3.3034720592
0.01395856,-0.0025744312246,1.99742572107,3.30307226388
0.01396056,-0.00245280313755,1.9975473701,3.30267108857
0.01396256,-0.00233078772445,1.99766940544,3.30226859618
0.01396456,-0.00220840425294,1.99779180783,3.30186484989
0.01396656,-0.00208567204881,1.99791455792,3.30145991306
0.01396856,-0.00196261049288,1.99803763634,3.30105384929
0.01397056,-0.001839239018,1.99816102366,3.30064672236
0.01397256,-0.00171557710597,1.99828470038,3.30023859624
0.01397456,-0.00159164428442,1.99840864698,3.29982953508
0.01397656,-0.00146746012378,1.99853284388,3.29941960319
0.01397856,-0.00134304423418,1.99865727148,3.29900886506
0.01398056,-0.00121841626233,1.99878191012,3.2985973853
0.01398256,-0.00109359588842,1.99890674012,3.29818522868
0.01398456,-0.000968602823049,1.99903174178,3.29777246009
0.01398656,-0.000843456804062,1.99915689535,3.29735914454
0.01398856,-0.000718177593467,1.99928218106,3.29694534713
0.01399056,-0.000592784974305,1.99940757914,3.29653113309
0.01399256,-0.000467298747524,1.99953306978,3.29611656771
0.01399456,-0.000341738728853,1.99965863317,3.29570171636
0.01399656,-0.000216124745676,1.99978424947,3.2952866445
0.01399856,-9.04766338959e-05,1.99990989886,3.29487141763
0.01400056,3.51857651936e-05,2.00003556148,3.29445610128
0.01400256,0.000160842608043,2.00016121751,3.29404076104
0.01400456,0.00028647405198,2.00028684708,3.29362546253
0.01400656,0.000412060258343,2.00041243038,3.29321027135
0.01400856,0.000537581395615,2.00053794755,3.29279525314
0.01401056,0.000663017642552,2.00066337879,3.29238047352
0.01401256,0.000788349191317,2.00078870429,3.29196599809
0.01401456,0.000913556250607,2.00091390426,3.29155189244
0.01401656,0.00103861904877,2.00103895892,3.2911382221
0.01401856,0.00116351783695,2.00116384853,3.29072505256
0.01402056,0.00128823289218,2.00128855337,3.29031244928
0.01402256,0.0014127445205,2.00141305374,3.2899004776
0.01402456,0.00153703306008,2.00153732998,3.28948920283
0.01402656,0.00166107888432,2.00166136248,3.28907869015
0.01402856,0.00178486240495,2.00178513164,3.28866900468
0.01403056,0.00190836407512,2.00190861792,3.2882602114
0.01403256,0.00203156439247,2.00203180182,3.28785237517
0.01403456,0.00215444390226,2.00215466388,3.28744556074
0.01403656,0.00227698320038,2.00227718472,3.28703983271
0.01403856,0.00239916293646,2.00239934497,3.28663525551
0.01404056,0.0025209638169,2.00252112535,3.28623189343
0.01404256,0.00264236660793,2.00264250662,3.28582981058
0.01404456,0.00276335213864,2.00276346963,3.28542907089
0.01404656,0.00288390130401,2.00288399526,3.28502973808
0.01404856,0.00300399506794,2.00300406449,3.28463187569
0.01405056,0.00312361446622,2.00312365836,3.28423554702
0.01405256,0.00324274060957,2.00324275798,3.28384081518
0.01405456,0.00336135468658,2.00336134453,3.28344774301
0.01405656,0.00347943796672,2.00347939931,3.28305639313
0.01405856,0.00359697180327,2.00359690366,3.28266682788
0.01406056,0.00371393763628,2.00371383904,3.28227910936
0.01406256,0.00383031699548,2.00383018696,3.28189329939
0.01406456,0.00394609150323,2.00394592907,3.28150945948
0.01406656,0.00406124287738,2.00406104708,3.28112765087
0.01406856,0.0041757529342,2.00417552282,3.2807479345
0.01407056,0.00428960359123,2.0042893382,3.28037037095
0.01407256,0.00440277687012,2.00440247527,3.27999502053
0.01407456,0.00451525489951,2.00451491614,3.27962194318
0.01407656,0.00462701991781,2.00462664307,3.27925119849
0.01407856,0.00473805427602,2.00473763841,3.27888284573
0.01408056,0.00484834044054,2.00484788464,3.27851694376
0.01408256,0.0049578609959,2.00495736434,3.27815355109
0.01408456,0.00506659864753,2.00506606022,3.27779272586
0.01408656,0.0051745362245,2.00517395513,3.27743452577
0.01408856,0.00528165668222,2.00528103203,3.27707900815
0.01409056,0.00538794310512,2.005387274,3.27672622992
0.01409256,0.00549337870935,2.00549266427,3.27637624756
0.01409456,0.00559794684539,2.0055971862,3.27602911712
0.01409656,0.00570163100074,2.00570082328,3.27568489421
0.01409856,0.00580441480246,2.00580355915,3.27534363399
0.01410056,0.00590628201979,2.00590537758,3.27500539117
0.01410256,0.00600721656672,2.00600626249,3.27467021997
0.01410456,0.00610720250452,2.00610619796,3.27433817414
0.01410656,0.00620622404425,2.0062051682,3.27400930695
0.01410856,0.00630426554925,2.00630315759,3.27368367117
0.01411056,0.00640131153765,2.00640015065,3.27336131905
0.01411256,0.00649734668474,2.00649613206,3.27304230235
0.01411456,0.00659235582548,2.00659108667,3.27272667228
0.01411656,0.0066863239568,2.00668499949,3.27241447955
0.01411856,0.00677923624007,2.00677785567,3.27210577431
0.01412056,0.00687107800335,2.00686964057,3.27180060616
0.01412256,0.00696183474375,2.00696033969,3.27149902414
0.01412456,0.00705149212975,2.0070499387,3.27120107675
0.01412656,0.00714003600339,2.00713842345,3.27090681189
0.01412856,0.00722745238259,2.00722577998,3.27061627689
0.01413056,0.00731372746326,2.00731199449,3.27032951849
0.01413256,0.00739884762159,2.00739705336,3.27004658282
0.01413456,0.00748279941611,2.00748094316,3.26976751543
0.01413656,0.00756556958985,2.00756365065,3.26949236123
0.01413856,0.00764714507246,2.00764516276,3.26922116454
0.01414056,0.00772751298221,2.00772546663,3.26895396901
0.01414256,0.00780666062808,2.00780454956,3.2686908177
0.01414456,0.00788457551173,2.00788239909,3.26843175299
0.01414656,0.00796124532952,2.0079590029,3.26817681663
0.01414856,0.00803665797438,2.0080343489,3.26792604972
0.01415056,0.00811080153777,2.00810842521,3.26767949266
0.01415256,0.00818366431159,2.00818122011,3.26743718523
0.01415456,0.00825523478994,2.00825272211,3.26719916648
0.01415656,0.00832550167102,2.00832291993,3.26696547482
0.01415856,0.00839445385887,2.00839180247,3.26673614793
0.01416056,0.00846208046515,2.00845935886,3.26651122283
0.01416256,0.00852837081082,2.00852557844,3.2662907358
0.01416456,0.00859331442788,2.00859045074,3.26607472244
0.01416656,0.00865690106098,2.00865396552,3.26586321761
0.01416856,0.00871912066904,2.00871611275,3.26565625547
0.01417056,0.00877996342688,2.00877688262,3.26545386943
0.01417256,0.00883941972671,2.00883626553,3.26525609219
0.01417456,0.00889748017969,2.00889425211,3.26506295568
0.01417656,0.00895413561741,2.00895083319,3.26487449111
0.01417856,0.00900937709332,2.00900599985,3.26469072893
0.01418056,0.00906319588415,2.00905974337,3.26451169883
0.01418256,0.00911558349128,2.00911205526,3.26433742976
0.01418456,0.00916653164211,2.00916292726,3.26416794987
0.01418656,0.00921603229132,2.00921235135,3.26400328658
0.01418856,0.00926407762221,2.00926031971,3.2638434665
0.01419056,0.00931066004784,2.00930682477,3.26368851547
0.01419256,0.00935577221232,2.00935185919,3.26353845856
0.01419456,0.00939940699192,2.00939541586,3.26339332003
0.01419656,0.00944155749618,2.00943748789,3.26325312336
0.01419856,0.00948221706907,2.00947806865,3.26311789124
0.01420056,0.00952137928997,2.00951715172,3.26298764553
0.01420256,0.00955903797469,2.00955473094,3.26286240733
0.01420456,0.00959518717651,2.00959080037,3.26274219688
0.01420656,0.00962982118705,2.00962535431,3.26262703366
0.01420856,0.00966293453718,2.00965838731,3.26251693629
0.01421056,0.00969452199794,2.00968989416,3.2624119226
0.01421256,0.00972457858128,2.00971986987,3.26231200959
0.01421456,0.00975309954095,2.00974830971,3.26221721343
0.01421656,0.00978008037313,2.00977520919,3.26212754947
0.01421856,0.00980551681724,2.00980056407,3.26204303223
0.01422056,0.00982940485658,2.00982437034,3.2619636754
0.01422256,0.00985174071895,2.00984662424,3.26188949182
0.01422456,0.00987252087726,2.00986732226,3.2618204935
0.01422656,0.00989174205007,2.00988646112,3.26175669163
0.01422856,0.00990940120214,2.00990403781,3.26169809654
0.01423056,0.00992549554489,2.00992004956,3.26164471772
0.01423256,0.00994002253684,2.00993449382,3.26159656381
0.01423456,0.00995297988399,2.00994736833,3.26155364261
0.01423656,0.00996436554025,2.00995867104,3.26151596107
0.01423856,0.00997417770767,2.00996840018,3.26148352531
0.01424056,0.00998241483681,2.00997655421,3.26145634057
0.01424256,0.00998907562693,2.00998313183,3.26143441126
0.01424456,0.00999415902621,2.00998813202,3.26141774093
0.01424656,0.00999766423192,2.00999155397,3.26140633228
0.01424856,0.00999959069056,2.00999339716,3.26140018716
0.01425056,0.0099999380979,2.00999366129,3.26139930657
0.01425256,0.0099987063991,2.00999234631,3.26140369065
0.01425456,0.00999589578865,2.00998945245,3.26141333868
0.01425656,0.00999150671038,2.00998498014,3.2614282491
0.01425856,0.00998553985737,2.00997893011,3.26144841951
0.01426056,0.00997799617186,2.00997130329,3.26147384663
0.01426256,0.00996887684509,2.00996210091,3.26150452634
0.01426456,0.0099581833171,2.00995132441,3.26154045367
0.01426656,0.00994591727653,2.00993897549,3.2615816228
0.01426856,0.00993208066032,2.00992505611,3.26162802707
0.01427056,0.00991667565344,2.00990956846,3.26167965895
0.01427256,0.00989970468851,2.00989251499,3.26173651008
0.01427456,0.00988117044546,2.00987389838,3.26179857126
0.01427656,0.00986107585104,2.00985372159,3.26186583243
0.01427856,0.00983942407844,2.00983198779,3.26193828271
0.01428056,0.00981621854671,2.00980870043,3.26201591034
0.01428256,0.00979146292028,2.00978386316,3.26209870278
0.01428456,0.00976516110835,2.00975747993,3.2621866466
0.01428656,0.00973731726428,2.00972955489,3.26227972757
0.01428856,0.00970793578493,2.00970009245,3.26237793062
0.01429056,0.00967702130998,2.00966909727,3.26248123985
0.01429256,0.00964457872119,2.00963657424,3.26258963853
0.01429456,0.00961061314162,2.0096025285,3.26270310913
0.01429656,0.00957512993482,2.00956696542,3.26282163326
0.01429856,0.00953813470401,2.00952989062,3.26294519176
0.01430056,0.00949963329115,2.00949130995,3.26307376462
0.01430256,0.00945963177608,2.00945122951,3.26320733104
0.01430456,0.00941813647549,2.00940965562,3.26334586942
0.01430656,0.00937515394197,2.00936659486,3.26348935732
0.01430856,0.00933069096297,2.00932205401,3.26363777156
0.01431056,0.0092847545597,2.00927604011,3.26379108811
0.01431256,0.00923735198605,2.00922856044,3.26394928219
0.01431456,0.00918849072743,2.00917962248,3.26411232821
0.01431656,0.00913817849962,2.00912923396,3.2642801998
0.01431856,0.00908642324749,2.00907740285,3.26445286984
0.01432056,0.00903323314379,2.00902413732,3.26463031041
0.01432256,0.00897861658787,2.00896944579,3.26481249283
0.01432456,0.0089225822043,2.0089133369,3.26499938765
0.01432656,0.00886513884156,2.0088558195,3.26519096468
0.01432856,0.00880629557064,2.00879690267,3.26538719296
0.01433056,0.00874606168356,2.00873659573,3.26558804081
0.01433256,0.00868444669195,2.00867490819,3.26579347577
0.01433456,0.00862146032554,2.0086118498,3.26600346467
0.01433656,0.0085571125306,2.0085474305,3.26621797362
0.01433856,0.00849141346839,2.00848166049,3.26643696797
0.01434056,0.00842437351356,2.00841455013,3.26666041238
0.01434256,0.00835600325249,2.00834611003,3.26688827079
0.01434456,0.00828631348165,2.008276351,3.26712050643
0.01434656,0.00821531520584,2.00820528405,3.26735708184
0.01434856,0.00814301963654,2.00813292041,3.26759795886
0.01435056,0.00806943819003,2.00805927149,3.26784309864
0.01435256,0.00799458248569,2.00798434894,3.26809246165
0.01435456,0.0079184643441,2.00790816458,3.26834600769
0.01435656,0.00784109578519,2.00783073044,3.26860369591
0.01435856,0.00776248902637,2.00775205876,3.26886548476
0.01436056,0.00768265648054,2.00767216194,3.26913133208
0.01436256,0.00760161075419,2.00759105262,3.26940119504
0.01436456,0.00751936464539,2.0075087436,3.26967503017
0.01436656,0.00743593114174,2.00742524787,3.26995279338
0.01436856,0.00735132341836,2.00734057862,3.27023443996
0.01437056,0.00726555483579,2.00725474922,3.27051992458
0.01437256,0.00717863893789,2.00716777323,3.27080920129
0.01437456,0.00709058944969,2.00707966438,3.27110222356
0.01437656,0.00700142027522,2.00699043658,3.27139894426
0.01437856,0.00691114549532,2.00690010392,3.27169931567
0.01438056,0.00681977936543,2.00680868067,3.27200328949
0.01438256,0.00672733631332,2.00671618127,3.27231081687
0.01438456,0.00663383093682,2.00662262031,3.27262184839
0.01438656,0.00653927800151,2.00652801258,3.27293633408
0.01438856,0.00644369243841,2.00643237302,3.27325422343
0.01439056,0.00634708934157,2.00633571672,3.27357546538
0.01439256,0.00624948396574,2.00623805895,3.27390000836
0.01439456,0.00615089172395,2.00613941514,3.27422780028
0.01439656,0.00605132818505,2.00603980085,3.27455878855
0.01439856,0.00595080907128,2.00593923183,3.27489292005
0.01440056,0.00584935025578,2.00583772394,3.27523014122
0.01440256,0.00574696776007,2.00573529322,3.27557039796
0.01440456,0.00564367775152,2.00563195585,3.27591363575
0.01440656,0.00553949654083,2.00552772814,3.27625979956
0.01440856,0.00543444057943,2.00542262655,3.27660883395
0.01441056,0.00532852645685,2.00531666768,3.276960683
0.01441256,0.00522177089818,2.00520986827,3.27731529037
0.01441456,0.00511419076136,2.00510224516,3.2776725993
0.01441656,0.00500580303452,2.00499381537,3.2780325526
0.01441856,0.00489662483336,2.00488459601,3.27839509267
0.01442056,0.00478667339837,2.00477460432,3.27876016153
0.01442256,0.00467596609216,2.00466385769,3.2791277008
0.01442456,0.00456452039671,2.00455237359,3.27949765172
0.01442656,0.00445235391057,2.00444016964,3.27986995517
0.01442856,0.00433948434613,2.00432726354,3.28024455165
0.01443056,0.00422592952681,2.00421367314,3.28062138135
0.01443256,0.00411170738423,2.00409941636,3.28100038408
0.01443456,0.00399683595539,2.00398451125,3.28138149935
0.01443656,0.00388133337981,2.00386897595,3.28176466633
0.01443856,0.00376521789671,2.00375282871,3.28214982389
0.01444056,0.00364850784205,2.00363608786,3.2825369106
0.01444256,0.0035312216457,2.00351877186,3.28292586475
0.01444456,0.00341337782853,2.00340089921,3.28331662433
0.01444656,0.00329499499942,2.00328248853,3.28370912708
0.01444856,0.00317609185241,2.00316355853,3.28410331047
0.01445056,0.00305668716368,2.00304412797,3.28449911174
0.01445256,0.00293679978861,2.00292421573,3.28489646785
0.01445456,0.00281644865881,2.00280384073,3.28529531559
0.01445656,0.00269565277911,2.00268302199,3.28569559148
0.01445856,0.00257443122459,2.00256177858,3.28609723186
0.01446056,0.00245280313754,2.00244012965,3.28650017288
0.01446256,0.00233078772444,2.00231809441,3.28690435047
0.01446456,0.00220840425294,2.00219569214,3.28730970043
0.01446656,0.00208567204881,2.00207294215,3.28771615834
0.01446856,0.00196261049288,2.00194986383,3.28812365968
0.01447056,0.001839239018,2.00182647662,3.28853213974
0.01447256,0.00171557710596,2.0017028,3.2889415337
0.01447456,0.00159164428441,2.00157885351,3.28935177661
0.01447656,0.00146746012378,2.00145465671,3.2897628034
0.01447856,0.00134304423418,2.00133022921,3.29017454891
0.01448056,0.00121841626232,2.00120559067,3.29058694788
0.01448256,0.00109359588842,2.00108076077,3.29099993497
0.01448456,0.000968602823045,2.00095575922,3.29141344476
0.01448656,0.000843456804058,2.00083060576,3.29182741177
0.01448856,0.000718177593463,2.00070532015,3.29224177048
0.01449056,0.000592784974301,2.00057992218,3.29265645532
0.01449256,0.00046729874752,2.00045443164,3.2930714007
0.01449456,0.000341738728849,2.00032886836,3.29348654099
0.01449656,0.000216124745672,2.00020325216,3.29390181057
0.01449856,9.04766338917e-05,2.00007760287,3.29431714382
0.01450056,-3.51857651978e-05,1.99995194035,3.29473247511
0.01450256,-0.000160842608047,1.99982628443,3.29514773887
0.01450456,-0.000286474051984,1.99970065496,3.29556286953
0.01450656,-0.000412060258347,1.99957507177,3.29597780158
0.01450856,-0.000537581395619,1.9994495547,3.29639246954
0.01451056,-0.000663017642556,1.99932412356,3.29680680802
0.01451256,-0.000788349191322,1.99919879817,3.2972207517
0.01451456,-0.000913556250611,1.99907359831,3.29763423533
0.01451656,-0.00103861904878,1.99894854375,3.29804719376
0.01451856,-0.00116351783696,1.99882365424,3.29845956195
0.01452056,-0.00128823289218,1.99869894951,3.29887127496
0.01452256,-0.0014127445205,1.99857444924,3.299282268
0.01452456,-0.00153703306008,1.9984501731,3.29969247638
0.01452656,-0.00166107888432,1.99832614071,3.30010183559
0.01452856,-0.00178486240496,1.99820237165,3.30051028126
0.01453056,-0.00190836407512,1.99807888548,3.30091774917
0.01453256,-0.00203156439248,1.99795570168,3.30132417529
0.01453456,-0.00215444390227,1.99783283972,3.30172949578
0.01453656,-0.00227698320039,1.99771031899,3.30213364698
0.01453856,-0.00239916293647,1.99758815885,3.30253656545
0.01454056,-0.00252096381691,1.99746637857,3.30293818795
0.01454256,-0.00264236660793,1.9973449974,3.30333845147
0.01454456,-0.00276335213864,1.9972240345,3.30373729323
0.01454656,-0.00288390130402,1.99710350897,3.3041346507
0.01454856,-0.00300399506794,1.99698343984,3.3045304616
0.01455056,-0.00312361446622,1.99686384608,3.30492466391
0.01455256,-0.00324274060957,1.99674474657,3.30531719588
0.01455456,-0.00336135468658,1.99662616011,3.30570799605
0.01455656,-0.00347943796673,1.99650810544,3.30609700324
0.01455856,-0.00359697180328,1.99639060119,3.30648415657
0.01456056,-0.00371393763628,1.99627366592,3.30686939549
0.01456256,-0.00383031699549,1.9961573181,3.30725265974
0.01456456,-0.00394609150323,1.9960415761,3.3076338894
0.01456656,-0.00406124287738,1.99592645819,3.30801302489
0.01456856,-0.00417575293421,1.99581198256,3.30839000697
0.01457056,-0.00428960359123,1.99569816728,3.30876477677
0.01457256,-0.00440277687013,1.99558503032,3.30913727575
0.01457456,-0.00451525489951,1.99547258955,3.30950744578
0.01457656,-0.00462701991781,1.99536086272,3.30987522908
0.01457856,-0.00473805427602,1.99524986749,3.31024056828
0.01458056,-0.00484834044054,1.99513962137,3.31060340641
0.01458256,-0.0049578609959,1.99503014177,3.31096368689
0.01458456,-0.00506659864753,1.99492144599,3.31132135356
0.01458656,-0.00517453622451,1.99481355118,3.3116763507
0.01458856,-0.00528165668222,1.99470647439,3.312028623
0.01459056,-0.00538794310513,1.99460023252,3.31237811561
0.01459256,-0.00549337870935,1.99449484235,3.31272477411
0.01459456,-0.0055979468454,1.99439032053,3.31306854456
0.01459656,-0.00570163100074,1.99428668355,3.31340937346
0.01459856,-0.00580441480246,1.99418394779,3.31374720779
0.01460056,-0.00590628201979,1.99408212947,3.31408199502
0.01460256,-0.00600721656672,1.99398124465,3.31441368311
0.01460456,-0.00610720250452,1.99388130929,3.31474222049
0.01460656,-0.00620622404425,1.99378233915,3.31506755613
0.01460856,-0.00630426554926,1.99368434987,3.31538963948
0.01461056,-0.00640131153765,1.99358735691,3.31570842053
0.01461256,-0.00649734668474,1.99349137561,3.31602384978
0.01461456,-0.00659235582548,1.9933964211,3.31633587828
0.01461656,-0.00668632395681,1.99330250839,3.3166444576
0.01461856,-0.00677923624007,1.99320965231,3.31694953988
0.01462056,-0.00687107800335,1.99311786751,3.3172510778
0.01462256,-0.00696183474376,1.9930271685,3.3175490246
0.01462456,-0.00705149212975,1.99293756959,3.3178433341
0.01462656,-0.0071400360034,1.99284908494,3.31813396068
0.01462856,-0.00722745238259,1.99276172852,3.31842085932
0.01463056,-0.00731372746327,1.99267551412,3.31870398557
0.01463256,-0.00739884762159,1.99259045535,3.31898329559
0.01463456,-0.00748279941611,1.99250656565,3.31925874612
0.01463656,-0.00756556958986,1.99242385827,3.31953029454
0.01463856,-0.00764714507246,1.99234234626,3.31979789882
0.01464056,-0.00772751298221,1.9922620425,3.32006151755
0.01464256,-0.00780666062808,1.99218295966,3.32032110995
0.01464456,-0.00788457551174,1.99210511025,3.32057663587
0.01464656,-0.00796124532952,1.99202850654,3.32082805581
0.01464856,-0.00803665797438,1.99195316064,3.3210753309
0.01465056,-0.00811080153778,1.99187908444,3.32131842291
0.01465256,-0.00818366431159,1.99180628964,3.32155729429
0.01465456,-0.00825523478994,1.99173478774,3.32179190813
0.01465656,-0.00832550167102,1.99166459003,3.32202222819
0.01465856,-0.00839445385887,1.99159570759,3.3222482189
0.01466056,-0.00846208046515,1.9915281513,3.32246984537
0.01466256,-0.00852837081082,1.99146193183,3.32268707338
0.01466456,-0.00859331442788,1.99139705964,3.3228998694
0.01466656,-0.00865690106098,1.99133354496,3.3231082006
0.01466856,-0.00871912066904,1.99127139783,3.32331203483
0.01467056,-0.00877996342688,1.99121062806,3.32351134064
0.01467256,-0.00883941972671,1.99115124526,3.3237060873
0.01467456,-0.00889748017969,1.99109325878,3.32389624477
0.01467656,-0.00895413561742,1.9910366778,3.32408178374
0.01467856,-0.00900937709332,1.99098151125,3.32426267559
0.01468056,-0.00906319588415,1.99092776784,3.32443889245
0.01468256,-0.00911558349128,1.99087545605,3.32461040715
0.01468456,-0.00916653164211,1.99082458415,3.32477719328
0.01468656,-0.00921603229133,1.99077516017,3.32493922512
0.01468856,-0.00926407762221,1.99072719191,3.32509647772
0.01469056,-0.00931066004784,1.99068068695,3.32524892686
0.01469256,-0.00935577221233,1.99063565264,3.32539654906
0.01469456,-0.00939940699192,1.99059209608,3.32553932158
0.01469656,-0.00944155749619,1.99055002415,3.32567722244
0.01469856,-0.00948221706907,1.99050944349,3.32581023042
0.01470056,-0.00952137928997,1.99047036052,3.32593832503
0.01470256,-0.00955903797469,1.99043278141,3.32606148657
0.01470456,-0.00959518717651,1.99039671208,3.32617969607
0.01470656,-0.00962982118705,1.99036215824,3.32629293534
0.01470856,-0.00966293453718,1.99032912535,3.32640118696
0.01471056,-0.00969452199794,1.99029761861,3.32650443428
0.01471256,-0.00972457858129,1.990267643,3.3266026614
0.01471456,-0.00975309954095,1.99023920327,3.32669585323
0.01471656,-0.00978008037313,1.99021230389,3.32678399542
0.01471856,-0.00980551681724,1.99018694911,3.32686707442
0.01472056,-0.00982940485659,1.99016314295,3.32694507745
0.01472256,-0.00985174071895,1.99014088915,3.32701799251
0.01472456,-0.00987252087726,1.99012019124,3.3270858084
0.01472656,-0.00989174205007,1.99010105248,3.32714851468
0.01472856,-0.00990940120214,1.99008347589,3.32720610171
0.01473056,-0.00992549554489,1.99006746425,3.32725856065
0.01473256,-0.00994002253684,1.99005302009,3.32730588341
0.01473456,-0.00995297988399,1.99004014569,3.32734806273
0.01473656,-0.00996436554025,1.99002884308,3.32738509213
0.01473856,-0.00997417770767,1.99001911404,3.32741696591
0.01474056,-0.00998241483681,1.99001096012,3.32744367917
0.01474256,-0.00998907562693,1.9900043826,3.32746522781
0.01474456,-0.00999415902621,1.98999938252,3.3274816085
0.01474656,-0.00999766423192,1.98999596067,3.32749281875
0.01474856,-0.00999959069056,1.98999411758,3.32749885681
0.01475056,-0.0099999380979,1.98999385356,3.32749972177
0.01475256,-0.0099987063991,1.98999516864,3.32749541349
0.01475456,-0.00999589578865,1.98999806261,3.32748593263
0.01475656,-0.00999150671038,1.99000253502,3.32747128066
0.01475856,-0.00998553985737,1.99000858516,3.32745145981
0.01476056,-0.00997799617186,1.99001621207,3.32742647315
0.01476256,-0.00996887684509,1.99002541456,3.3273963245
0.01476456,-0.0099581833171,1.99003619116,3.32736101851
0.01476656,-0.00994591727653,1.99004854019,3.3273205606
0.01476856,-0.00993208066032,1.99006245967,3.32727495699
0.01477056,-0.00991667565344,1.99007794743,3.32722421469
0.01477256,-0.00989970468851,1.99009500101,3.32716834151
0.01477456,-0.00988117044546,1.99011361771,3.32710734603
0.01477656,-0.00986107585104,1.99013379461,3.32704123763
0.01477856,-0.00983942407844,1.99015552851,3.32697002648
0.01478056,-0.00981621854671,1.99017881598,3.32689372353
0.01478256,-0.00979146292028,1.99020365335,3.32681234051
0.01478456,-0.00976516110835,1.99023003669,3.32672588993
0.01478656,-0.00973731726427,1.99025796183,3.3266343851
0.01478856,-0.00970793578493,1.99028742437,3.32653784009
0.01479056,-0.00967702130998,1.99031841965,3.32643626975
0.01479256,-0.00964457872119,1.99035094279,3.3263296897
0.01479456,-0.00961061314162,1.99038498863,3.32621811635
0.01479656,-0.00957512993482,1.99042055182,3.32610156686
0.01479856,-0.00953813470401,1.99045762672,3.32598005916
0.01480056,-0.00949963329115,1.99049620749,3.32585361196
0.01480256,-0.00945963177608,1.99053628804,3.32572224472
0.01480456,-0.00941813647549,1.99057786203,3.32558597766
0.01480656,-0.00937515394197,1.9906209229,3.32544483175
0.01480856,-0.00933069096297,1.99066546386,3.32529882874
0.01481056,-0.00928475455969,1.99071147786,3.32514799109
0.01481256,-0.00923735198604,1.99075895764,3.32499234205
0.01481456,-0.00918849072743,1.9908078957,3.32483190558
0.01481656,-0.00913817849962,1.99085828432,3.3246667064
0.01481856,-0.00908642324749,1.99091011554,3.32449676996
0.01482056,-0.00903323314379,1.99096338117,3.32432212245
0.01482256,-0.00897861658786,1.9910180728,3.32414279078
0.01482456,-0.00892258220429,1.9910741818,3.3239588026
0.01482656,-0.00886513884156,1.9911316993,3.32377018625
0.01482856,-0.00880629557064,1.99119061623,3.32357697084
0.01483056,-0.00874606168356,1.99125092328,3.32337918614
0.01483256,-0.00868444669195,1.99131261092,3.32317686267
0.01483456,-0.00862146032554,1.99137566942,3.32297003164
0.01483656,-0.00855711253059,1.99144008882,3.32275872495
0.01483856,-0.00849141346839,1.99150585894,3.32254297522
0.01484056,-0.00842437351356,1.9915729694,3.32232281574
0.01484256,-0.00835600325249,1.9916414096,3.3220982805
0.01484456,-0.00828631348164,1.99171116873,3.32186940416
0.01484656,-0.00821531520584,1.99178223579,3.32163622207
0.01484856,-0.00814301963653,1.99185459954,3.32139877024
0.01485056,-0.00806943819003,1.99192824855,3.32115708536
0.01485256,-0.00799458248569,1.99200317121,3.32091120478
0.01485456,-0.0079184643441,1.99207935568,3.32066116648
0.01485656,-0.00784109578519,1.99215678992,3.32040700913
0.01485856,-0.00776248902637,1.99223546171,3.32014877202
0.01486056,-0.00768265648054,1.99231535863,3.31988649508
0.01486256,-0.00760161075419,1.99239646805,3.31962021889
0.01486456,-0.00751936464538,1.99247877718,3.31934998463
0.01486656,-0.00743593114173,1.99256227301,3.31907583413
0.01486856,-0.00735132341836,1.99264694237,3.31879780982
0.01487056,-0.00726555483579,1.99273277187,3.31851595475
0.01487256,-0.00717863893789,1.99281974796,3.31823031256
0.01487456,-0.00709058944969,1.99290785692,3.3179409275
0.01487656,-0.00700142027521,1.99299708482,3.31764784439
0.01487856,-0.00691114549531,1.99308741758,3.31735110866
0.01488056,-0.00681977936542,1.99317884094,3.3170507663
0.01488256,-0.00672733631331,1.99327134045,3.31674686388
0.01488456,-0.00663383093682,1.99336490151,3.31643944853
0.01488656,-0.00653927800151,1.99345950934,3.31612856793
0.01488856,-0.0064436924384,1.99355514901,3.31581427032
0.01489056,-0.00634708934156,1.99365180541,3.31549660449
0.01489256,-0.00624948396574,1.99374946328,3.31517561973
0.01489456,-0.00615089172395,1.9938481072,3.31485136591
0.01489656,-0.00605132818505,1.99394772159,3.31452389337
0.01489856,-0.00595080907128,1.99404829072,3.31419325301
0.01490056,-0.00584935025578,1.99414979871,3.3138594962
0.01490256,-0.00574696776006,1.99425222953,3.31352267483
0.01490456,-0.00564367775152,1.994355567,3.31318284127
0.01490656,-0.00553949654083,1.99445979482,3.31284004838
0.01490856,-0.00543444057942,1.99456489651,3.31249434948
0.01491056,-0.00532852645685,1.99467085548,3.31214579839
0.01491256,-0.00522177089818,1.99477765501,3.31179444935
0.01491456,-0.00511419076135,1.99488527821,3.31144035708
0.01491656,-0.00500580303452,1.99499370811,3.31108357673
0.01491856,-0.00489662483335,1.99510292758,3.31072416388
0.01492056,-0.00478667339837,1.99521291936,3.31036217456
0.01492256,-0.00467596609216,1.9953236661,3.3099976652
0.01492456,-0.0045645203967,1.9954351503,3.30963069264
0.01492656,-0.00445235391056,1.99554735436,3.30926131412
0.01492856,-0.00433948434613,1.99566026056,3.30888958727
0.01493056,-0.0042259295268,1.99577385107,3.30851557013
0.01493256,-0.00411170738422,1.99588810795,3.30813932109
0.01493456,-0.00399683595538,1.99600301317,3.3077608989
0.01493656,-0.00388133337981,1.99611854857,3.30738036269
0.01493856,-0.0037652178967,1.99623469592,3.30699777193
0.01494056,-0.00364850784204,1.99635143686,3.30661318642
0.01494256,-0.0035312216457,1.99646875298,3.30622666631
0.01494456,-0.00341337782852,1.99658662573,3.30583827205
0.01494656,-0.00329499499942,1.99670503651,3.30544806442
0.01494856,-0.00317609185241,1.99682396662,3.30505610449
0.01495056,-0.00305668716367,1.99694339728,3.30466245364
0.01495256,-0.0029367997886,1.99706330962,3.30426717351
0.01495456,-0.0028164486588,1.99718368472,3.30387032604
0.01495656,-0.00269565277911,1.99730450357,3.30347197342
0.01495856,-0.00257443122459,1.99742574708,3.30307217809
0.01496056,-0.00245280313754,1.99754739611,3.30267100277
0.01496256,-0.00233078772444,1.99766943146,3.30226851038
0.01496456,-0.00220840425294,1.99779183384,3.30186476407
0.01496656,-0.0020856720488,1.99791458393,3.30145982724
0.01496856,-0.00196261049287,1.99803766236,3.30105376346
0.01497056,-0.001839239018,1.99816104967,3.30064663652
0.01497256,-0.00171557710596,1.99828472639,3.30023851039
0.01497456,-0.00159164428441,1.99840867299,3.29982944922
0.01497656,-0.00146746012377,1.99853286989,3.29941951733
0.01497856,-0.00134304423417,1.99865729749,3.29900877919
0.01498056,-0.00121841626232,1.99878193613,3.29859729942
0.01498256,-0.00109359588841,1.99890676614,3.29818514279
0.01498456,-0.000968602823041,1.99903176779,3.29777237419
0.01498656,-0.000843456804053,1.99915692136,3.29735905863
0.01498856,-0.000718177593459,1.99928220707,3.29694526121
0.01499056,-0.000592784974297,1.99940760515,3.29653104716
0.01499256,-0.000467298747516,1.99953309579,3.29611648177
0.01499456,-0.000341738728845,1.99965865918,3.29570163042
0.01499656,-0.000216124745668,1.99978427548,3.29528655855
0.01499856,-9.04766338876e-05,1.99990992487,3.29487133167
0.01500056,3.51857652019e-05,2.00003558749,3.29445601531
0.01500256,0.000160842608051,2.00016124352,3.29404067507
0.01500456,0.000286474051988,2.00028687309,3.29362537654
0.01500656,0.000412060258351,2.00041245639,3.29321018535
0.01500856,0.000537581395623,2.00053797356,3.29279516713
0.01501056,0.00066301764256,2.0006634048,3.2923803875
0.01501256,0.000788349191326,2.0007887303,3.29196591207
0.01501456,0.000913556250615,2.00091393027,3.29155180641
0.01501656,0.00103861904878,2.00103898493,3.29113813606
0.01501856,0.00116351783696,2.00116387454,3.29072496652
0.01502056,0.00128823289219,2.00128857937,3.29031236322
0.01502256,0.0014127445205,2.00141307975,3.28990039154
0.01502456,0.00153703306009,2.00153735599,3.28948911675
0.01502656,0.00166107888433,2.00166138849,3.28907860407
0.01502856,0.00178486240496,2.00178515765,3.28866891859
0.01503056,0.00190836407513,2.00190864393,3.2882601253
0.01503256,0.00203156439248,2.00203182783,3.28785228906
0.01503456,0.00215444390227,2.00215468989,3.28744547463
0.01503656,0.00227698320039,2.00227721072,3.28703974658
0.01503856,0.00239916293647,2.00239937097,3.28663516938
0.01504056,0.00252096381691,2.00252115135,3.28623180729
0.01504256,0.00264236660794,2.00264253263,3.28582972443
0.01504456,0.00276335213865,2.00276349563,3.28542898473
0.01504656,0.00288390130402,2.00288402127,3.28502965191
0.01504856,0.00300399506795,2.0030040905,3.28463178951
0.01505056,0.00312361446623,2.00312368436,3.28423546084
0.01505256,0.00324274060957,2.00324278398,3.28384072899
0.01505456,0.00336135468659,2.00336137054,3.28344765681
0.01505656,0.00347943796673,2.00347942532,3.28305630692
0.01505856,0.00359697180328,2.00359692967,3.28266674166
0.01506056,0.00371393763629,2.00371386504,3.28227902314
0.01506256,0.00383031699549,2.00383021297,3.28189321315
0.01506456,0.00394609150324,2.00394595507,3.28150937324
0.01506656,0.00406124287739,2.00406107308,3.28112756463
0.01506856,0.00417575293421,2.00417554882,3.28074784824
0.01507056,0.00428960359124,2.00428936421,3.28037028469
0.01507256,0.00440277687013,2.00440250127,3.27999493426
0.01507456,0.00451525489952,2.00451494214,3.2796218569
0.01507656,0.00462701991781,2.00462666907,3.27925111221
0.01507856,0.00473805427603,2.00473766441,3.27888275943
0.01508056,0.00484834044054,2.00484791064,3.27851685746
0.01508256,0.0049578609959,2.00495739034,3.27815346478
0.01508456,0.00506659864754,2.00506608622,3.27779263954
0.01508656,0.00517453622451,2.00517398113,3.27743443944
0.01508856,0.00528165668223,2.00528105803,3.27707892182
0.01509056,0.00538794310513,2.0053873,3.27672614358
0.01509256,0.00549337870936,2.00549269027,3.27637616121
0.01509456,0.0055979468454,2.0055972122,3.27602903076
0.01509656,0.00570163100075,2.00570084928,3.27568480785
0.01509856,0.00580441480246,2.00580358515,3.27534354763
0.01510056,0.0059062820198,2.00590540358,3.27500530479
0.01510256,0.00600721656673,2.00600628849,3.27467013359
0.01510456,0.00610720250453,2.00610622396,3.27433808775
0.01510656,0.00620622404425,2.0062051942,3.27400922055
0.01510856,0.00630426554926,2.00630318359,3.27368358476
0.01511056,0.00640131153765,2.00640017665,3.27336123264
0.01511256,0.00649734668475,2.00649615806,3.27304221593
0.01511456,0.00659235582548,2.00659111267,3.27272658586
0.01511656,0.00668632395681,2.00668502548,3.27241439312
0.01511856,0.00677923624008,2.00677788167,3.27210568787
0.01512056,0.00687107800335,2.00686966657,3.27180051972
0.01512256,0.00696183474376,2.00696036569,3.2714989377
0.01512456,0.00705149212975,2.00704996469,3.2712009903
0.01512656,0.0071400360034,2.00713844945,3.27090672543
0.01512856,0.00722745238259,2.00722580598,3.27061619043
0.01513056,0.00731372746327,2.00731202048,3.27032943202
0.01513256,0.0073988476216,2.00739707935,3.27004649635
0.01513456,0.00748279941611,2.00748096916,3.26976742895
0.01513656,0.00756556958986,2.00756367665,3.26949227475
0.01513856,0.00764714507246,2.00764518876,3.26922107804
0.01514056,0.00772751298221,2.00772549262,3.26895388251
0.01514256,0.00780666062808,2.00780457556,3.2686907312
0.01514456,0.00788457551174,2.00788242508,3.26843166648
0.01514656,0.00796124532952,2.00795902889,3.26817673012
0.01514856,0.00803665797438,2.0080343749,3.2679259632
0.01515056,0.00811080153778,2.0081084512,3.26767940614
0.01515256,0.00818366431159,2.0081812461,3.2674370987
0.01515456,0.00825523478994,2.0082527481,3.26719907995
0.01515656,0.00832550167102,2.00832294592,3.26696538828
0.01515856,0.00839445385887,2.00839182846,3.26673606139
0.01516056,0.00846208046515,2.00845938486,3.26651113628
0.01516256,0.00852837081083,2.00852560443,3.26629064925
0.01516456,0.00859331442789,2.00859047673,3.26607463588
0.01516656,0.00865690106098,2.00865399151,3.26586313105
0.01516856,0.00871912066905,2.00871613874,3.26565616891
0.01517056,0.00877996342688,2.00877690861,3.26545378287
0.01517256,0.00883941972671,2.00883629153,3.26525600562
0.01517456,0.0088974801797,2.0088942781,3.2650628691
0.01517656,0.00895413561742,2.00895085918,3.26487440453
0.01517856,0.00900937709333,2.00900602584,3.26469064235
0.01518056,0.00906319588415,2.00905976936,3.26451161225
0.01518256,0.00911558349128,2.00911208125,3.26433734317
0.01518456,0.00916653164211,2.00916295325,3.26416786329
0.01518656,0.00921603229133,2.00921237734,3.26400319999
0.01518856,0.00926407762221,2.0092603457,3.2638433799
0.01519056,0.00931066004785,2.00930685076,3.26368842887
0.01519256,0.00935577221233,2.00935188518,3.26353837196
0.01519456,0.00939940699192,2.00939544185,3.26339323342
0.01519656,0.00944155749619,2.00943751388,3.26325303676
0.01519856,0.00948221706908,2.00947809464,3.26311780463
0.01520056,0.00952137928997,2.00951717771,3.26298755892
0.01520256,0.0095590379747,2.00955475693,3.26286232071
0.01520456,0.00959518717651,2.00959082636,3.26274211027
0.01520656,0.00962982118705,2.0096253803,3.26262694704
0.01520856,0.00966293453718,2.0096584133,3.26251684967
0.01521056,0.00969452199794,2.00968992015,3.26241183598
0.01521256,0.00972457858129,2.00971989585,3.26231192297
0.01521456,0.00975309954095,2.0097483357,3.26221712681
0.01521656,0.00978008037313,2.00977523518,3.26212746285
0.01521856,0.00980551681724,2.00980059006,3.26204294561
0.01522056,0.00982940485659,2.00982439633,3.26196358877
0.01522256,0.00985174071896,2.00984665023,3.26188940519
0.01522456,0.00987252087726,2.00986734824,3.26182040688
0.01522656,0.00989174205007,2.00988648711,3.26175660501
0.01522856,0.00990940120214,2.0099040638,3.26169800991
0.01523056,0.00992549554489,2.00992007554,3.26164463109
0.01523256,0.00994002253684,2.00993451981,3.26159647718
0.01523456,0.00995297988399,2.00994739431,3.26155355598
0.01523656,0.00996436554025,2.00995869703,3.26151587444
0.01523856,0.00997417770767,2.00996842616,3.26148343868
0.01524056,0.00998241483681,2.00997658019,3.26145625394
0.01524256,0.00998907562693,2.00998315781,3.26143432463
0.01524456,0.00999415902621,2.009988158,3.2614176543
0.01524656,0.00999766423192,2.00999157996,3.26140624565
0.01524856,0.00999959069056,2.00999342314,3.26140010054
0.01525056,0.0099999380979,2.00999368727,3.26139921994
0.01525256,0.0099987063991,2.0099923723,3.26140360402
0.01525456,0.00999589578865,2.00998947843,3.26141325205
0.01525656,0.00999150671038,2.00998500612,3.26142816248
0.01525856,0.00998553985737,2.00997895609,3.26144833289
0.01526056,0.00997799617186,2.00997132928,3.26147376
0.01526256,0.00996887684509,2.00996212689,3.26150443972
0.01526456,0.0099581833171,2.00995135039,3.26154036705
0.01526656,0.00994591727653,2.00993900148,3.26158153618
0.01526856,0.00993208066032,2.00992508209,3.26162794045
0.01527056,0.00991667565344,2.00990959444,3.26167957233
0.01527256,0.00989970468851,2.00989254097,3.26173642347
0.01527456,0.00988117044546,2.00987392436,3.26179848465
0.01527656,0.00986107585104,2.00985374757,3.26186574583
0.01527856,0.00983942407844,2.00983201377,3.2619381961
0.01528056,0.00981621854671,2.00980872641,3.26201582374
0.01528256,0.00979146292028,2.00978388914,3.26209861618
0.01528456,0.00976516110835,2.00975750591,3.26218656
0.01528656,0.00973731726427,2.00972958087,3.26227964097
0.01528856,0.00970793578493,2.00970011843,3.26237784403
0.01529056,0.00967702130998,2.00966912325,3.26248115326
0.01529256,0.00964457872119,2.00963660022,3.26258955195
0.01529456,0.00961061314162,2.00960255448,3.26270302254
0.01529656,0.00957512993482,2.0095669914,3.26282154668
0.01529856,0.00953813470401,2.0095299166,3.26294510518
0.01530056,0.00949963329115,2.00949133593,3.26307367805
0.01530256,0.00945963177608,2.00945125549,3.26320724448
0.01530456,0.00941813647549,2.0094096816,3.26334578285
0.01530656,0.00937515394197,2.00936662083,3.26348927076
0.01530856,0.00933069096297,2.00932207998,3.263637685
0.01531056,0.00928475455969,2.00927606609,3.26379100156
0.01531256,0.00923735198604,2.00922858641,3.26394919564
0.01531456,0.00918849072743,2.00917964845,3.26411224166
0.01531656,0.00913817849962,2.00912925994,3.26428011327
0.01531856,0.00908642324748,2.00907742882,3.26445278331
0.01532056,0.00903323314379,2.0090241633,3.26463022388
0.01532256,0.00897861658786,2.00896947177,3.2648124063
0.01532456,0.00892258220429,2.00891336287,3.26499930113
0.01532656,0.00886513884156,2.00885584547,3.26519087816
0.01532856,0.00880629557064,2.00879692865,3.26538710645
0.01533056,0.00874606168356,2.0087366217,3.2655879543
0.01533256,0.00868444669195,2.00867493416,3.26579338927
0.01533456,0.00862146032553,2.00861187577,3.26600337818
0.01533656,0.00855711253059,2.00854745648,3.26621788713
0.01533856,0.00849141346838,2.00848168646,3.26643688148
0.01534056,0.00842437351355,2.0084145761,3.2666603259
0.01534256,0.00835600325249,2.00834613601,3.26688818432
0.01534456,0.00828631348164,2.00827637698,3.26712041996
0.01534656,0.00821531520584,2.00820531003,3.26735699538
0.01534856,0.00814301963653,2.00813294638,3.2675978724
0.01535056,0.00806943819002,2.00805929747,3.26784301219
0.01535256,0.00799458248568,2.00798437491,3.26809237521
0.01535456,0.00791846434409,2.00790819055,3.26834592126
0.01535656,0.00784109578519,2.00783075642,3.26860360948
0.01535856,0.00776248902636,2.00775208473,3.26886539834
0.01536056,0.00768265648053,2.00767218791,3.26913124567
0.01536256,0.00760161075419,2.00759107859,3.26940110863
0.01536456,0.00751936464538,2.00750876957,3.26967494377
0.01536656,0.00743593114173,2.00742527384,3.26995270699
0.01536856,0.00735132341835,2.00734060459,3.27023435358
0.01537056,0.00726555483579,2.00725477519,3.2705198382
0.01537256,0.00717863893789,2.0071677992,3.27080911492
0.01537456,0.00709058944968,2.00707969035,3.2711021372
0.01537656,0.00700142027521,2.00699046255,3.2713988579
0.01537856,0.00691114549531,2.00690012989,3.27169922932
0.01538056,0.00681977936542,2.00680870664,3.27200320315
0.01538256,0.00672733631331,2.00671620723,3.27231073054
0.01538456,0.00663383093681,2.00662264628,3.27262176207
0.01538656,0.00653927800151,2.00652803855,3.27293624776
0.01538856,0.0064436924384,2.00643239898,3.27325413712
0.01539056,0.00634708934156,2.00633574269,3.27357537907
0.01539256,0.00624948396573,2.00623808492,3.27389992206
0.01539456,0.00615089172394,2.00613944111,3.27422771399
0.01539656,0.00605132818504,2.00603982682,3.27455870227
0.01539856,0.00595080907128,2.00593925779,3.27489283378
0.01540056,0.00584935025577,2.00583774991,3.27523005495
0.01540256,0.00574696776006,2.00573531919,3.27557031171
0.01540456,0.00564367775151,2.00563198182,3.2759135495
0.01540656,0.00553949654082,2.00552775411,3.27625971333
0.01540856,0.00543444057942,2.00542265252,3.27660874772
0.01541056,0.00532852645685,2.00531669365,3.27696059678
0.01541256,0.00522177089818,2.00520989423,3.27731520416
0.01541456,0.00511419076135,2.00510227113,3.2776725131
0.01541656,0.00500580303451,2.00499384133,3.27803246641
0.01541856,0.00489662483335,2.00488462197,3.27839500649
0.01542056,0.00478667339836,2.00477463029,3.27876007536
0.01542256,0.00467596609216,2.00466388366,3.27912761463
0.01542456,0.0045645203967,2.00455239956,3.27949756556
0.01542656,0.00445235391056,2.0044401956,3.27986986902
0.01542856,0.00433948434612,2.00432728951,3.28024446552
0.01543056,0.0042259295268,2.0042136991,3.28062129522
0.01543256,0.00411170738422,2.00409944232,3.28100029796
0.01543456,0.00399683595538,2.00398453721,3.28138141324
0.01543656,0.00388133337981,2.00386900191,3.28176458023
0.01543856,0.0037652178967,2.00375285467,3.2821497378
0.01544056,0.00364850784204,2.00363611383,3.28253682452
0.01544256,0.0035312216457,2.00351879782,3.28292577868
0.01544456,0.00341337782852,2.00340092517,3.28331653827
0.01544656,0.00329499499942,2.00328251449,3.28370904103
0.01544856,0.0031760918524,2.00316358449,3.28410322443
0.01545056,0.00305668716367,2.00304415393,3.2844990257
0.01545256,0.0029367997886,2.00292424169,3.28489638183
0.01545456,0.0028164486588,2.00280386669,3.28529522957
0.01545656,0.0026956527791,2.00268304795,3.28569550547
0.01545856,0.00257443122459,2.00256180454,3.28609714587
0.01546056,0.00245280313753,2.00244015561,3.28650008689
0.01546256,0.00233078772443,2.00231812037,3.2869042645
0.01546456,0.00220840425293,2.0021957181,3.28730961446
0.01546656,0.0020856720488,2.00207296811,3.28771607239
0.01546856,0.00196261049287,2.00194988979,3.28812357373
0.01547056,0.00183923901799,2.00182650258,3.2885320538
0.01547256,0.00171557710595,2.00170282596,3.28894144777
0.01547456,0.0015916442844,2.00157887946,3.28935169069
0.01547656,0.00146746012377,2.00145468266,3.28976271749
0.01547856,0.00134304423417,2.00133025517,3.29017446302
0.01548056,0.00121841626232,2.00120561663,3.290586862
0.01548256,0.00109359588841,2.00108078673,3.29099984909
0.01548456,0.000968602823037,2.00095578518,3.29141335889
0.01548656,0.000843456804049,2.00083063172,3.29182732591
0.01548856,0.000718177593455,2.00070534611,3.29224168464
0.01549056,0.000592784974293,2.00057994813,3.29265636949
0.01549256,0.000467298747511,2.0004544576,3.29307131487
0.01549456,0.000341738728841,2.00032889431,3.29348645517
0.01549656,0.000216124745664,2.00020327811,3.29390172477
0.01549856,9.04766338834e-05,2.00007762883,3.29431705802
0.01550056,-3.51857652061e-05,1.99995196631,3.29473238933
0.01550256,-0.000160842608055,1.99982631039,3.2951476531
0.01550456,-0.000286474051992,1.99970068092,3.29556278377
0.01550656,-0.000412060258355,1.99957509773,3.29597771582
0.01550856,-0.000537581395627,1.99944958065,3.2963923838
0.01551056,-0.000663017642564,1.99932414952,3.29680672229
0.01551256,-0.00078834919133,1.99919882412,3.29722066598
0.01551456,-0.000913556250619,1.99907362426,3.29763414962
0.01551656,-0.00103861904879,1.9989485697,3.29804710806
0.01551856,-0.00116351783697,1.9988236802,3.29845947625
0.01552056,-0.00128823289219,1.99869897547,3.29887118928
0.01552256,-0.00141274452051,1.9985744752,3.29928218232
0.01552456,-0.00153703306009,1.99845019906,3.29969239072
0.01552656,-0.00166107888433,1.99832616666,3.30010174994
0.01552856,-0.00178486240496,1.99820239761,3.30051019562
0.01553056,-0.00190836407513,1.99807891143,3.30091766353
0.01553256,-0.00203156439249,1.99795572764,3.30132408967
0.01553456,-0.00215444390228,1.99783286567,3.30172941017
0.01553656,-0.0022769832004,1.99771034495,3.30213356138
0.01553856,-0.00239916293648,1.9975881848,3.30253647986
0.01554056,-0.00252096381691,1.99746640452,3.30293810237
0.01554256,-0.00264236660794,1.99734502335,3.3033383659
0.01554456,-0.00276335213865,1.99722406045,3.30373720767
0.01554656,-0.00288390130402,1.99710353492,3.30413456515
0.01554856,-0.00300399506795,1.99698346579,3.30453037606
0.01555056,-0.00312361446623,1.99686387203,3.30492457838
0.01555256,-0.00324274060958,1.99674477252,3.30531711036
0.01555456,-0.00336135468659,1.99662618606,3.30570791053
0.01555656,-0.00347943796673,1.99650813139,3.30609691773
0.01555856,-0.00359697180329,1.99639062714,3.30648407108
0.01556056,-0.00371393763629,1.99627369187,3.30686931
0.01556256,-0.00383031699549,1.99615734405,3.30725257426
0.01556456,-0.00394609150324,1.99604160205,3.30763380393
0.01556656,-0.00406124287739,1.99592648414,3.30801293943
0.01556856,-0.00417575293421,1.99581200851,3.30838992153
0.01557056,-0.00428960359124,1.99569819322,3.30876469133
0.01557256,-0.00440277687013,1.99558505627,3.30913719032
0.01557456,-0.00451525489952,1.9954726155,3.30950736036
0.01557656,-0.00462701991782,1.99536088867,3.30987514367
0.01557856,-0.00473805427603,1.99524989343,3.31024048288
0.01558056,-0.00484834044055,1.99513964731,3.31060332102
0.01558256,-0.00495786099591,1.99503016772,3.3109636015
0.01558456,-0.00506659864754,1.99492147193,3.31132126818
0.01558656,-0.00517453622451,1.99481357713,3.31167626533
0.01558856,-0.00528165668223,1.99470650034,3.31202853764
0.01559056,-0.00538794310513,1.99460025847,3.31237803026
0.01559256,-0.00549337870936,1.9944948683,3.31272468877
0.01559456,-0.00559794684541,1.99439034648,3.31306845923
0.01559656,-0.00570163100075,1.9942867095,3.31340928813
0.01559856,-0.00580441480247,1.99418397374,3.31374712247
0.01560056,-0.0059062820198,1.99408215541,3.31408190971
0.01560256,-0.00600721656673,1.9939812706,3.31441359781
0.01560456,-0.00610720250453,1.99388133523,3.3147421352
0.01560656,-0.00620622404426,1.9937823651,3.31506747084
0.01560856,-0.00630426554926,1.99368437581,3.3153895542
0.01561056,-0.00640131153766,1.99358738286,3.31570833526
0.01561256,-0.00649734668475,1.99349140155,3.31602376452
0.01561456,-0.00659235582549,1.99339644704,3.31633579303
0.01561656,-0.00668632395681,1.99330253433,3.31664437236
0.01561856,-0.00677923624008,1.99320967825,3.31694945465
0.01562056,-0.00687107800335,1.99311789345,3.31725099257
0.01562256,-0.00696183474376,1.99302719444,3.31754893938
0.01562456,-0.00705149212976,1.99293759554,3.31784324889
0.01562656,-0.0071400360034,1.99284911088,3.31813387548
0.01562856,-0.00722745238259,1.99276175446,3.31842077412
0.01563056,-0.00731372746327,1.99267554006,3.31870390038
0.01563256,-0.0073988476216,1.99259048129,3.3189832104
0.01563456,-0.00748279941611,1.99250659159,3.31925866095
0.01563656,-0.00756556958986,1.99242388421,3.31953020937
0.01563856,-0.00764714507246,1.9923423722,3.31979781366
0.01564056,-0.00772751298221,1.99226206844,3.32006143239
0.01564256,-0.00780666062808,1.9921829856,3.3203210248
0.01564456,-0.00788457551174,1.99210513619,3.32057655073
0.01564656,-0.00796124532953,1.99202853248,3.32082797068
0.01564856,-0.00803665797438,1.99195318658,3.32107524577
0.01565056,-0.00811080153778,1.99187911038,3.32131833779
0.01565256,-0.00818366431159,1.99180631558,3.32155720918
0.01565456,-0.00825523478994,1.99173481368,3.32179182302
0.01565656,-0.00832550167102,1.99166461597,3.32202214309
0.01565856,-0.00839445385887,1.99159573353,3.3222481338
0.01566056,-0.00846208046515,1.99152817724,3.32246976028
0.01566256,-0.00852837081083,1.99146195777,3.32268698829
0.01566456,-0.00859331442789,1.99139708557,3.32289978432
0.01566656,-0.00865690106098,1.9913335709,3.32310811552
0.01566856,-0.00871912066905,1.99127142377,3.32331194975
0.01567056,-0.00877996342688,1.991210654,3.32351125557
0.01567256,-0.00883941972671,1.99115127119,3.32370600224
0.01567456,-0.0088974801797,1.99109328472,3.32389615972
0.01567656,-0.00895413561742,1.99103670374,3.32408169869
0.01567856,-0.00900937709333,1.99098153719,3.32426259054
0.01568056,-0.00906319588415,1.99092779378,3.32443880741
0.01568256,-0.00911558349128,1.99087548199,3.32461032212
0.01568456,-0.00916653164211,1.99082461009,3.32477710824
0.01568656,-0.00921603229133,1.99077518611,3.32493914009
0.01568856,-0.00926407762221,1.99072721785,3.3250963927
0.01569056,-0.00931066004785,1.99068071289,3.32524884184
0.01569256,-0.00935577221233,1.99063567857,3.32539646404
0.01569456,-0.00939940699192,1.99059212201,3.32553923657
0.01569656,-0.00944155749619,1.99055005008,3.32567713744
0.01569856,-0.00948221706908,1.99050946943,3.32581014542
0.01570056,-0.00952137928997,1.99047038646,3.32593824003
0.01570256,-0.0095590379747,1.99043280734,3.32606140157
0.01570456,-0.00959518717651,1.99039673802,3.32617961107
0.01570656,-0.00962982118705,1.99036218418,3.32629285035
0.01570856,-0.00966293453718,1.99032915128,3.32640110197
0.01571056,-0.00969452199794,1.99029764454,3.32650434929
0.01571256,-0.00972457858129,1.99026766894,3.32660257642
0.01571456,-0.00975309954095,1.9902392292,3.32669576825
0.01571656,-0.00978008037313,1.99021232982,3.32678391045
0.01571856,-0.00980551681724,1.99018697504,3.32686698945
0.01572056,-0.00982940485659,1.99016316888,3.32694499248
0.01572256,-0.00985174071895,1.99014091508,3.32701790755
0.01572456,-0.00987252087726,1.99012021717,3.32708572343
0.01572656,-0.00989174205007,1.99010107841,3.32714842972
0.01572856,-0.00990940120214,1.99008350182,3.32720601675
0.01573056,-0.00992549554489,1.99006749018,3.32725847569
0.01573256,-0.00994002253684,1.99005304602,3.32730579845
0.01573456,-0.00995297988399,1.99004017162,3.32734797778
0.01573656,-0.00996436554025,1.99002886901,3.32738500718
0.01573856,-0.00997417770767,1.99001913997,3.32741688096
0.01574056,-0.00998241483681,1.99001098605,3.32744359422
0.01574256,-0.00998907562693,1.99000440853,3.32746514286
0.01574456,-0.00999415902621,1.98999940845,3.32748152356
0.01574656,-0.00999766423192,1.9899959866,3.3274927338
0.01574856,-0.00999959069056,1.98999414351,3.32749877187
0.01575056,-0.0099999380979,1.98999387949,3.32749963683
0.01575256,-0.0099987063991,1.98999519457,3.32749532855
0.01575456,-0.00999589578865,1.98999808854,3.32748584769
0.01575656,-0.00999150671038,1.99000256095,3.32747119571
0.01575856,-0.00998553985737,1.99000861109,3.32745137487
0.01576056,-0.00997799617186,1.990016238,3.3274263882
0.01576256,-0.00996887684509,1.99002544049,3.32739623956
0.01576456,-0.0099581833171,1.99003621709,3.32736093356
0.01576656,-0.00994591727653,1.99004856611,3.32732047565
0.01576856,-0.00993208066032,1.9900624856,3.32727487205
0.01577056,-0.00991667565344,1.99007797335,3.32722412975
0.01577256,-0.00989970468851,1.99009502693,3.32716825656
0.01577456,-0.00988117044546,1.99011364364,3.32710726108
0.01577656,-0.00986107585104,1.99013382054,3.32704115269
0.01577856,-0.00983942407844,1.99015555444,3.32696994153
0.01578056,-0.00981621854671,1.99017884191,3.32689363858
0.01578256,-0.00979146292028,1.99020367927,3.32681225556
0.01578456,-0.00976516110835,1.99023006261,3.32672580498
0.01578656,-0.00973731726427,1.99025798776,3.32663430015
0.01578856,-0.00970793578493,1.9902874503,3.32653775514
0.01579056,-0.00967702130998,1.99031844558,3.32643618479
0.01579256,-0.00964457872119,1.99035096871,3.32632960475
0.01579456,-0.00961061314162,1.99038501456,3.32621803139
0.01579656,-0.00957512993482,1.99042057774,3.3261014819
0.01579856,-0.00953813470401,1.99045765265,3.3259799742
0.01580056,-0.00949963329115,1.99049623342,3.325853527
0.01580256,-0.00945963177608,1.99053631396,3.32572215975
0.01580456,-0.00941813647549,1.99057788796,3.32558589269
0.01580656,-0.00937515394197,1.99062094883,3.32544474678
0.01580856,-0.00933069096297,1.99066548978,3.32529874376
0.01581056,-0.0092847545597,1.99071150378,3.32514790611
0.01581256,-0.00923735198604,1.99075898356,3.32499225707
0.01581456,-0.00918849072743,1.99080792162,3.3248318206
0.01581656,-0.00913817849962,1.99085831024,3.32466662141
0.01581856,-0.00908642324749,1.99091014146,3.32449668497
0.01582056,-0.00903323314379,1.99096340709,3.32432203746
0.01582256,-0.00897861658786,1.99101809872,3.32414270579
0.01582456,-0.0089225822043,1.99107420772,3.32395871759
0.01582656,-0.00886513884156,1.99113172522,3.32377010125
0.01582856,-0.00880629557064,1.99119064215,3.32357688583
0.01583056,-0.00874606168356,1.9912509492,3.32337910113
0.01583256,-0.00868444669195,1.99131263684,3.32317677766
0.01583456,-0.00862146032554,1.99137569534,3.32296994662
0.01583656,-0.0085571125306,1.99144011474,3.32275863993
0.01583856,-0.00849141346839,1.99150588486,3.32254289019
0.01584056,-0.00842437351356,1.99157299532,3.32232273071
0.01584256,-0.00835600325249,1.99164143552,3.32209819546
0.01584456,-0.00828631348165,1.99171119465,3.32186931912
0.01584656,-0.00821531520584,1.99178226171,3.32163613702
0.01584856,-0.00814301963654,1.99185462546,3.32139868519
0.01585056,-0.00806943819003,1.99192827447,3.32115700031
0.01585256,-0.00799458248569,1.99200319713,3.32091111972
0.01585456,-0.0079184643441,1.99207938159,3.32066108142
0.01585656,-0.00784109578519,1.99215681583,3.32040692406
0.01585856,-0.00776248902637,1.99223548763,3.32014868694
0.01586056,-0.00768265648054,1.99231538454,3.31988641
0.01586256,-0.00760161075419,1.99239649397,3.3196201338
0.01586456,-0.00751936464539,1.9924788031,3.31934989954
0.01586656,-0.00743593114174,1.99256229893,3.31907574903
0.01586856,-0.00735132341836,1.99264696828,3.31879772472
0.01587056,-0.00726555483579,1.99273279778,3.31851586964
0.01587256,-0.0071786389379,1.99281977388,3.31823022745
0.01587456,-0.00709058944969,1.99290788283,3.31794084237
0.01587656,-0.00700142027522,1.99299711074,3.31764775926
0.01587856,-0.00691114549532,1.9930874435,3.31735102353
0.01588056,-0.00681977936543,1.99317886685,3.31705068116
0.01588256,-0.00672733631332,1.99327136636,3.31674677874
0.01588456,-0.00663383093682,1.99336492742,3.31643936338
0.01588656,-0.00653927800152,1.99345953525,3.31612848277
0.01588856,-0.00644369243841,1.99355517492,3.31581418516
0.01589056,-0.00634708934157,1.99365183132,3.31549651931
0.01589256,-0.00624948396574,1.99374948919,3.31517553455
0.01589456,-0.00615089172395,1.99384813311,3.31485128072
0.01589656,-0.00605132818505,1.9939477475,3.31452380818
0.01589856,-0.00595080907129,1.99404831663,3.31419316781
0.01590056,-0.00584935025578,1.99414982462,3.313859411
0.01590256,-0.00574696776007,1.99425225544,3.31352258962
0.01590456,-0.00564367775152,1.99435559292,3.31318275605
0.01590656,-0.00553949654083,1.99445982073,3.31283996315
0.01590856,-0.00543444057943,1.99456492242,3.31249426425
0.01591056,-0.00532852645686,1.9946708814,3.31214571315
0.01591256,-0.00522177089819,1.99477768092,3.3117943641
0.01591456,-0.00511419076136,1.99488530413,3.31144027182
0.01591656,-0.00500580303452,1.99499373402,3.31108349146
0.01591856,-0.00489662483336,1.99510295349,3.31072407861
0.01592056,-0.00478667339837,1.99521294527,3.31036208929
0.01592256,-0.00467596609217,1.99532369201,3.30999757992
0.01592456,-0.00456452039671,1.99543517621,3.30963060734
0.01592656,-0.00445235391057,1.99554738027,3.30926122881
0.01592856,-0.00433948434613,1.99566028647,3.30888950196
0.01593056,-0.00422592952681,1.99577387698,3.30851548482
0.01593256,-0.00411170738423,1.99588813386,3.30813923576
0.01593456,-0.00399683595539,1.99600303908,3.30776081357
0.01593656,-0.00388133337982,1.99611857448,3.30738027735
0.01593856,-0.00376521789671,1.99623472183,3.30699768658
0.01594056,-0.00364850784205,1.99635146277,3.30661310106
0.01594256,-0.00353122164571,1.99646877888,3.30622658094
0.01594456,-0.00341337782853,1.99658665164,3.30583818668
0.01594656,-0.00329499499943,1.99670506242,3.30544797904
0.01594856,-0.00317609185242,1.99682399253,3.3050560191
0.01595056,-0.00305668716368,1.99694342318,3.30466236824
0.01595256,-0.00293679978861,1.99706333553,3.3042670881
0.01595456,-0.00281644865881,1.99718371063,3.30387024062
0.01595656,-0.00269565277912,1.99730452948,3.30347188799
0.01595856,-0.0025744312246,1.99742577299,3.30307209266
0.01596056,-0.00245280313755,1.99754742202,3.30267091733
0.01596256,-0.00233078772445,1.99766945736,3.30226842493
0.01596456,-0.00220840425295,1.99779185975,3.30186467862
0.01596656,-0.00208567204881,1.99791460984,3.30145974177
0.01596856,-0.00196261049288,1.99803768826,3.30105367799
0.01597056,-0.00183923901801,1.99816107557,3.30064655104
0.01597256,-0.00171557710597,1.9982847523,3.3002384249
0.01597456,-0.00159164428442,1.99840869889,3.29982936372
0.01597656,-0.00146746012378,1.9985328958,3.29941943182
0.01597856,-0.00134304423418,1.9986573234,3.29900869367
0.01598056,-0.00121841626233,1.99878196204,3.2985972139
0.01598256,-0.00109359588843,1.99890679204,3.29818505726
0.01598456,-0.000968602823052,1.9990317937,3.29777228865
0.01598656,-0.000843456804065,1.99915694726,3.29735897308
0.01598856,-0.00071817759347,1.99928223298,3.29694517565
0.01599056,-0.000592784974308,1.99940763105,3.29653096159
0.01599256,-0.000467298747527,1.99953312169,3.29611639619
0.01599456,-0.000341738728857,1.99965868508,3.29570154483
0.01599656,-0.00021612474568,1.99978430138,3.29528647296
0.01599856,-9.04766338996e-05,1.99990995077,3.29487124606
0.01600056,3.51857651896e-05,2.0000356134,3.2944559297
0.01600256,0.000160842608039,2.00016126942,3.29404058945
0.01600456,0.000286474051976,2.00028689899,3.29362529091
0.01600656,0.000412060258339,2.00041248229,3.29321009971
0.01600856,0.00053758139561,2.00053799946,3.29279508149
0.01601056,0.000663017642548,2.0006634307,3.29238030185
0.01601256,0.000788349191313,2.0007887562,3.2919658264
0.01601456,0.000913556250603,2.00091395617,3.29155172073
0.01601656,0.00103861904877,2.00103901083,3.29113805038
0.01601856,0.00116351783695,2.00116390044,3.29072488083
0.01602056,0.00128823289217,2.00128860527,3.29031227752
0.01602256,0.00141274452049,2.00141310565,3.28990030583
0.01602456,0.00153703306007,2.00153738189,3.28948903104
0.01602656,0.00166107888432,2.00166141439,3.28907851835
0.01602856,0.00178486240495,2.00178518355,3.28866883285
0.01603056,0.00190836407511,2.00190866983,3.28826003955
0.01603256,0.00203156439247,2.00203185372,3.28785220331
0.01603456,0.00215444390226,2.00215471579,3.28744538887
0.01603656,0.00227698320038,2.00227723662,3.28703966081
0.01603856,0.00239916293646,2.00239939687,3.2866350836
0.01604056,0.0025209638169,2.00252117725,3.28623172151
0.01604256,0.00264236660792,2.00264255853,3.28582963864
0.01604456,0.00276335213863,2.00276352153,3.28542889893
0.01604656,0.00288390130401,2.00288404716,3.2850295661
0.01604856,0.00300399506793,2.00300411639,3.28463170369
0.01605056,0.00312361446621,2.00312371026,3.28423537501
0.01605256,0.00324274060956,2.00324280988,3.28384064315
0.01605456,0.00336135468657,2.00336139644,3.28344757097
0.01605656,0.00347943796671,2.00347945121,3.28305622107
0.01605856,0.00359697180327,2.00359695556,3.28266665581
0.01606056,0.00371393763627,2.00371389094,3.28227893727
0.01606256,0.00383031699548,2.00383023886,3.28189312728
0.01606456,0.00394609150322,2.00394598097,3.28150928736
0.01606656,0.00406124287737,2.00406109898,3.28112747874
0.01606856,0.0041757529342,2.00417557472,3.28074776234
0.01607056,0.00428960359122,2.0042893901,3.28037019878
0.01607256,0.00440277687012,2.00440252717,3.27999484834
0.01607456,0.0045152548995,2.00451496804,3.27962177098
0.01607656,0.0046270199178,2.00462669497,3.27925102628
0.01607856,0.00473805427601,2.00473769031,3.2788826735
0.01608056,0.00484834044053,2.00484793653,3.27851677151
0.01608256,0.00495786099589,2.00495741623,3.27815337883
0.01608456,0.00506659864752,2.00506611212,3.27779255358
0.01608656,0.0051745362245,2.00517400703,3.27743435348
0.01608856,0.00528165668221,2.00528108392,3.27707883585
0.01609056,0.00538794310512,2.00538732589,3.2767260576
0.01609256,0.00549337870934,2.00549271616,3.27637607523
0.01609456,0.00559794684539,2.00559723809,3.27602894477
0.01609656,0.00570163100073,2.00570087517,3.27568472185
0.01609856,0.00580441480245,2.00580361104,3.27534346162
0.01610056,0.00590628201978,2.00590542947,3.27500521878
0.01610256,0.00600721656671,2.00600631438,3.27467004756
0.01610456,0.00610720250451,2.00610624985,3.27433800172
0.01610656,0.00620622404424,2.00620522009,3.27400913452
0.01610856,0.00630426554924,2.00630320948,3.27368349872
0.01611056,0.00640131153764,2.00640020254,3.27336114659
0.01611256,0.00649734668473,2.00649618395,3.27304212987
0.01611456,0.00659235582547,2.00659113856,3.2727264998
0.01611656,0.0066863239568,2.00668505137,3.27241430706
0.01611856,0.00677923624006,2.00677790756,3.2721056018
0.01612056,0.00687107800334,2.00686969246,3.27180043364
0.01612256,0.00696183474374,2.00696039157,3.27149885161
0.01612456,0.00705149212974,2.00704999058,3.27120090421
0.01612656,0.00714003600339,2.00713847534,3.27090663934
0.01612856,0.00722745238258,2.00722583187,3.27061610432
0.01613056,0.00731372746326,2.00731204637,3.27032934591
0.01613256,0.00739884762158,2.00739710524,3.27004641023
0.01613456,0.0074827994161,2.00748099505,3.26976734283
0.01613656,0.00756556958984,2.00756370253,3.26949218862
0.01613856,0.00764714507245,2.00764521464,3.26922099191
0.01614056,0.0077275129822,2.00772551851,3.26895379638
0.01614256,0.00780666062807,2.00780460145,3.26869064505
0.01614456,0.00788457551173,2.00788245097,3.26843158033
0.01614656,0.00796124532951,2.00795905478,3.26817664397
0.01614856,0.00803665797437,2.00803440078,3.26792587704
0.01615056,0.00811080153777,2.00810847709,3.26767931998
0.01615256,0.00818366431158,2.00818127199,3.26743701253
0.01615456,0.00825523478993,2.00825277399,3.26719899378
0.01615656,0.00832550167101,2.0083229718,3.2669653021
0.01615856,0.00839445385886,2.00839185435,3.26673597521
0.01616056,0.00846208046514,2.00845941074,3.2665110501
0.01616256,0.00852837081082,2.00852563031,3.26629056306
0.01616456,0.00859331442788,2.00859050261,3.26607454969
0.01616656,0.00865690106097,2.0086540174,3.26586304486
0.01616856,0.00871912066904,2.00871616463,3.26565608271
0.01617056,0.00877996342687,2.0087769345,3.26545369666
0.01617256,0.0088394197267,2.00883631741,3.26525591941
0.01617456,0.00889748017969,2.00889430398,3.26506278289
0.01617656,0.00895413561741,2.00895088507,3.26487431831
0.01617856,0.00900937709332,2.00900605172,3.26469055613
0.01618056,0.00906319588414,2.00905979524,3.26451152603
0.01618256,0.00911558349127,2.00911210713,3.26433725695
0.01618456,0.0091665316421,2.00916297913,3.26416777706
0.01618656,0.00921603229132,2.00921240322,3.26400311376
0.01618856,0.0092640776222,2.00926037158,3.26384329367
0.01619056,0.00931066004784,2.00930687664,3.26368834263
0.01619256,0.00935577221232,2.00935191106,3.26353828572
0.01619456,0.00939940699191,2.00939546773,3.26339314718
0.01619656,0.00944155749618,2.00943753976,3.26325295051
0.01619856,0.00948221706907,2.00947812052,3.26311771838
0.01620056,0.00952137928996,2.00951720359,3.26298747267
0.01620256,0.00955903797469,2.00955478281,3.26286223446
0.01620456,0.00959518717651,2.00959085224,3.26274202402
0.01620656,0.00962982118704,2.00962540618,3.26262686079
0.01620856,0.00966293453718,2.00965843918,3.26251676341
0.01621056,0.00969452199793,2.00968994603,3.26241174972
0.01621256,0.00972457858128,2.00971992173,3.26231183671
0.01621456,0.00975309954094,2.00974836158,3.26221704054
0.01621656,0.00978008037312,2.00977526106,3.26212737658
0.01621856,0.00980551681724,2.00980061594,3.26204285934
0.01622056,0.00982940485658,2.00982442221,3.2619635025
0.01622256,0.00985174071895,2.00984667611,3.26188931892
0.01622456,0.00987252087726,2.00986737412,3.26182032061
0.01622656,0.00989174205007,2.00988651299,3.26175651874
0.01622856,0.00990940120214,2.00990408968,3.26169792364
0.01623056,0.00992549554489,2.00992010142,3.26164454482
0.01623256,0.00994002253684,2.00993454568,3.26159639091
0.01623456,0.00995297988399,2.00994742019,3.26155346971
0.01623656,0.00996436554025,2.0099587229,3.26151578817
0.01623856,0.00997417770767,2.00996845204,3.26148335241
0.01624056,0.00998241483681,2.00997660607,3.26145616767
0.01624256,0.00998907562693,2.00998318369,3.26143423836
0.01624456,0.00999415902621,2.00998818388,3.26141756803
0.01624656,0.00999766423192,2.00999160583,3.26140615938
0.01624856,0.00999959069056,2.00999344902,3.26140001427
0.01625056,0.0099999380979,2.00999371315,3.26139913368
0.01625256,0.0099987063991,2.00999239817,3.26140351775
0.01625456,0.00999589578865,2.0099895043,3.26141316579
0.01625656,0.00999150671038,2.009985032,3.26142807621
0.01625856,0.00998553985737,2.00997898196,3.26144824662
0.01626056,0.00997799617186,2.00997135515,3.26147367374
0.01626256,0.00996887684509,2.00996215277,3.26150435345
0.01626456,0.0099581833171,2.00995137627,3.26154028079
0.01626656,0.00994591727653,2.00993902735,3.26158144992
0.01626856,0.00993208066032,2.00992510797,3.26162785419
0.01627056,0.00991667565344,2.00990962031,3.26167948608
0.01627256,0.00989970468852,2.00989256684,3.26173633722
0.01627456,0.00988117044546,2.00987395024,3.2617983984
0.01627656,0.00986107585105,2.00985377344,3.26186565958
0.01627856,0.00983942407844,2.00983203965,3.26193810985
0.01628056,0.00981621854671,2.00980875228,3.2620157375
0.01628256,0.00979146292028,2.00978391502,3.26209852994
0.01628456,0.00976516110835,2.00975753178,3.26218647376
0.01628656,0.00973731726428,2.00972960674,3.26227955474
0.01628856,0.00970793578493,2.0097001443,3.26237775779
0.01629056,0.00967702130999,2.00966914912,3.26248106703
0.01629256,0.0096445787212,2.00963662609,3.26258946572
0.01629456,0.00961061314162,2.00960258035,3.26270293632
0.01629656,0.00957512993483,2.00956701727,3.26282146046
0.01629856,0.00953813470401,2.00952994247,3.26294501897
0.01630056,0.00949963329116,2.0094913618,3.26307359184
0.01630256,0.00945963177609,2.00945128136,3.26320715827
0.01630456,0.0094181364755,2.00940970747,3.26334569665
0.01630656,0.00937515394198,2.0093666467,3.26348918456
0.01630856,0.00933069096298,2.00932210585,3.2636375988
0.01631056,0.0092847545597,2.00927609196,3.26379091536
0.01631256,0.00923735198605,2.00922861228,3.26394910945
0.01631456,0.00918849072744,2.00917967432,3.26411215548
0.01631656,0.00913817849963,2.00912928581,3.26428002709
0.01631856,0.0090864232475,2.00907745469,3.26445269713
0.01632056,0.0090332331438,2.00902418917,3.26463013771
0.01632256,0.00897861658787,2.00896949764,3.26481232013
0.01632456,0.00892258220431,2.00891338874,3.26499921497
0.01632656,0.00886513884157,2.00885587134,3.26519079201
0.01632856,0.00880629557065,2.00879695451,3.2653870203
0.01633056,0.00874606168357,2.00873664757,3.26558786816
0.01633256,0.00868444669196,2.00867496003,3.26579330313
0.01633456,0.00862146032555,2.00861190164,3.26600329204
0.01633656,0.00855711253061,2.00854748234,3.266217801
0.01633856,0.0084914134684,2.00848171233,3.26643679536
0.01634056,0.00842437351357,2.00841460197,3.26666023978
0.01634256,0.0083560032525,2.00834616187,3.2668880982
0.01634456,0.00828631348166,2.00827640284,3.26712033386
0.01634656,0.00821531520586,2.00820533589,3.26735690928
0.01634856,0.00814301963655,2.00813297225,3.26759778631
0.01635056,0.00806943819004,2.00805932333,3.2678429261
0.01635256,0.0079945824857,2.00798440078,3.26809228913
0.01635456,0.00791846434411,2.00790821642,3.26834583519
0.01635656,0.00784109578521,2.00783078228,3.26860352341
0.01635856,0.00776248902638,2.00775211059,3.26886531228
0.01636056,0.00768265648055,2.00767221378,3.26913115961
0.01636256,0.00760161075421,2.00759110445,3.26940102258
0.01636456,0.0075193646454,2.00750879543,3.26967485772
0.01636656,0.00743593114175,2.0074252997,3.26995262095
0.01636856,0.00735132341837,2.00734063045,3.27023426755
0.01637056,0.00726555483581,2.00725480106,3.27051975218
0.01637256,0.00717863893791,2.00716782506,3.27080902891
0.01637456,0.00709058944971,2.00707971621,3.27110205119
0.01637656,0.00700142027523,2.00699048841,3.27139877191
0.01637856,0.00691114549533,2.00690015575,3.27169914333
0.01638056,0.00681977936544,2.0068087325,3.27200311717
0.01638256,0.00672733631334,2.0067162331,3.27231064456
0.01638456,0.00663383093684,2.00662267214,3.2726216761
0.01638656,0.00653927800153,2.00652806441,3.2729361618
0.01638856,0.00644369243843,2.00643242485,3.27325405116
0.01639056,0.00634708934158,2.00633576855,3.27357529313
0.01639256,0.00624948396576,2.00623811078,3.27389983613
0.01639456,0.00615089172397,2.00613946697,3.27422762807
0.01639656,0.00605132818507,2.00603985268,3.27455861635
0.01639856,0.00595080907131,2.00593928365,3.27489274787
0.01640056,0.0058493502558,2.00583777577,3.27522996905
0.01640256,0.00574696776009,2.00573534505,3.27557022581
0.01640456,0.00564367775154,2.00563200768,3.27591346361
0.01640656,0.00553949654085,2.00552777997,3.27625962745
0.01640856,0.00543444057945,2.00542267838,3.27660866185
0.01641056,0.00532852645687,2.00531671951,3.27696051092
0.01641256,0.00522177089821,2.00520992009,3.27731511831
0.01641456,0.00511419076138,2.00510229698,3.27767242726
0.01641656,0.00500580303454,2.00499386719,3.27803238057
0.01641856,0.00489662483338,2.00488464783,3.27839492066
0.01642056,0.00478667339839,2.00477465615,3.27875998954
0.01642256,0.00467596609219,2.00466390951,3.27912752883
0.01642456,0.00456452039673,2.00455242542,3.27949747976
0.01642656,0.00445235391059,2.00444022146,3.27986978323
0.01642856,0.00433948434615,2.00432731536,3.28024437973
0.01643056,0.00422592952683,2.00421372496,3.28062120945
0.01643256,0.00411170738425,2.00409946818,3.2810002122
0.01643456,0.00399683595541,2.00398456306,3.28138132748
0.01643656,0.00388133337984,2.00386902777,3.28176449448
0.01643856,0.00376521789673,2.00375288052,3.28214965206
0.01644056,0.00364850784207,2.00363613968,3.28253673879
0.01644256,0.00353122164573,2.00351882367,3.28292569296
0.01644456,0.00341337782855,2.00340095102,3.28331645256
0.01644656,0.00329499499945,2.00328254035,3.28370895533
0.01644856,0.00317609185244,2.00316361034,3.28410313874
0.01645056,0.00305668716371,2.00304417979,3.28449894002
0.01645256,0.00293679978863,2.00292426754,3.28489629616
0.01645456,0.00281644865883,2.00280389255,3.28529514392
0.01645656,0.00269565277914,2.0026830738,3.28569541983
0.01645856,0.00257443122462,2.0025618304,3.28609706023
0.01646056,0.00245280313757,2.00244018147,3.28650000127
0.01646256,0.00233078772447,2.00231814623,3.28690417888
0.01646456,0.00220840425297,2.00219574395,3.28730952885
0.01646656,0.00208567204883,2.00207299396,3.28771598679
0.01646856,0.00196261049291,2.00194991564,3.28812348814
0.01647056,0.00183923901803,2.00182652843,3.28853196822
0.01647256,0.00171557710599,2.00170285181,3.2889413622
0.01647456,0.00159164428444,2.00157890532,3.28935160513
0.01647656,0.00146746012381,2.00145470852,3.28976263195
0.01647856,0.00134304423421,2.00133028102,3.29017437748
0.01648056,0.00121841626235,2.00120564248,3.29058677647
0.01648256,0.00109359588845,2.00108081258,3.29099976358
0.01648456,0.000968602823075,2.00095581103,3.29141327338
0.01648656,0.000843456804088,2.00083065757,3.29182724042
0.01648856,0.000718177593493,2.00070537196,3.29224159915
0.01649056,0.000592784974332,2.00057997398,3.29265628401
0.01649256,0.00046729874755,2.00045448345,3.2930712294
0.01649456,0.00034173872888,2.00032892016,3.29348636972
0.01649656,0.000216124745703,2.00020330396,3.29390163932
0.01649856,9.04766339227e-05,2.00007765468,3.29431697258
0.01650056,-3.51857651666e-05,1.99995199216,3.2947323039
0.01650256,-0.000160842608016,1.99982633624,3.29514756768
0.01650456,-0.000286474051953,1.99970070676,3.29556269836
0.01650656,-0.000412060258316,1.99957512358,3.29597763042
0.01650856,-0.000537581395587,1.9994496065,3.29639229841
0.01651056,-0.000663017642524,1.99932417536,3.29680663691
0.01651256,-0.00078834919129,1.99919884997,3.29722058061
0.01651456,-0.00091355625058,1.99907365011,3.29763406426
0.01651656,-0.00103861904875,1.99894859555,3.29804702271
0.01651856,-0.00116351783693,1.99882370604,3.29845939092
0.01652056,-0.00128823289215,1.99869900131,3.29887110395
0.01652256,-0.00141274452047,1.99857450104,3.29928209701
0.01652456,-0.00153703306005,1.9984502249,3.29969230541
0.01652656,-0.00166107888429,1.99832619251,3.30010166464
0.01652856,-0.00178486240492,1.99820242345,3.30051011033
0.01653056,-0.00190836407509,1.99807893728,3.30091757826
0.01653256,-0.00203156439245,1.99795575348,3.3013240044
0.01653456,-0.00215444390224,1.99783289152,3.30172932491
0.01653656,-0.00227698320036,1.99771037079,3.30213347613
0.01653856,-0.00239916293643,1.99758821064,3.30253639462
0.01654056,-0.00252096381687,1.99746643037,3.30293801714
0.01654256,-0.0026423666079,1.9973450492,3.30333828068
0.01654456,-0.00276335213861,1.99722408629,3.30373712246
0.01654656,-0.00288390130398,1.99710356076,3.30413447995
0.01654856,-0.00300399506791,1.99698349164,3.30453029087
0.01655056,-0.00312361446619,1.99686389787,3.3049244932
0.01655256,-0.00324274060954,1.99674479836,3.30531702519
0.01655456,-0.00336135468655,1.99662621191,3.30570782537
0.01655656,-0.00347943796669,1.99650815723,3.30609683258
0.01655856,-0.00359697180325,1.99639065298,3.30648398594
0.01656056,-0.00371393763625,1.99627371772,3.30686922487
0.01656256,-0.00383031699545,1.99615736989,3.30725248914
0.01656456,-0.0039460915032,1.99604162789,3.30763371882
0.01656656,-0.00406124287735,1.99592650998,3.30801285433
0.01656856,-0.00417575293417,1.99581203435,3.30838983643
0.01657056,-0.0042896035912,1.99569821907,3.30876460624
0.01657256,-0.0044027768701,1.99558508211,3.30913710525
0.01657456,-0.00451525489948,1.99547264134,3.30950727529
0.01657656,-0.00462701991778,1.99536091451,3.30987505861
0.01657856,-0.00473805427599,1.99524991927,3.31024039783
0.01658056,-0.00484834044051,1.99513967315,3.31060323598
0.01658256,-0.00495786099587,1.99503019356,3.31096351647
0.01658456,-0.0050665986475,1.99492149777,3.31132118316
0.01658656,-0.00517453622448,1.99481360297,3.31167618032
0.01658856,-0.00528165668219,1.99470652617,3.31202845264
0.01659056,-0.0053879431051,1.99460028431,3.31237794526
0.01659256,-0.00549337870932,1.99449489414,3.31272460379
0.01659456,-0.00559794684537,1.99439037231,3.31306837425
0.01659656,-0.00570163100071,1.99428673534,3.31340920316
0.01659856,-0.00580441480243,1.99418399958,3.31374703751
0.01660056,-0.00590628201976,1.99408218125,3.31408182476
0.01660256,-0.0060072165667,1.99398129644,3.31441351286
0.01660456,-0.00610720250449,1.99388136107,3.31474205026
0.01660656,-0.00620622404422,1.99378239093,3.31506738592
0.01660856,-0.00630426554923,1.99368440165,3.31538946928
0.01661056,-0.00640131153762,1.9935874087,3.31570825035
0.01661256,-0.00649734668472,1.99349142739,3.31602367962
0.01661456,-0.00659235582545,1.99339647288,3.31633570813
0.01661656,-0.00668632395678,1.99330256017,3.31664428747
0.01661856,-0.00677923624005,1.99320970408,3.31694936977
0.01662056,-0.00687107800332,1.99311791929,3.3172509077
0.01662256,-0.00696183474373,1.99302722028,3.31754885452
0.01662456,-0.00705149212973,1.99293762137,3.31784316403
0.01662656,-0.00714003600337,1.99284913672,3.31813379063
0.01662856,-0.00722745238256,1.9927617803,3.31842068928
0.01663056,-0.00731372746324,1.99267556589,3.31870381554
0.01663256,-0.00739884762157,1.99259050713,3.31898312557
0.01663456,-0.00748279941608,1.99250661743,3.31925857613
0.01663656,-0.00756556958983,1.99242391004,3.31953012456
0.01663856,-0.00764714507244,1.99234239803,3.31979772885
0.01664056,-0.00772751298218,1.99226209427,3.32006134759
0.01664256,-0.00780666062805,1.99218301144,3.32032094
0.01664456,-0.00788457551171,1.99210516202,3.32057646594
0.01664656,-0.0079612453295,1.99202855831,3.32082788589
0.01664856,-0.00803665797435,1.99195321241,3.32107516099
0.01665056,-0.00811080153775,1.99187913621,3.32131825302
0.01665256,-0.00818366431157,1.99180634141,3.32155712441
0.01665456,-0.00825523478992,1.99173483951,3.32179173826
0.01665656,-0.008325501671,1.9916646418,3.32202205834
0.01665856,-0.00839445385885,1.99159575936,3.32224804906
0.01666056,-0.00846208046513,1.99152820307,3.32246967554
0.01666256,-0.0085283708108,1.9914619836,3.32268690356
0.01666456,-0.00859331442786,1.9913971114,3.32289969959
0.01666656,-0.00865690106096,1.99133359673,3.3231080308
0.01666856,-0.00871912066902,1.9912714496,3.32331186504
0.01667056,-0.00877996342686,1.99121067983,3.32351117086
0.01667256,-0.00883941972669,1.99115129702,3.32370591753
0.01667456,-0.00889748017968,1.99109331055,3.32389607501
0.01667656,-0.0089541356174,1.99103672957,3.32408161399
0.01667856,-0.00900937709331,1.99098156302,3.32426250585
0.01668056,-0.00906319588413,1.99092781961,3.32443872272
0.01668256,-0.00911558349126,1.99087550782,3.32461023743
0.01668456,-0.00916653164209,1.99082463592,3.32477702357
0.01668656,-0.00921603229131,1.99077521194,3.32493905542
0.01668856,-0.00926407762219,1.99072724368,3.32509630803
0.01669056,-0.00931066004783,1.99068073872,3.32524875718
0.01669256,-0.00935577221231,1.9906357044,3.32539637938
0.01669456,-0.0093994069919,1.99059214784,3.32553915191
0.01669656,-0.00944155749617,1.99055007591,3.32567705278
0.01669856,-0.00948221706906,1.99050949526,3.32581006077
0.01670056,-0.00952137928995,1.99047041228,3.32593815539
0.01670256,-0.00955903797468,1.99043283317,3.32606131693
0.01670456,-0.0095951871765,1.99039676384,3.32617952643
0.01670656,-0.00962982118703,1.99036221001,3.32629276571
0.01670856,-0.00966293453717,1.99032917711,3.32640101734
0.01671056,-0.00969452199793,1.99029767037,3.32650426466
0.01671256,-0.00972457858128,1.99026769476,3.3266024918
0.01671456,-0.00975309954094,1.99023925502,3.32669568363
0.01671656,-0.00978008037312,1.99021235564,3.32678382582
0.01671856,-0.00980551681724,1.99018700087,3.32686690483
0.01672056,-0.00982940485658,1.9901631947,3.32694490786
0.01672256,-0.00985174071895,1.99014094091,3.32701782293
0.01672456,-0.00987252087725,1.99012024299,3.32708563882
0.01672656,-0.00989174205006,1.99010110423,3.32714834511
0.01672856,-0.00990940120214,1.99008352764,3.32720593215
0.01673056,-0.00992549554489,1.99006751601,3.32725839108
0.01673256,-0.00994002253683,1.99005307184,3.32730571385
0.01673456,-0.00995297988399,1.99004019744,3.32734789318
0.01673656,-0.00996436554024,1.99002889483,3.32738492258
0.01673856,-0.00997417770767,1.9900191658,3.32741679636
0.01674056,-0.00998241483681,1.99001101188,3.32744350962
0.01674256,-0.00998907562693,1.99000443435,3.32746505826
0.01674456,-0.00999415902621,1.98999943427,3.32748143896
0.01674656,-0.00999766423192,1.98999601242,3.32749264921
0.01674856,-0.00999959069056,1.98999416933,3.32749868727
0.01675056,-0.0099999380979,1.98999390531,3.32749955223
0.01675256,-0.0099987063991,1.98999522039,3.32749524395
0.01675456,-0.00999589578865,1.98999811436,3.3274857631
0.01675656,-0.00999150671038,1.99000258677,3.32747111112
0.01675856,-0.00998553985737,1.99000863691,3.32745129028
0.01676056,-0.00997799617186,1.99001626382,3.32742630361
0.01676256,-0.00996887684509,1.99002546631,3.32739615497
0.01676456,-0.0099581833171,1.99003624291,3.32736084897
0.01676656,-0.00994591727653,1.99004859193,3.32732039106
0.01676856,-0.00993208066032,1.99006251142,3.32727478745
0.01677056,-0.00991667565344,1.99007799917,3.32722404516
0.01677256,-0.00989970468852,1.99009505275,3.32716817197
0.01677456,-0.00988117044547,1.99011366946,3.32710717649
0.01677656,-0.00986107585105,1.99013384635,3.32704106809
0.01677856,-0.00983942407845,1.99015558025,3.32696985694
0.01678056,-0.00981621854672,1.99017886773,3.32689355398
0.01678256,-0.00979146292029,1.99020370509,3.32681217096
0.01678456,-0.00976516110836,1.99023008843,3.32672572038
0.01678656,-0.00973731726429,1.99025801357,3.32663421555
0.01678856,-0.00970793578494,1.99028747611,3.32653767053
0.01679056,-0.00967702130999,1.9903184714,3.32643610019
0.01679256,-0.0096445787212,1.99035099453,3.32632952014
0.01679456,-0.00961061314163,1.99038504038,3.32621794678
0.01679656,-0.00957512993483,1.99042060356,3.32610139729
0.01679856,-0.00953813470402,1.99045767846,3.32597988959
0.01680056,-0.00949963329117,1.99049625923,3.32585344238
0.01680256,-0.0094596317761,1.99053633978,3.32572207514
0.01680456,-0.00941813647551,1.99057791377,3.32558580807
0.01680656,-0.00937515394199,1.99062097464,3.32544466216
0.01680856,-0.00933069096299,1.9906655156,3.32529865914
0.01681056,-0.00928475455971,1.99071152959,3.32514782149
0.01681256,-0.00923735198606,1.99075900937,3.32499217244
0.01681456,-0.00918849072745,1.99080794744,3.32483173596
0.01681656,-0.00913817849964,1.99085833606,3.32466653678
0.01681856,-0.00908642324751,1.99091016727,3.32449660034
0.01682056,-0.00903323314381,1.9909634329,3.32432195282
0.01682256,-0.00897861658788,1.99101812454,3.32414262114
0.01682456,-0.00892258220432,1.99107423353,3.32395863295
0.01682656,-0.00886513884158,1.99113175104,3.3237700166
0.01682856,-0.00880629557066,1.99119066797,3.32357680117
0.01683056,-0.00874606168358,1.99125097501,3.32337901647
0.01683256,-0.00868444669197,1.99131266266,3.32317669299
0.01683456,-0.00862146032556,1.99137572115,3.32296986195
0.01683656,-0.00855711253062,1.99144014055,3.32275855526
0.01683856,-0.00849141346841,1.99150591067,3.32254280552
0.01684056,-0.00842437351358,1.99157302113,3.32232264603
0.01684256,-0.00835600325252,1.99164146133,3.32209811078
0.01684456,-0.00828631348167,1.99171122046,3.32186923443
0.01684656,-0.00821531520587,1.99178228752,3.32163605233
0.01684856,-0.00814301963656,1.99185465127,3.32139860049
0.01685056,-0.00806943819006,1.99192830028,3.3211569156
0.01685256,-0.00799458248572,1.99200322294,3.32091103501
0.01685456,-0.00791846434413,1.9920794074,3.3206609967
0.01685656,-0.00784109578522,1.99215684165,3.32040683934
0.01685856,-0.0077624890264,1.99223551344,3.32014860222
0.01686056,-0.00768265648057,1.99231541035,3.31988632527
0.01686256,-0.00760161075422,1.99239651978,3.31962004906
0.01686456,-0.00751936464542,1.99247882891,3.3193498148
0.01686656,-0.00743593114177,1.99256232474,3.31907566429
0.01686856,-0.00735132341839,1.99264699409,3.31879763997
0.01687056,-0.00726555483583,1.99273282359,3.31851578489
0.01687256,-0.00717863893793,1.99281979969,3.31823014268
0.01687456,-0.00709058944972,1.99290790864,3.31794075761
0.01687656,-0.00700142027525,1.99299713655,3.31764767449
0.01687856,-0.00691114549535,1.99308746931,3.31735093875
0.01688056,-0.00681977936546,1.99317889266,3.31705059638
0.01688256,-0.00672733631335,1.99327139217,3.31674669394
0.01688456,-0.00663383093685,1.99336495323,3.31643927858
0.01688656,-0.00653927800155,1.99345956106,3.31612839797
0.01688856,-0.00644369243844,1.99355520073,3.31581410035
0.01689056,-0.0063470893416,1.99365185713,3.3154964345
0.01689256,-0.00624948396578,1.993749515,3.31517544973
0.01689456,-0.00615089172399,1.99384815892,3.31485119589
0.01689656,-0.00605132818509,1.99394777331,3.31452372335
0.01689856,-0.00595080907132,1.99404834244,3.31419308297
0.01690056,-0.00584935025582,1.99414985043,3.31385932615
0.01690256,-0.00574696776011,1.99425228125,3.31352250476
0.01690456,-0.00564367775156,1.99435561872,3.31318267119
0.01690656,-0.00553949654087,1.99445984654,3.31283987828
0.01690856,-0.00543444057947,1.99456494823,3.31249417937
0.01691056,-0.00532852645689,1.9946709072,3.31214562826
0.01691256,-0.00522177089822,1.99477770672,3.31179427921
0.01691456,-0.0051141907614,1.99488532993,3.31144018692
0.01691656,-0.00500580303456,1.99499375983,3.31108340655
0.01691856,-0.0048966248334,1.99510297929,3.3107239937
0.01692056,-0.00478667339841,1.99521297108,3.31036200436
0.01692256,-0.00467596609221,1.99532371781,3.30999749498
0.01692456,-0.00456452039675,1.99543520201,3.3096305224
0.01692656,-0.00445235391061,1.99554740607,3.30926114387
0.01692856,-0.00433948434617,1.99566031227,3.30888941701
0.01693056,-0.00422592952685,1.99577390278,3.30851539985
0.01693256,-0.00411170738427,1.99588815967,3.30813915079
0.01693456,-0.00399683595543,1.99600306488,3.30776072859
0.01693656,-0.00388133337986,1.99611860028,3.30738019236
0.01693856,-0.00376521789675,1.99623474763,3.30699760158
0.01694056,-0.00364850784209,1.99635148857,3.30661301606
0.01694256,-0.00353122164575,1.99646880468,3.30622649593
0.01694456,-0.00341337782858,1.99658667744,3.30583810166
0.01694656,-0.00329499499947,1.99670508822,3.30544789401
0.01694856,-0.00317609185246,1.99682401833,3.30505593407
0.01695056,-0.00305668716373,1.99694344898,3.3046622832
0.01695256,-0.00293679978866,1.99706336133,3.30426700305
0.01695456,-0.00281644865885,1.99718373643,3.30387015557
0.01695656,-0.00269565277916,1.99730455528,3.30347180293
0.01695856,-0.00257443122464,1.99742579879,3.30307200759
0.01696056,-0.00245280313759,1.99754744782,3.30267083225
0.01696256,-0.00233078772449,1.99766948316,3.30226833983
0.01696456,-0.00220840425299,1.99779188554,3.30186459352
0.01696656,-0.00208567204886,1.99791463564,3.30145965666
0.01696856,-0.00196261049293,1.99803771406,3.30105359287
0.01697056,-0.00183923901805,1.99816110137,3.30064646591
0.01697256,-0.00171557710601,1.99828477809,3.30023833977
0.01697456,-0.00159164428446,1.99840872469,3.29982927858
0.01697656,-0.00146746012383,1.9985329216,3.29941934667
0.01697856,-0.00134304423423,1.99865734919,3.29900860851
0.01698056,-0.00121841626238,1.99878198783,3.29859712873
0.01698256,-0.00109359588847,1.99890681784,3.29818497208
0.01698456,-0.000968602823098,1.99903181949,3.29777220346
0.01698656,-0.000843456804111,1.99915697306,3.29735888788
0.01698856,-0.000718177593516,1.99928225877,3.29694509045
0.01699056,-0.000592784974354,1.99940765685,3.29653087638
0.01699256,-0.000467298747573,1.99953314749,3.29611631097
0.01699456,-0.000341738728903,1.99965871088,3.2957014596
0.01699656,-0.000216124745726,1.99978432718,3.29528638772
0.01699856,-9.04766339457e-05,1.99990997656,3.29487116082
0.01700056,3.51857651436e-05,2.00003563919,3.29445584444
0.01700256,0.000160842607993,2.00016129521,3.29404050418
0.01700456,0.000286474051929,2.00028692479,3.29362520564
0.01700656,0.000412060258293,2.00041250808,3.29321001443
0.01700856,0.000537581395564,2.00053802526,3.2927949962
0.01701056,0.000663017642501,2.0006634565,3.29238021655
0.01701256,0.000788349191267,2.000788782,3.2919657411
0.01701456,0.000913556250557,2.00091398196,3.29155163542
0.01701656,0.00103861904872,2.00103903662,3.29113796505
0.01701856,0.0011635178369,2.00116392623,3.29072479549
0.01702056,0.00128823289213,2.00128863107,3.29031219218
0.01702256,0.00141274452045,2.00141313144,3.28990022048
0.01702456,0.00153703306003,2.00153740768,3.28948894568
0.01702656,0.00166107888427,2.00166144018,3.28907843298
0.01702856,0.0017848624049,2.00178520934,3.28866874748
0.01703056,0.00190836407507,2.00190869562,3.28825995417
0.01703256,0.00203156439242,2.00203187952,3.28785211792
0.01703456,0.00215444390221,2.00215474158,3.28744530346
0.01703656,0.00227698320033,2.00227726241,3.2870395754
0.01703856,0.00239916293641,2.00239942266,3.28663499818
0.01704056,0.00252096381685,2.00252120304,3.28623163608
0.01704256,0.00264236660788,2.00264258432,3.2858295532
0.01704456,0.00276335213859,2.00276354732,3.28542881348
0.01704656,0.00288390130396,2.00288407295,3.28502948065
0.01704856,0.00300399506789,2.00300414218,3.28463161823
0.01705056,0.00312361446617,2.00312373605,3.28423528954
0.01705256,0.00324274060952,2.00324283567,3.28384055768
0.01705456,0.00336135468653,2.00336142222,3.28344748548
0.01705656,0.00347943796667,2.003479477,3.28305613557
0.01705856,0.00359697180322,2.00359698135,3.2826665703
0.01706056,0.00371393763623,2.00371391672,3.28227885176
0.01706256,0.00383031699543,2.00383026465,3.28189304176
0.01706456,0.00394609150318,2.00394600676,3.28150920183
0.01706656,0.00406124287733,2.00406112477,3.2811273932
0.01706856,0.00417575293415,2.0041756005,3.2807476768
0.01707056,0.00428960359118,2.00428941589,3.28037011323
0.01707256,0.00440277687008,2.00440255295,3.27999476279
0.01707456,0.00451525489946,2.00451499382,3.27962168541
0.01707656,0.00462701991776,2.00462672075,3.27925094071
0.01707856,0.00473805427597,2.00473771609,3.27888258792
0.01708056,0.00484834044049,2.00484796232,3.27851668593
0.01708256,0.00495786099585,2.00495744202,3.27815329324
0.01708456,0.00506659864748,2.0050661379,3.27779246798
0.01708656,0.00517453622446,2.00517403281,3.27743426787
0.01708856,0.00528165668217,2.00528110971,3.27707875023
0.01709056,0.00538794310508,2.00538735168,3.27672597198
0.01709256,0.0054933787093,2.00549274195,3.2763759896
0.01709456,0.00559794684535,2.00559726388,3.27602885913
0.01709656,0.0057016310007,2.00570090096,3.2756846362
0.01709856,0.00580441480241,2.00580363682,3.27534337597
0.01710056,0.00590628201974,2.00590545525,3.27500513312
0.01710256,0.00600721656668,2.00600634017,3.2746699619
0.01710456,0.00610720250448,2.00610627563,3.27433791605
0.01710656,0.0062062240442,2.00620524588,3.27400904884
0.01710856,0.00630426554921,2.00630323526,3.27368341304
0.01711056,0.0064013115376,2.00640022832,3.2733610609
0.01711256,0.0064973466847,2.00649620973,3.27304204418
0.01711456,0.00659235582543,2.00659116434,3.27272641409
0.01711656,0.00668632395676,2.00668507716,3.27241422135
0.01711856,0.00677923624003,2.00677793334,3.27210551608
0.01712056,0.0068710780033,2.00686971824,3.27180034791
0.01712256,0.00696183474371,2.00696041736,3.27149876588
0.01712456,0.00705149212971,2.00705001636,3.27120081847
0.01712656,0.00714003600336,2.00713850112,3.27090655359
0.01712856,0.00722745238255,2.00722585765,3.27061601858
0.01713056,0.00731372746322,2.00731207215,3.27032926015
0.01713256,0.00739884762155,2.00739713102,3.27004632447
0.01713456,0.00748279941607,2.00748102083,3.26976725706
0.01713656,0.00756556958981,2.00756372831,3.26949210285
0.01713856,0.00764714507242,2.00764524042,3.26922090614
0.01714056,0.00772751298217,2.00772554429,3.2689537106
0.01714256,0.00780666062804,2.00780462723,3.26869055927
0.01714456,0.0078845755117,2.00788247675,3.26843149454
0.01714656,0.00796124532948,2.00795908056,3.26817655817
0.01714856,0.00803665797434,2.00803442656,3.26792579124
0.01715056,0.00811080153774,2.00810850286,3.26767923418
0.01715256,0.00818366431155,2.00818129776,3.26743692672
0.01715456,0.0082552347899,2.00825279977,3.26719890796
0.01715656,0.00832550167098,2.00832299758,3.26696521629
0.01715856,0.00839445385884,2.00839188013,3.26673588939
0.01716056,0.00846208046511,2.00845943652,3.26651096427
0.01716256,0.00852837081079,2.00852565609,3.26629047723
0.01716456,0.00859331442785,2.00859052839,3.26607446386
0.01716656,0.00865690106095,2.00865404317,3.26586295902
0.01716856,0.00871912066901,2.0087161904,3.26565599686
0.01717056,0.00877996342685,2.00877696027,3.26545361082
0.01717256,0.00883941972668,2.00883634319,3.26525583356
0.01717456,0.00889748017967,2.00889432976,3.26506269704
0.01717656,0.00895413561739,2.00895091084,3.26487423246
0.01717856,0.0090093770933,2.0090060775,3.26469047027
0.01718056,0.00906319588412,2.00905982101,3.26451144016
0.01718256,0.00911558349125,2.00911213291,3.26433717108
0.01718456,0.00916653164208,2.00916300491,3.26416769119
0.01718656,0.0092160322913,2.00921242899,3.26400302788
0.01718856,0.00926407762219,2.00926039736,3.26384320779
0.01719056,0.00931066004782,2.00930690242,3.26368825675
0.01719256,0.0093557722123,2.00935193684,3.26353819983
0.01719456,0.0093994069919,2.0093954935,3.2633930613
0.01719656,0.00944155749616,2.00943756553,3.26325286462
0.01719856,0.00948221706905,2.00947814629,3.26311763249
0.01720056,0.00952137928995,2.00951722937,3.26298738678
0.01720256,0.00955903797468,2.00955480858,3.26286214857
0.01720456,0.00959518717649,2.00959087801,3.26274193812
0.01720656,0.00962982118703,2.00962543195,3.26262677489
0.01720856,0.00966293453716,2.00965846495,3.26251667752
0.01721056,0.00969452199792,2.0096899718,3.26241166382
0.01721256,0.00972457858127,2.00971994751,3.2623117508
0.01721456,0.00975309954093,2.00974838735,3.26221695464
0.01721656,0.00978008037311,2.00977528683,3.26212729068
0.01721856,0.00980551681723,2.00980064171,3.26204277344
0.01722056,0.00982940485657,2.00982444798,3.2619634166
0.01722256,0.00985174071894,2.00984670188,3.26188923301
0.01722456,0.00987252087725,2.00986739989,3.2618202347
0.01722656,0.00989174205006,2.00988653876,3.26175643283
0.01722856,0.00990940120213,2.00990411545,3.26169783773
0.01723056,0.00992549554489,2.00992012719,3.26164445891
0.01723256,0.00994002253683,2.00993457145,3.261596305
0.01723456,0.00995297988399,2.00994744596,3.2615533838
0.01723656,0.00996436554024,2.00995874867,3.26151570226
0.01723856,0.00997417770767,2.00996847781,3.2614832665
0.01724056,0.00998241483681,2.00997663183,3.26145608176
0.01724256,0.00998907562693,2.00998320946,3.26143415245
0.01724456,0.00999415902621,2.00998820964,3.26141748212
0.01724656,0.00999766423192,2.0099916316,3.26140607347
0.01724856,0.00999959069056,2.00999347479,3.26139992836
0.01725056,0.00999993809791,2.00999373892,3.26139904777
0.01725256,0.0099987063991,2.00999242394,3.26140343184
0.01725456,0.00999589578865,2.00998953007,3.26141307988
0.01725656,0.00999150671038,2.00998505777,3.26142799031
0.01725856,0.00998553985737,2.00997900773,3.26144816072
0.01726056,0.00997799617186,2.00997138092,3.26147358784
0.01726256,0.00996887684509,2.00996217853,3.26150426755
0.01726456,0.00995818331711,2.00995140203,3.26154019489
0.01726656,0.00994591727653,2.00993905312,3.26158136403
0.01726856,0.00993208066033,2.00992513373,3.2616277683
0.01727056,0.00991667565345,2.00990964608,3.26167940018
0.01727256,0.00989970468852,2.00989259261,3.26173625132
0.01727456,0.00988117044547,2.009873976,3.26179831251
0.01727656,0.00986107585106,2.00985379921,3.26186557369
0.01727856,0.00983942407845,2.00983206541,3.26193802397
0.01728056,0.00981621854672,2.00980877804,3.26201565161
0.01728256,0.00979146292029,2.00978394078,3.26209844405
0.01728456,0.00976516110836,2.00975755755,3.26218638788
0.01728656,0.00973731726429,2.0097296325,3.26227946886
0.01728856,0.00970793578494,2.00970017007,3.26237767192
0.01729056,0.00967702131,2.00966917489,3.26248098116
0.01729256,0.00964457872121,2.00963665186,3.26258937985
0.01729456,0.00961061314164,2.00960260611,3.26270285046
0.01729656,0.00957512993484,2.00956704303,3.2628213746
0.01729856,0.00953813470403,2.00952996823,3.26294493311
0.01730056,0.00949963329118,2.00949138756,3.26307350598
0.01730256,0.0094596317761,2.00945130712,3.26320707242
0.01730456,0.00941813647551,2.00940973323,3.2633456108
0.01730656,0.009375153942,2.00936667246,3.26348909872
0.01730856,0.00933069096299,2.00932213162,3.26363751297
0.01731056,0.00928475455972,2.00927611772,3.26379082953
0.01731256,0.00923735198607,2.00922863804,3.26394902362
0.01731456,0.00918849072746,2.00917970008,3.26411206965
0.01731656,0.00913817849965,2.00912931157,3.26427994127
0.01731856,0.00908642324752,2.00907748045,3.26445261132
0.01732056,0.00903323314382,2.00902421493,3.2646300519
0.01732256,0.00897861658789,2.0089695234,3.26481223433
0.01732456,0.00892258220433,2.0089134145,3.26499912916
0.01732656,0.0088651388416,2.0088558971,3.26519070621
0.01732856,0.00880629557067,2.00879698027,3.26538693451
0.01733056,0.00874606168359,2.00873667333,3.26558778237
0.01733256,0.00868444669199,2.00867498579,3.26579321735
0.01733456,0.00862146032557,2.00861192739,3.26600320627
0.01733656,0.00855711253063,2.0085475081,3.26621771523
0.01733856,0.00849141346842,2.00848173808,3.2664367096
0.01734056,0.0084243735136,2.00841462773,3.26666015402
0.01734256,0.00835600325253,2.00834618763,3.26688801245
0.01734456,0.00828631348168,2.0082764286,3.26712024811
0.01734656,0.00821531520588,2.00820536165,3.26735682354
0.01734856,0.00814301963658,2.008132998,3.26759770058
0.01735056,0.00806943819007,2.00805934909,3.26784284037
0.01735256,0.00799458248573,2.00798442654,3.2680922034
0.01735456,0.00791846434414,2.00790824217,3.26834574947
0.01735656,0.00784109578524,2.00783080804,3.2686034377
0.01735856,0.00776248902641,2.00775213635,3.26886522658
0.01736056,0.00768265648058,2.00767223953,3.26913107391
0.01736256,0.00760161075424,2.00759113021,3.26940093689
0.01736456,0.00751936464543,2.00750882118,3.26967477204
0.01736656,0.00743593114178,2.00742532546,3.26995253528
0.01736856,0.00735132341841,2.00734065621,3.27023418188
0.01737056,0.00726555483584,2.00725482681,3.27051966652
0.01737256,0.00717863893794,2.00716785082,3.27080894325
0.01737456,0.00709058944974,2.00707974196,3.27110196555
0.01737656,0.00700142027527,2.00699051416,3.27139868627
0.01737856,0.00691114549537,2.00690018151,3.27169905769
0.01738056,0.00681977936548,2.00680875826,3.27200303154
0.01738256,0.00672733631337,2.00671625885,3.27231055895
0.01738456,0.00663383093687,2.00662269789,3.27262159049
0.01738656,0.00653927800157,2.00652809016,3.2729360762
0.01738856,0.00644369243846,2.0064324506,3.27325396557
0.01739056,0.00634708934162,2.0063357943,3.27357520754
0.01739256,0.00624948396579,2.00623813653,3.27389975055
0.01739456,0.006150891724,2.00613949272,3.27422754249
0.01739656,0.00605132818511,2.00603987843,3.27455853078
0.01739856,0.00595080907134,2.0059393094,3.27489266232
0.01740056,0.00584935025584,2.00583780152,3.2752298835
0.01740256,0.00574696776012,2.0057353708,3.27557014027
0.01740456,0.00564367775158,2.00563203343,3.27591337808
0.01740656,0.00553949654089,2.00552780572,3.27625954193
0.01740856,0.00543444057949,2.00542270413,3.27660857634
0.01741056,0.00532852645691,2.00531674526,3.27696042542
0.01741256,0.00522177089824,2.00520994584,3.27731503282
0.01741456,0.00511419076142,2.00510232273,3.27767234177
0.01741656,0.00500580303458,2.00499389294,3.27803229509
0.01741856,0.00489662483342,2.00488467358,3.27839483519
0.01742056,0.00478667339843,2.0047746819,3.27875990408
0.01742256,0.00467596609223,2.00466393526,3.27912744338
0.01742456,0.00456452039677,2.00455245117,3.27949739432
0.01742656,0.00445235391063,2.00444024721,3.2798696978
0.01742856,0.00433948434619,2.00432734111,3.28024429431
0.01743056,0.00422592952687,2.00421375071,3.28062112403
0.01743256,0.00411170738429,2.00409949393,3.28100012679
0.01743456,0.00399683595545,2.00398458881,3.28138124209
0.01743656,0.00388133337988,2.00386905351,3.2817644091
0.01743856,0.00376521789678,2.00375290627,3.28214956668
0.01744056,0.00364850784212,2.00363616543,3.28253665343
0.01744256,0.00353122164577,2.00351884942,3.2829256076
0.01744456,0.0034133778286,2.00340097677,3.28331636721
0.01744656,0.00329499499949,2.00328256609,3.28370886999
0.01744856,0.00317609185248,2.00316363609,3.28410305341
0.01745056,0.00305668716375,2.00304420553,3.2844988547
0.01745256,0.00293679978868,2.00292429329,3.28489621085
0.01745456,0.00281644865888,2.00280391829,3.28529505861
0.01745656,0.00269565277918,2.00268309955,3.28569533454
0.01745856,0.00257443122467,2.00256185614,3.28609697495
0.01746056,0.00245280313761,2.00244020721,3.28649991599
0.01746256,0.00233078772451,2.00231817197,3.28690409362
0.01746456,0.00220840425301,2.00219576969,3.2873094436
0.01746656,0.00208567204888,2.0020730197,3.28771590154
0.01746856,0.00196261049295,2.00194994138,3.28812340291
0.01747056,0.00183923901807,2.00182655417,3.288531883
0.01747256,0.00171557710604,2.00170287756,3.28894127699
0.01747456,0.00159164428449,2.00157893106,3.28935151993
0.01747656,0.00146746012385,2.00145473426,3.28976254675
0.01747856,0.00134304423425,2.00133030676,3.2901742923
0.01748056,0.0012184162624,2.00120566823,3.2905866913
0.01748256,0.00109359588849,2.00108083833,3.29099967841
0.01748456,0.000968602823121,2.00095583677,3.29141318823
0.01748656,0.000843456804134,2.00083068331,3.29182715527
0.01748856,0.000718177593539,2.0007053977,3.29224151401
0.01749056,0.000592784974377,2.00057999973,3.29265619889
0.01749256,0.000467298747596,2.00045450919,3.29307114429
0.01749456,0.000341738728926,2.0003289459,3.29348628461
0.01749656,0.000216124745749,2.0002033297,3.29390155422
0.01749856,9.04766339688e-05,2.00007768042,3.2943168875
0.01750056,-3.51857651205e-05,1.9999520179,3.29473221883
0.01750256,-0.00016084260797,1.99982636198,3.29514748262
0.01750456,-0.000286474051906,1.99970073251,3.29556261331
0.01750656,-0.00041206025827,1.99957514932,3.29597754538
0.01750856,-0.000537581395541,1.99944963224,3.29639221338
0.01751056,-0.000663017642479,1.9993242011,3.29680655189
0.01751256,-0.000788349191244,1.99919887571,3.2972204956
0.01751456,-0.000913556250534,1.99907367585,3.29763397926
0.01751656,-0.0010386190487,1.99894862129,3.29804693772
0.01751856,-0.00116351783688,1.99882373178,3.29845930593
0.01752056,-0.00128823289211,1.99869902705,3.29887101898
0.01752256,-0.00141274452042,1.99857452678,3.29928201205
0.01752456,-0.00153703306,1.99845025064,3.29969222046
0.01752656,-0.00166107888425,1.99832621825,3.3001015797
0.01752856,-0.00178486240488,1.99820244919,3.3005100254
0.01753056,-0.00190836407505,1.99807896301,3.30091749333
0.01753256,-0.0020315643924,1.99795577922,3.30132391949
0.01753456,-0.00215444390219,1.99783291726,3.30172924001
0.01753656,-0.00227698320031,1.99771039653,3.30213339124
0.01753856,-0.00239916293639,1.99758823638,3.30253630974
0.01754056,-0.00252096381683,1.99746645611,3.30293793227
0.01754256,-0.00264236660786,1.99734507493,3.30333819582
0.01754456,-0.00276335213857,1.99722411203,3.30373703761
0.01754656,-0.00288390130394,1.9971035865,3.30413439511
0.01754856,-0.00300399506787,1.99698351737,3.30453020604
0.01755056,-0.00312361446615,1.99686392361,3.30492440837
0.01755256,-0.00324274060949,1.9967448241,3.30531694037
0.01755456,-0.00336135468651,1.99662623764,3.30570774057
0.01755656,-0.00347943796665,1.99650818297,3.30609674779
0.01755856,-0.0035969718032,1.99639067872,3.30648390115
0.01756056,-0.00371393763621,1.99627374345,3.30686914009
0.01756256,-0.00383031699541,1.99615739563,3.30725240437
0.01756456,-0.00394609150316,1.99604165362,3.30763363406
0.01756656,-0.00406124287731,1.99592653572,3.30801276958
0.01756856,-0.00417575293413,1.99581206008,3.30838975169
0.01757056,-0.00428960359116,1.9956982448,3.30876452151
0.01757256,-0.00440277687005,1.99558510784,3.30913702052
0.01757456,-0.00451525489944,1.99547266707,3.30950719058
0.01757656,-0.00462701991774,1.99536094024,3.30987497391
0.01757856,-0.00473805427595,1.99524994501,3.31024031314
0.01758056,-0.00484834044047,1.99513969889,3.31060315129
0.01758256,-0.00495786099583,1.99503021929,3.31096343179
0.01758456,-0.00506659864746,1.99492152351,3.31132109849
0.01758656,-0.00517453622444,1.9948136287,3.31167609566
0.01758856,-0.00528165668215,1.99470655191,3.31202836799
0.01759056,-0.00538794310506,1.99460031004,3.31237786062
0.01759256,-0.00549337870928,1.99449491987,3.31272451915
0.01759456,-0.00559794684533,1.99439039805,3.31306828962
0.01759656,-0.00570163100068,1.99428676107,3.31340911855
0.01759856,-0.00580441480239,1.99418402531,3.3137469529
0.01760056,-0.00590628201973,1.99408220698,3.31408174016
0.01760256,-0.00600721656666,1.99398132217,3.31441342827
0.01760456,-0.00610720250446,1.9938813868,3.31474196568
0.01760656,-0.00620622404419,1.99378241666,3.31506730134
0.01760856,-0.00630426554919,1.99368442738,3.31538938472
0.01761056,-0.00640131153759,1.99358743442,3.31570816579
0.01761256,-0.00649734668468,1.99349145312,3.31602359507
0.01761456,-0.00659235582542,1.99339649861,3.31633562359
0.01761656,-0.00668632395675,1.9933025859,3.31664420294
0.01761856,-0.00677923624001,1.99320972981,3.31694928524
0.01762056,-0.00687107800329,1.99311794502,3.31725082318
0.01762256,-0.0069618347437,1.99302724601,3.31754877
0.01762456,-0.00705149212969,1.9929376471,3.31784307952
0.01762656,-0.00714003600334,1.99284916245,3.31813370613
0.01762856,-0.00722745238253,1.99276180602,3.31842060479
0.01763056,-0.00731372746321,1.99267559162,3.31870373106
0.01763256,-0.00739884762154,1.99259053285,3.3189830411
0.01763456,-0.00748279941605,1.99250664315,3.31925849166
0.01763656,-0.0075655695898,1.99242393577,3.3195300401
0.01763856,-0.00764714507241,1.99234242376,3.31979764439
0.01764056,-0.00772751298216,1.99226212,3.32006126314
0.01764256,-0.00780666062803,1.99218303716,3.32032085556
0.01764456,-0.00788457551168,1.99210518774,3.3205763815
0.01764656,-0.00796124532947,1.99202858404,3.32082780146
0.01764856,-0.00803665797433,1.99195323813,3.32107507657
0.01765056,-0.00811080153773,1.99187916194,3.3213181686
0.01765256,-0.00818366431154,1.99180636714,3.32155704
0.01765456,-0.00825523478989,1.99173486524,3.32179165386
0.01765656,-0.00832550167097,1.99166466753,3.32202197394
0.01765856,-0.00839445385882,1.99159578509,3.32224796466
0.01766056,-0.0084620804651,1.9915282288,3.32246959115
0.01766256,-0.00852837081078,1.99146200933,3.32268681917
0.01766456,-0.00859331442784,1.99139713713,3.32289961521
0.01766656,-0.00865690106094,1.99133362245,3.32310794643
0.01766856,-0.008719120669,1.99127147532,3.32331178067
0.01767056,-0.00877996342684,1.99121070555,3.3235110865
0.01767256,-0.00883941972667,1.99115132275,3.32370583318
0.01767456,-0.00889748017965,1.99109333627,3.32389599066
0.01767656,-0.00895413561738,1.99103675529,3.32408152964
0.01767856,-0.00900937709329,1.99098158874,3.32426242151
0.01768056,-0.00906319588411,1.99092784533,3.32443863838
0.01768256,-0.00911558349124,1.99087553354,3.3246101531
0.01768456,-0.00916653164207,1.99082466164,3.32477693924
0.01768656,-0.00921603229129,1.99077523766,3.3249389711
0.01768856,-0.00926407762218,1.9907272694,3.32509622371
0.01769056,-0.00931066004781,1.99068076444,3.32524867286
0.01769256,-0.00935577221229,1.99063573012,3.32539629507
0.01769456,-0.00939940699189,1.99059217356,3.32553906761
0.01769656,-0.00944155749616,1.99055010163,3.32567696848
0.01769856,-0.00948221706905,1.99050952097,3.32580997647
0.01770056,-0.00952137928994,1.990470438,3.32593807109
0.01770256,-0.00955903797467,1.99043285889,3.32606123264
0.01770456,-0.00959518717649,1.99039678956,3.32617944215
0.01770656,-0.00962982118702,1.99036223572,3.32629268143
0.01770856,-0.00966293453716,1.99032920283,3.32640093306
0.01771056,-0.00969452199791,1.99029769609,3.32650418039
0.01771256,-0.00972457858127,1.99026772048,3.32660240752
0.01771456,-0.00975309954093,1.99023928074,3.32669559936
0.01771656,-0.00978008037311,1.99021238136,3.32678374155
0.01771856,-0.00980551681723,1.99018702659,3.32686682056
0.01772056,-0.00982940485657,1.99016322042,3.3269448236
0.01772256,-0.00985174071894,1.99014096662,3.32701773867
0.01772456,-0.00987252087724,1.99012026871,3.32708555456
0.01772656,-0.00989174205006,1.99010112995,3.32714826085
0.01772856,-0.00990940120213,1.99008355336,3.32720584789
0.01773056,-0.00992549554488,1.99006754172,3.32725830683
0.01773256,-0.00994002253683,1.99005309756,3.3273056296
0.01773456,-0.00995297988399,1.99004022316,3.32734780893
0.01773656,-0.00996436554024,1.99002892055,3.32738483833
0.01773856,-0.00997417770767,1.99001919151,3.32741671211
0.01774056,-0.00998241483681,1.99001103759,3.32744342538
0.01774256,-0.00998907562693,1.99000446007,3.32746497402
0.01774456,-0.00999415902621,1.98999945999,3.32748135472
0.01774656,-0.00999766423192,1.98999603813,3.32749256496
0.01774856,-0.00999959069056,1.98999419505,3.32749860303
0.01775056,-0.00999993809791,1.98999393102,3.32749946799
0.01775256,-0.0099987063991,1.9899952461,3.32749515971
0.01775456,-0.00999589578865,1.98999814007,3.32748567886
0.01775656,-0.00999150671038,1.99000261248,3.32747102688
0.01775856,-0.00998553985737,1.99000866262,3.32745120604
0.01776056,-0.00997799617187,1.99001628954,3.32742621937
0.01776256,-0.0099688768451,1.99002549202,3.32739607073
0.01776456,-0.00995818331711,1.99003626863,3.32736076473
0.01776656,-0.00994591727654,1.99004861765,3.32732030682
0.01776856,-0.00993208066033,1.99006253713,3.32727470321
0.01777056,-0.00991667565345,1.99007802489,3.32722396092
0.01777256,-0.00989970468853,1.99009507846,3.32716808773
0.01777456,-0.00988117044547,1.99011369517,3.32710709225
0.01777656,-0.00986107585106,1.99013387207,3.32704098385
0.01777856,-0.00983942407846,1.99015560597,3.3269697727
0.01778056,-0.00981621854673,1.99017889344,3.32689346974
0.01778256,-0.0097914629203,1.9902037308,3.32681208671
0.01778456,-0.00976516110837,1.99023011414,3.32672563614
0.01778656,-0.0097373172643,1.99025803928,3.3266341313
0.01778856,-0.00970793578495,1.99028750182,3.32653758629
0.01779056,-0.00967702131001,1.99031849711,3.32643601594
0.01779256,-0.00964457872122,1.99035102024,3.32632943589
0.01779456,-0.00961061314164,1.99038506608,3.32621786253
0.01779656,-0.00957512993485,1.99042062927,3.32610131303
0.01779856,-0.00953813470403,1.99045770417,3.32597980533
0.01780056,-0.00949963329118,1.99049628494,3.32585335812
0.01780256,-0.00945963177611,1.99053636549,3.32572199087
0.01780456,-0.00941813647552,1.99057793948,3.3255857238
0.01780656,-0.00937515394201,1.99062100035,3.32544457789
0.01780856,-0.009330690963,1.9906655413,3.32529857487
0.01781056,-0.00928475455973,1.9907115553,3.32514773721
0.01781256,-0.00923735198608,1.99075903508,3.32499208816
0.01781456,-0.00918849072747,1.99080797314,3.32483165169
0.01781656,-0.00913817849966,1.99085836176,3.3246664525
0.01781856,-0.00908642324753,1.99091019298,3.32449651605
0.01782056,-0.00903323314383,1.99096345861,3.32432186853
0.01782256,-0.00897861658791,1.99101815024,3.32414253685
0.01782456,-0.00892258220434,1.99107425924,3.32395854865
0.01782656,-0.00886513884161,1.99113177674,3.3237699323
0.01782856,-0.00880629557068,1.99119069367,3.32357671687
0.01783056,-0.0087460616836,1.99125100072,3.32337893216
0.01783256,-0.008684446692,1.99131268836,3.32317660868
0.01783456,-0.00862146032558,1.99137574686,3.32296977764
0.01783656,-0.00855711253064,1.99144016625,3.32275847094
0.01783856,-0.00849141346844,1.99150593637,3.32254272119
0.01784056,-0.00842437351361,1.99157304683,3.3223225617
0.01784256,-0.00835600325254,1.99164148703,3.32209802644
0.01784456,-0.0082863134817,1.99171124617,3.32186915009
0.01784656,-0.0082153152059,1.99178231322,3.32163596799
0.01784856,-0.00814301963659,1.99185467697,3.32139851615
0.01785056,-0.00806943819008,1.99192832599,3.32115683125
0.01785256,-0.00799458248574,1.99200324864,3.32091095065
0.01785456,-0.00791846434415,1.99207943311,3.32066091234
0.01785656,-0.00784109578525,1.99215686735,3.32040675498
0.01785856,-0.00776248902643,1.99223553914,3.32014851785
0.01786056,-0.0076826564806,1.99231543606,3.31988624089
0.01786256,-0.00760161075425,1.99239654548,3.31961996468
0.01786456,-0.00751936464545,1.99247885461,3.31934973041
0.01786656,-0.0074359311418,1.99256235044,3.3190755799
0.01786856,-0.00735132341842,1.99264701979,3.31879755557
0.01787056,-0.00726555483586,1.99273284929,3.31851570048
0.01787256,-0.00717863893796,1.99281982539,3.31823005827
0.01787456,-0.00709058944976,1.99290793434,3.31794067319
0.01787656,-0.00700142027528,1.99299716225,3.31764759007
0.01787856,-0.00691114549538,1.99308749501,3.31735085432
0.01788056,-0.0068197793655,1.99317891836,3.31705051194
0.01788256,-0.00672733631339,1.99327141787,3.3167466095
0.01788456,-0.00663383093689,1.99336497893,3.31643919413
0.01788656,-0.00653927800158,1.99345958676,3.31612831352
0.01788856,-0.00644369243848,1.99355522643,3.31581401589
0.01789056,-0.00634708934164,1.99365188283,3.31549635003
0.01789256,-0.00624948396581,1.9937495407,3.31517536526
0.01789456,-0.00615089172402,1.99384818462,3.31485111141
0.01789656,-0.00605132818513,1.99394779901,3.31452363886
0.01789856,-0.00595080907136,1.99404836814,3.31419299848
0.01790056,-0.00584935025586,1.99414987612,3.31385924165
0.01790256,-0.00574696776014,1.99425230694,3.31352242026
0.01790456,-0.0056436777516,1.99435564442,3.31318258667
0.01790656,-0.00553949654091,1.99445987223,3.31283979376
0.01790856,-0.00543444057951,1.99456497392,3.31249409484
0.01791056,-0.00532852645693,1.9946709329,3.31214554372
0.01791256,-0.00522177089826,1.99477773242,3.31179419466
0.01791456,-0.00511419076144,1.99488535563,3.31144010237
0.01791656,-0.0050058030346,1.99499378552,3.311083322
0.01791856,-0.00489662483344,1.99510300499,3.31072390913
0.01792056,-0.00478667339845,1.99521299677,3.31036191979
0.01792256,-0.00467596609225,1.99532374351,3.30999741041
0.01792456,-0.00456452039679,1.99543522771,3.30963043782
0.01792656,-0.00445235391065,1.99554743177,3.30926105927
0.01792856,-0.00433948434622,1.99566033797,3.30888933241
0.01793056,-0.0042259295269,1.99577392848,3.30851531524
0.01793256,-0.00411170738432,1.99588818536,3.30813906617
0.01793456,-0.00399683595547,1.99600309058,3.30776064396
0.01793656,-0.0038813333799,1.99611862598,3.30738010773
0.01793856,-0.0037652178968,1.99623477332,3.30699751694
0.01794056,-0.00364850784214,1.99635151427,3.30661293141
0.01794256,-0.00353122164579,1.99646883038,3.30622641128
0.01794456,-0.00341337782862,1.99658670313,3.30583801699
0.01794656,-0.00329499499952,1.99670511391,3.30544780934
0.01794856,-0.0031760918525,1.99682404402,3.30505584939
0.01795056,-0.00305668716377,1.99694347468,3.30466219851
0.01795256,-0.0029367997887,1.99706338702,3.30426691836
0.01795456,-0.0028164486589,1.99718376212,3.30387007086
0.01795656,-0.00269565277921,1.99730458097,3.30347171821
0.01795856,-0.00257443122469,1.99742582448,3.30307192287
0.01796056,-0.00245280313764,1.99754747351,3.30267074752
0.01796256,-0.00233078772454,1.99766950885,3.3022682551
0.01796456,-0.00220840425304,1.99779191124,3.30186450877
0.01796656,-0.0020856720489,1.99791466133,3.30145957191
0.01796856,-0.00196261049297,1.99803773975,3.30105350811
0.01797056,-0.0018392390181,1.99816112706,3.30064638114
0.01797256,-0.00171557710606,1.99828480378,3.30023825498
0.01797456,-0.00159164428451,1.99840875038,3.29982919379
0.01797656,-0.00146746012387,1.99853294729,3.29941926187
0.01797856,-0.00134304423428,1.99865737488,3.2990085237
0.01798056,-0.00121841626242,1.99878201352,3.29859704391
0.01798256,-0.00109359588852,1.99890684353,3.29818488726
0.01798456,-0.000968602823144,1.99903184518,3.29777211863
0.01798656,-0.000843456804157,1.99915699875,3.29735880304
0.01798856,-0.000718177593562,1.99928228446,3.2969450056
0.01799056,-0.000592784974401,1.99940768254,3.29653079152
0.01799256,-0.00046729874762,1.99953317318,3.2961162261
0.01799456,-0.000341738728949,1.99965873656,3.29570137473
0.01799656,-0.000216124745772,1.99978435287,3.29528630283
0.01799856,-9.04766339918e-05,1.99991000225,3.29487107592
0.01800056,3.51857650975e-05,2.00003566488,3.29445575954
0.01800256,0.000160842607947,2.0001613209,3.29404041927
0.01800456,0.000286474051883,2.00028695048,3.29362512072
0.01800656,0.000412060258246,2.00041253377,3.2932099295
0.01800856,0.000537581395518,2.00053805094,3.29279491126
0.01801056,0.000663017642455,2.00066348218,3.2923801316
0.01801256,0.000788349191221,2.00078880768,3.29196565614
0.01801456,0.000913556250511,2.00091400765,3.29155155045
0.01801656,0.00103861904868,2.00103906231,3.29113788008
0.01801856,0.00116351783686,2.00116395192,3.29072471051
0.01802056,0.00128823289208,2.00128865675,3.29031210719
0.01802256,0.0014127445204,2.00141315712,3.28990013548
0.01802456,0.00153703305998,2.00153743337,3.28948886067
0.01802656,0.00166107888422,2.00166146586,3.28907834796
0.01802856,0.00178486240486,2.00178523502,3.28866866246
0.01803056,0.00190836407502,2.0019087213,3.28825986914
0.01803256,0.00203156439238,2.0020319052,3.28785203288
0.01803456,0.00215444390217,2.00215476726,3.28744521842
0.01803656,0.00227698320029,2.0022772881,3.28703949035
0.01803856,0.00239916293637,2.00239944835,3.28663491312
0.01804056,0.00252096381681,2.00252122872,3.28623155101
0.01804256,0.00264236660783,2.00264261,3.28582946812
0.01804456,0.00276335213854,2.002763573,3.28542872839
0.01804656,0.00288390130392,2.00288409864,3.28502939555
0.01804856,0.00300399506784,2.00300416787,3.28463153313
0.01805056,0.00312361446612,2.00312376173,3.28423520443
0.01805256,0.00324274060947,2.00324286135,3.28384047255
0.01805456,0.00336135468649,2.00336144791,3.28344740035
0.01805656,0.00347943796663,2.00347950268,3.28305605044
0.01805856,0.00359697180318,2.00359700703,3.28266648516
0.01806056,0.00371393763619,2.0037139424,3.28227876661
0.01806256,0.00383031699539,2.00383029033,3.2818929566
0.01806456,0.00394609150314,2.00394603244,3.28150911666
0.01806656,0.00406124287729,2.00406115045,3.28112730803
0.01806856,0.00417575293411,2.00417562618,3.28074759161
0.01807056,0.00428960359114,2.00428944157,3.28037002804
0.01807256,0.00440277687003,2.00440257863,3.27999467759
0.01807456,0.00451525489942,2.0045150195,3.2796216002
0.01807656,0.00462701991772,2.00462674643,3.27925085549
0.01807856,0.00473805427593,2.00473774177,3.27888250269
0.01808056,0.00484834044045,2.004847988,3.27851660069
0.01808256,0.00495786099581,2.00495746769,3.278153208
0.01808456,0.00506659864744,2.00506616358,3.27779238273
0.01808656,0.00517453622442,2.00517405849,3.27743418261
0.01808856,0.00528165668214,2.00528113538,3.27707866497
0.01809056,0.00538794310504,2.00538737736,3.27672588671
0.01809256,0.00549337870926,2.00549276763,3.27637590432
0.01809456,0.00559794684531,2.00559728955,3.27602877385
0.01809656,0.00570163100066,2.00570092663,3.27568455091
0.01809856,0.00580441480237,2.0058036625,3.27534329067
0.01810056,0.00590628201971,2.00590548093,3.27500504782
0.01810256,0.00600721656664,2.00600636584,3.27466987659
0.01810456,0.00610720250444,2.00610630131,3.27433783073
0.01810656,0.00620622404417,2.00620527155,3.27400896352
0.01810856,0.00630426554917,2.00630326094,3.27368332771
0.01811056,0.00640131153757,2.006400254,3.27336097556
0.01811256,0.00649734668466,2.00649623541,3.27304195883
0.01811456,0.0065923558254,2.00659119002,3.27272632875
0.01811656,0.00668632395673,2.00668510283,3.27241413599
0.01811856,0.00677923623999,2.00677795902,3.27210543072
0.01812056,0.00687107800327,2.00686974392,3.27180026255
0.01812256,0.00696183474368,2.00696044303,3.27149868051
0.01812456,0.00705149212968,2.00705004204,3.27120073309
0.01812656,0.00714003600332,2.00713852679,3.27090646821
0.01812856,0.00722745238251,2.00722588332,3.27061593319
0.01813056,0.00731372746319,2.00731209783,3.27032917476
0.01813256,0.00739884762152,2.0073971567,3.27004623907
0.01813456,0.00748279941604,2.0074810465,3.26976717166
0.01813656,0.00756556958978,2.00756375399,3.26949201744
0.01813856,0.00764714507239,2.0076452661,3.26922082072
0.01814056,0.00772751298214,2.00772556996,3.26895362517
0.01814256,0.00780666062801,2.0078046529,3.26869047384
0.01814456,0.00788457551167,2.00788250242,3.26843140911
0.01814656,0.00796124532946,2.00795910623,3.26817647274
0.01814856,0.00803665797431,2.00803445224,3.2679257058
0.01815056,0.00811080153771,2.00810852854,3.26767914873
0.01815256,0.00818366431153,2.00818132344,3.26743684127
0.01815456,0.00825523478988,2.00825282544,3.26719882251
0.01815656,0.00832550167096,2.00832302325,3.26696513082
0.01815856,0.00839445385881,2.0083919058,3.26673580392
0.01816056,0.00846208046509,2.00845946219,3.2665108788
0.01816256,0.00852837081077,2.00852568176,3.26629039176
0.01816456,0.00859331442783,2.00859055406,3.26607437838
0.01816656,0.00865690106093,2.00865406884,3.26586287354
0.01816856,0.00871912066899,2.00871621607,3.26565591138
0.01817056,0.00877996342683,2.00877698594,3.26545352533
0.01817256,0.00883941972666,2.00883636885,3.26525574806
0.01817456,0.00889748017964,2.00889435543,3.26506261154
0.01817656,0.00895413561737,2.00895093651,3.26487414696
0.01817856,0.00900937709328,2.00900610317,3.26469038476
0.01818056,0.0090631958841,2.00905984668,3.26451135465
0.01818256,0.00911558349124,2.00911215857,3.26433708557
0.01818456,0.00916653164206,2.00916303058,3.26416760567
0.01818656,0.00921603229128,2.00921245466,3.26400294237
0.01818856,0.00926407762217,2.00926042302,3.26384312227
0.01819056,0.0093106600478,2.00930692808,3.26368817123
0.01819256,0.00935577221229,2.0093519625,3.26353811431
0.01819456,0.00939940699188,2.00939551917,3.26339297577
0.01819656,0.00944155749615,2.0094375912,3.26325277909
0.01819856,0.00948221706904,2.00947817196,3.26311754696
0.01820056,0.00952137928993,2.00951725503,3.26298730125
0.01820256,0.00955903797466,2.00955483425,3.26286206303
0.01820456,0.00959518717648,2.00959090368,3.26274185258
0.01820656,0.00962982118702,2.00962545762,3.26262668935
0.01820856,0.00966293453715,2.00965849062,3.26251659197
0.01821056,0.00969452199791,2.00968999746,3.26241157828
0.01821256,0.00972457858126,2.00971997317,3.26231166526
0.01821456,0.00975309954092,2.00974841301,3.26221686909
0.01821656,0.0097800803731,2.0097753125,3.26212720513
0.01821856,0.00980551681722,2.00980066737,3.26204268789
0.01822056,0.00982940485657,2.00982447364,3.26196333105
0.01822256,0.00985174071894,2.00984672754,3.26188914746
0.01822456,0.00987252087724,2.00986742556,3.26182014915
0.01822656,0.00989174205005,2.00988656442,3.26175634728
0.01822856,0.00990940120213,2.00990414111,3.26169775218
0.01823056,0.00992549554488,2.00992015285,3.26164437335
0.01823256,0.00994002253683,2.00993459712,3.26159621944
0.01823456,0.00995297988398,2.00994747162,3.26155329824
0.01823656,0.00996436554024,2.00995877434,3.26151561671
0.01823856,0.00997417770767,2.00996850347,3.26148318094
0.01824056,0.00998241483681,2.0099766575,3.26145599621
0.01824256,0.00998907562693,2.00998323512,3.2614340669
0.01824456,0.00999415902621,2.00998823531,3.26141739657
0.01824656,0.00999766423192,2.00999165726,3.26140598792
0.01824856,0.00999959069056,2.00999350045,3.26139984281
0.01825056,0.00999993809791,2.00999376458,3.26139896221
0.01825256,0.0099987063991,2.0099924496,3.26140334629
0.01825456,0.00999589578865,2.00998955573,3.26141299433
0.01825656,0.00999150671038,2.00998508343,3.26142790476
0.01825856,0.00998553985737,2.00997903339,3.26144807517
0.01826056,0.00997799617187,2.00997140658,3.26147350229
0.01826256,0.0099688768451,2.00996220419,3.26150418201
0.01826456,0.00995818331711,2.00995142769,3.26154010934
0.01826656,0.00994591727654,2.00993907877,3.26158127848
0.01826856,0.00993208066033,2.00992515939,3.26162768276
0.01827056,0.00991667565345,2.00990967174,3.26167931465
0.01827256,0.00989970468853,2.00989261826,3.26173616579
0.01827456,0.00988117044548,2.00987400166,3.26179822698
0.01827656,0.00986107585106,2.00985382487,3.26186548816
0.01827856,0.00983942407846,2.00983209107,3.26193793844
0.01828056,0.00981621854673,2.0098088037,3.26201556609
0.01828256,0.0097914629203,2.00978396644,3.26209835853
0.01828456,0.00976516110837,2.0097575832,3.26218630236
0.01828656,0.0097373172643,2.00972965816,3.26227938334
0.01828856,0.00970793578496,2.00970019572,3.2623775864
0.01829056,0.00967702131001,2.00966920054,3.26248089565
0.01829256,0.00964457872122,2.00963667751,3.26258929434
0.01829456,0.00961061314165,2.00960263177,3.26270276495
0.01829656,0.00957512993485,2.00956706869,3.2628212891
0.01829856,0.00953813470404,2.00952999389,3.26294484761
0.01830056,0.00949963329119,2.00949141322,3.26307342049
0.01830256,0.00945963177612,2.00945133278,3.26320698692
0.01830456,0.00941813647553,2.00940975889,3.26334552531
0.01830656,0.00937515394201,2.00936669812,3.26348901323
0.01830856,0.00933069096301,2.00932215727,3.26363742748
0.01831056,0.00928475455974,2.00927614337,3.26379074405
0.01831256,0.00923735198609,2.0092286637,3.26394893815
0.01831456,0.00918849072748,2.00917972574,3.26411198418
0.01831656,0.00913817849967,2.00912933722,3.2642798558
0.01831856,0.00908642324753,2.00907750611,3.26445252586
0.01832056,0.00903323314384,2.00902424058,3.26462996644
0.01832256,0.00897861658792,2.00896954905,3.26481214888
0.01832456,0.00892258220435,2.00891344015,3.26499904372
0.01832656,0.00886513884162,2.00885592275,3.26519062077
0.01832856,0.00880629557069,2.00879700593,3.26538684907
0.01833056,0.00874606168361,2.00873669898,3.26558769694
0.01833256,0.00868444669201,2.00867501144,3.26579313192
0.01833456,0.0086214603256,2.00861195305,3.26600312085
0.01833656,0.00855711253066,2.00854753375,3.26621762981
0.01833856,0.00849141346845,2.00848176374,3.26643662419
0.01834056,0.00842437351362,2.00841465338,3.26666006862
0.01834256,0.00835600325256,2.00834621328,3.26688792705
0.01834456,0.00828631348171,2.00827645425,3.26712016272
0.01834656,0.00821531520591,2.0082053873,3.26735673815
0.01834856,0.0081430196366,2.00813302365,3.2675976152
0.01835056,0.0080694381901,2.00805937474,3.267842755
0.01835256,0.00799458248576,2.00798445218,3.26809211804
0.01835456,0.00791846434417,2.00790826782,3.26834566411
0.01835656,0.00784109578527,2.00783083369,3.26860335235
0.01835856,0.00776248902644,2.007752162,3.26886514123
0.01836056,0.00768265648061,2.00767226518,3.26913098857
0.01836256,0.00760161075427,2.00759115586,3.26940085156
0.01836456,0.00751936464546,2.00750884683,3.26967468671
0.01836656,0.00743593114181,2.0074253511,3.26995244996
0.01836856,0.00735132341844,2.00734068186,3.27023409657
0.01837056,0.00726555483587,2.00725485246,3.27051958121
0.01837256,0.00717863893798,2.00716787647,3.27080885795
0.01837456,0.00709058944977,2.00707976761,3.27110188025
0.01837656,0.0070014202753,2.00699053981,3.27139860098
0.01837856,0.0069111454954,2.00690020715,3.27169897242
0.01838056,0.00681977936551,2.0068087839,3.27200294627
0.01838256,0.0067273363134,2.0067162845,3.27231047368
0.01838456,0.00663383093691,2.00662272354,3.27262150523
0.01838656,0.0065392780016,2.00652811581,3.27293599095
0.01838856,0.0064436924385,2.00643247624,3.27325388033
0.01839056,0.00634708934166,2.00633581995,3.27357512231
0.01839256,0.00624948396583,2.00623816218,3.27389966532
0.01839456,0.00615089172404,2.00613951836,3.27422745728
0.01839656,0.00605132818515,2.00603990408,3.27455844558
0.01839856,0.00595080907138,2.00593933505,3.27489257712
0.01840056,0.00584935025588,2.00583782716,3.27522979831
0.01840256,0.00574696776016,2.00573539645,3.27557005509
0.01840456,0.00564367775162,2.00563205907,3.27591329291
0.01840656,0.00553949654093,2.00552783136,3.27625945676
0.01840856,0.00543444057952,2.00542272977,3.27660849118
0.01841056,0.00532852645695,2.0053167709,3.27696034027
0.01841256,0.00522177089828,2.00520997148,3.27731494768
0.01841456,0.00511419076146,2.00510234838,3.27767225664
0.01841656,0.00500580303462,2.00499391858,3.27803220997
0.01841856,0.00489662483346,2.00488469922,3.27839475008
0.01842056,0.00478667339848,2.00477470754,3.27875981898
0.01842256,0.00467596609227,2.0046639609,3.27912735828
0.01842456,0.00456452039681,2.00455247681,3.27949730924
0.01842656,0.00445235391067,2.00444027285,3.27986961272
0.01842856,0.00433948434624,2.00432736676,3.28024420924
0.01843056,0.00422592952692,2.00421377635,3.28062103897
0.01843256,0.00411170738434,2.00409951957,3.28100004174
0.01843456,0.0039968359555,2.00398461445,3.28138115705
0.01843656,0.00388133337992,2.00386907915,3.28176432406
0.01843856,0.00376521789682,2.00375293191,3.28214948166
0.01844056,0.00364850784216,2.00363619107,3.28253656841
0.01844256,0.00353122164582,2.00351887506,3.2829255226
0.01844456,0.00341337782864,2.00340100241,3.28331628222
0.01844656,0.00329499499954,2.00328259173,3.28370878501
0.01844856,0.00317609185253,2.00316366173,3.28410296844
0.01845056,0.00305668716379,2.00304423117,3.28449876974
0.01845256,0.00293679978872,2.00292431893,3.28489612589
0.01845456,0.00281644865892,2.00280394393,3.28529497367
0.01845656,0.00269565277923,2.00268312519,3.2856952496
0.01845856,0.00257443122471,2.00256188178,3.28609689002
0.01846056,0.00245280313766,2.00244023285,3.28649983108
0.01846256,0.00233078772456,2.00231819761,3.28690400871
0.01846456,0.00220840425306,2.00219579533,3.2873093587
0.01846656,0.00208567204892,2.00207304534,3.28771581666
0.01846856,0.001962610493,2.00194996702,3.28812331803
0.01847056,0.00183923901812,2.00182657981,3.28853179813
0.01847256,0.00171557710608,2.00170290319,3.28894119213
0.01847456,0.00159164428453,2.0015789567,3.28935143508
0.01847656,0.0014674601239,2.0014547599,3.28976246191
0.01847856,0.0013430442343,2.0013303324,3.29017420747
0.01848056,0.00121841626245,2.00120569386,3.29058660648
0.01848256,0.00109359588854,2.00108086396,3.2909995936
0.01848456,0.000968602823167,2.00095586241,3.29141310343
0.01848656,0.00084345680418,2.00083070895,3.29182707048
0.01848856,0.000718177593585,2.00070542334,3.29224142923
0.01849056,0.000592784974424,2.00058002536,3.29265611412
0.01849256,0.000467298747643,2.00045453482,3.29307105953
0.01849456,0.000341738728972,2.00032897154,3.29348619986
0.01849656,0.000216124745795,2.00020335534,3.29390146948
0.01849856,9.04766340151e-05,2.00007770606,3.29431680277
0.01850056,-3.51857650743e-05,1.99995204353,3.29473213411
0.01850256,-0.000160842607923,1.99982638761,3.29514739791
0.01850456,-0.00028647405186,1.99970075814,3.29556252861
0.01850656,-0.000412060258223,1.99957517495,3.29597746069
0.01850856,-0.000537581395495,1.99944965788,3.2963921287
0.01851056,-0.000663017642432,1.99932422674,3.29680646722
0.01851256,-0.000788349191198,1.99919890134,3.29722041094
0.01851456,-0.000913556250488,1.99907370148,3.29763389461
0.01851656,-0.00103861904866,1.99894864692,3.29804685308
0.01851856,-0.00116351783683,1.99882375742,3.29845922131
0.01852056,-0.00128823289206,1.99869905268,3.29887093436
0.01852256,-0.00141274452038,1.99857455241,3.29928192744
0.01852456,-0.00153703305996,1.99845027627,3.29969213586
0.01852656,-0.0016610788842,1.99832624388,3.30010149511
0.01852856,-0.00178486240483,1.99820247482,3.30050994082
0.01853056,-0.001908364075,1.99807898864,3.30091740877
0.01853256,-0.00203156439236,1.99795580485,3.30132383493
0.01853456,-0.00215444390215,1.99783294289,3.30172915546
0.01853656,-0.00227698320027,1.99771042216,3.3021333067
0.01853856,-0.00239916293635,1.99758826201,3.30253622521
0.01854056,-0.00252096381678,1.99746648173,3.30293784775
0.01854256,-0.00264236660781,1.99734510056,3.3033381113
0.01854456,-0.00276335213852,1.99722413766,3.30373695311
0.01854656,-0.0028839013039,1.99710361213,3.30413431062
0.01854856,-0.00300399506782,1.996983543,3.30453012155
0.01855056,-0.0031236144661,1.99686394924,3.3049243239
0.01855256,-0.00324274060945,1.99674484973,3.30531685591
0.01855456,-0.00336135468646,1.99662626327,3.30570765611
0.01855656,-0.00347943796661,1.9965082086,3.30609666334
0.01855856,-0.00359697180316,1.99639070435,3.30648381672
0.01856056,-0.00371393763617,1.99627376908,3.30686905567
0.01856256,-0.00383031699537,1.99615742126,3.30725231996
0.01856456,-0.00394609150311,1.99604167925,3.30763354965
0.01856656,-0.00406124287727,1.99592656134,3.30801268518
0.01856856,-0.00417575293409,1.99581208571,3.3083896673
0.01857056,-0.00428960359112,1.99569827043,3.30876443714
0.01857256,-0.00440277687001,1.99558513347,3.30913693616
0.01857456,-0.0045152548994,1.99547269269,3.30950710622
0.01857656,-0.0046270199177,1.99536096587,3.30987488956
0.01857856,-0.00473805427591,1.99524997063,3.3102402288
0.01858056,-0.00484834044043,1.99513972451,3.31060306696
0.01858256,-0.00495786099579,1.99503024491,3.31096334747
0.01858456,-0.00506659864742,1.99492154913,3.31132101418
0.01858656,-0.0051745362244,1.99481365432,3.31167601135
0.01858856,-0.00528165668212,1.99470657753,3.31202828369
0.01859056,-0.00538794310502,1.99460033566,3.31237777633
0.01859256,-0.00549337870924,1.99449494549,3.31272443487
0.01859456,-0.00559794684529,1.99439042367,3.31306820535
0.01859656,-0.00570163100064,1.99428678669,3.31340903428
0.01859856,-0.00580441480236,1.99418405093,3.31374686865
0.01860056,-0.00590628201969,1.9940822326,3.31408165591
0.01860256,-0.00600721656662,1.99398134779,3.31441334403
0.01860456,-0.00610720250442,1.99388141242,3.31474188145
0.01860656,-0.00620622404415,1.99378244229,3.31506721712
0.01860856,-0.00630426554916,1.993684453,3.3153893005
0.01861056,-0.00640131153755,1.99358746005,3.31570808158
0.01861256,-0.00649734668465,1.99349147874,3.31602351087
0.01861456,-0.00659235582538,1.99339652423,3.3163355394
0.01861656,-0.00668632395671,1.99330261152,3.31664411875
0.01861856,-0.00677923623998,1.99320975543,3.31694920106
0.01862056,-0.00687107800325,1.99311797064,3.31725073901
0.01862256,-0.00696183474366,1.99302727163,3.31754868584
0.01862456,-0.00705149212966,1.99293767272,3.31784299537
0.01862656,-0.00714003600331,1.99284918807,3.31813362198
0.01862856,-0.0072274523825,1.99276183164,3.31842052065
0.01863056,-0.00731372746318,1.99267561724,3.31870364693
0.01863256,-0.0073988476215,1.99259055847,3.31898295697
0.01863456,-0.00748279941602,1.99250666877,3.31925840754
0.01863656,-0.00756556958977,1.99242396139,3.31952995598
0.01863856,-0.00764714507238,1.99234244938,3.31979756029
0.01864056,-0.00772751298213,1.99226214562,3.32006117904
0.01864256,-0.007806660628,1.99218306278,3.32032077147
0.01864456,-0.00788457551166,1.99210521336,3.32057629742
0.01864656,-0.00796124532944,1.99202860965,3.32082771738
0.01864856,-0.0080366579743,1.99195326375,3.3210749925
0.01865056,-0.0081108015377,1.99187918755,3.32131808454
0.01865256,-0.00818366431151,1.99180639276,3.32155695594
0.01865456,-0.00825523478987,1.99173489086,3.3217915698
0.01865656,-0.00832550167095,1.99166469314,3.32202188989
0.01865856,-0.0083944538588,1.9915958107,3.32224788062
0.01866056,-0.00846208046508,1.99152825441,3.32246950711
0.01866256,-0.00852837081075,1.99146203494,3.32268673514
0.01866456,-0.00859331442782,1.99139716274,3.32289953119
0.01866656,-0.00865690106091,1.99133364807,3.32310786241
0.01866856,-0.00871912066898,1.99127150094,3.32331169666
0.01867056,-0.00877996342682,1.99121073117,3.32351100249
0.01867256,-0.00883941972665,1.99115134836,3.32370574917
0.01867456,-0.00889748017963,1.99109336189,3.32389590667
0.01867656,-0.00895413561736,1.99103678091,3.32408144565
0.01867856,-0.00900937709327,1.99098161436,3.32426233752
0.01868056,-0.00906319588409,1.99092787094,3.3244385544
0.01868256,-0.00911558349123,1.99087555915,3.32461006912
0.01868456,-0.00916653164205,1.99082468725,3.32477685526
0.01868656,-0.00921603229127,1.99077526327,3.32493888712
0.01868856,-0.00926407762216,1.99072729501,3.32509613974
0.01869056,-0.0093106600478,1.99068079005,3.3252485889
0.01869256,-0.00935577221228,1.99063575574,3.32539621111
0.01869456,-0.00939940699187,1.99059219917,3.32553898365
0.01869656,-0.00944155749614,1.99055012724,3.32567688453
0.01869856,-0.00948221706903,1.99050954659,3.32580989252
0.01870056,-0.00952137928993,1.99047046362,3.32593798715
0.01870256,-0.00955903797465,1.9904328845,3.3260611487
0.01870456,-0.00959518717648,1.99039681518,3.32617935821
0.01870656,-0.00962982118701,1.99036226134,3.32629259749
0.01870856,-0.00966293453715,1.99032922844,3.32640084913
0.01871056,-0.0096945219979,1.9902977217,3.32650409646
0.01871256,-0.00972457858125,1.99026774609,3.3266023236
0.01871456,-0.00975309954092,1.99023930635,3.32669551543
0.01871656,-0.0097800803731,1.99021240697,3.32678365764
0.01871856,-0.00980551681722,1.9901870522,3.32686673664
0.01872056,-0.00982940485656,1.99016324603,3.32694473968
0.01872256,-0.00985174071893,1.99014099223,3.32701765476
0.01872456,-0.00987252087724,1.99012029432,3.32708547065
0.01872656,-0.00989174205005,1.99010115556,3.32714817694
0.01872856,-0.00990940120213,1.99008357897,3.32720576398
0.01873056,-0.00992549554488,1.99006756733,3.32725822292
0.01873256,-0.00994002253682,1.99005312317,3.3273055457
0.01873456,-0.00995297988398,1.99004024877,3.32734772503
0.01873656,-0.00996436554024,1.99002894616,3.32738475443
0.01873856,-0.00997417770766,1.99001921712,3.32741662821
0.01874056,-0.00998241483681,1.9900110632,3.32744334148
0.01874256,-0.00998907562693,1.99000448568,3.32746489012
0.01874456,-0.00999415902621,1.98999948559,3.32748127082
0.01874656,-0.00999766423192,1.98999606374,3.32749248107
0.01874856,-0.00999959069056,1.98999422066,3.32749851914
0.01875056,-0.00999993809791,1.98999395663,3.3274993841
0.01875256,-0.0099987063991,1.98999527171,3.32749507582
0.01875456,-0.00999589578865,1.98999816568,3.32748559497
0.01875656,-0.00999150671038,1.99000263809,3.32747094299
0.01875856,-0.00998553985738,1.99000868823,3.32745112215
0.01876056,-0.00997799617187,1.99001631514,3.32742613548
0.01876256,-0.0099688768451,1.99002551763,3.32739598684
0.01876456,-0.00995818331711,1.99003629423,3.32736068085
0.01876656,-0.00994591727654,1.99004864325,3.32732022293
0.01876856,-0.00993208066033,1.99006256274,3.32727461932
0.01877056,-0.00991667565346,1.99007805049,3.32722387703
0.01877256,-0.00989970468853,1.99009510407,3.32716800384
0.01877456,-0.00988117044548,1.99011372077,3.32710700836
0.01877656,-0.00986107585107,1.99013389767,3.32704089996
0.01877856,-0.00983942407846,1.99015563157,3.3269696888
0.01878056,-0.00981621854674,1.99017891904,3.32689338585
0.01878256,-0.00979146292031,1.99020375641,3.32681200282
0.01878456,-0.00976516110838,1.99023013974,3.32672555224
0.01878656,-0.00973731726431,1.99025806489,3.3266340474
0.01878856,-0.00970793578496,1.99028752743,3.32653750239
0.01879056,-0.00967702131002,1.99031852271,3.32643593204
0.01879256,-0.00964457872123,1.99035104584,3.32632935198
0.01879456,-0.00961061314166,1.99038509169,3.32621777862
0.01879656,-0.00957512993486,1.99042065487,3.32610122913
0.01879856,-0.00953813470405,1.99045772977,3.32597972142
0.01880056,-0.0094996332912,1.99049631055,3.32585327421
0.01880256,-0.00945963177613,1.99053639109,3.32572190696
0.01880456,-0.00941813647554,1.99057796508,3.32558563989
0.01880656,-0.00937515394202,1.99062102595,3.32544449397
0.01880856,-0.00933069096302,1.9906655669,3.32529849095
0.01881056,-0.00928475455975,1.9907115809,3.32514765329
0.01881256,-0.0092373519861,1.99075906068,3.32499200424
0.01881456,-0.00918849072749,1.99080799874,3.32483156776
0.01881656,-0.00913817849968,1.99085838736,3.32466636857
0.01881856,-0.00908642324754,1.99091021858,3.32449643211
0.01882056,-0.00903323314385,1.99096348421,3.32432178459
0.01882256,-0.00897861658793,1.99101817584,3.32414245291
0.01882456,-0.00892258220436,1.99107428484,3.3239584647
0.01882656,-0.00886513884163,1.99113180234,3.32376984835
0.01882856,-0.0088062955707,1.99119071927,3.32357663292
0.01883056,-0.00874606168363,1.99125102632,3.32337884821
0.01883256,-0.00868444669202,1.99131271396,3.32317652472
0.01883456,-0.00862146032561,1.99137577246,3.32296969367
0.01883656,-0.00855711253067,1.99144019185,3.32275838697
0.01883856,-0.00849141346846,1.99150596197,3.32254263722
0.01884056,-0.00842437351363,1.99157307243,3.32232247772
0.01884256,-0.00835600325257,1.99164151263,3.32209794246
0.01884456,-0.00828631348172,1.99171127177,3.32186906611
0.01884656,-0.00821531520592,1.99178233882,3.321635884
0.01884856,-0.00814301963662,1.99185470257,3.32139843215
0.01885056,-0.00806943819011,1.99192835158,3.32115674725
0.01885256,-0.00799458248577,1.99200327424,3.32091086665
0.01885456,-0.00791846434418,1.9920794587,3.32066082833
0.01885656,-0.00784109578528,1.99215689294,3.32040667096
0.01885856,-0.00776248902646,1.99223556473,3.32014843383
0.01886056,-0.00768265648063,1.99231546165,3.31988615687
0.01886256,-0.00760161075428,1.99239657108,3.31961988065
0.01886456,-0.00751936464548,1.9924788802,3.31934964638
0.01886656,-0.00743593114183,1.99256237604,3.31907549585
0.01886856,-0.00735132341845,1.99264704539,3.31879747152
0.01887056,-0.00726555483589,1.99273287489,3.31851561643
0.01887256,-0.00717863893799,1.99281985098,3.31822997422
0.01887456,-0.00709058944979,1.99290795994,3.31794058913
0.01887656,-0.00700142027532,1.99299718784,3.317647506
0.01887856,-0.00691114549542,1.9930875206,3.31735077024
0.01888056,-0.00681977936553,1.99317894395,3.31705042786
0.01888256,-0.00672733631342,1.99327144346,3.31674652542
0.01888456,-0.00663383093692,1.99336500452,3.31643911004
0.01888656,-0.00653927800162,1.99345961235,3.31612822942
0.01888856,-0.00644369243851,1.99355525202,3.31581393178
0.01889056,-0.00634708934167,1.99365190842,3.31549626592
0.01889256,-0.00624948396585,1.99374956629,3.31517528114
0.01889456,-0.00615089172406,1.99384821021,3.31485102729
0.01889656,-0.00605132818516,1.9939478246,3.31452355473
0.01889856,-0.0059508090714,1.99404839373,3.31419291434
0.01890056,-0.0058493502559,1.99414990172,3.3138591575
0.01890256,-0.00574696776018,1.99425233254,3.3135223361
0.01890456,-0.00564367775164,1.99435567001,3.31318250251
0.01890656,-0.00553949654095,1.99445989782,3.31283970959
0.01890856,-0.00543444057954,1.99456499951,3.31249401067
0.01891056,-0.00532852645697,1.99467095849,3.31214545954
0.01891256,-0.0052217708983,1.99477775801,3.31179411047
0.01891456,-0.00511419076148,1.99488538122,3.31144001817
0.01891656,-0.00500580303464,1.99499381111,3.31108323779
0.01891856,-0.00489662483348,1.99510303058,3.31072382492
0.01892056,-0.0047866733985,1.99521302236,3.31036183557
0.01892256,-0.00467596609229,1.9953237691,3.30999732618
0.01892456,-0.00456452039683,1.9954352533,3.30963035358
0.01892656,-0.00445235391069,1.99554745736,3.30926097503
0.01892856,-0.00433948434626,1.99566036356,3.30888924816
0.01893056,-0.00422592952694,1.99577395406,3.30851523099
0.01893256,-0.00411170738436,1.99588821095,3.30813898191
0.01893456,-0.00399683595552,1.99600311616,3.30776055969
0.01893656,-0.00388133337995,1.99611865156,3.30738002345
0.01893856,-0.00376521789684,1.99623479891,3.30699743266
0.01894056,-0.00364850784218,1.99635153985,3.30661284712
0.01894256,-0.00353122164584,1.99646885596,3.30622632697
0.01894456,-0.00341337782866,1.99658672872,3.30583793268
0.01894656,-0.00329499499956,1.9967051395,3.30544772502
0.01894856,-0.00317609185255,1.99682406961,3.30505576506
0.01895056,-0.00305668716382,1.99694350026,3.30466211417
0.01895256,-0.00293679978874,1.99706341261,3.30426683401
0.01895456,-0.00281644865894,1.99718378771,3.30386998651
0.01895656,-0.00269565277925,1.99730460655,3.30347163385
0.01895856,-0.00257443122473,1.99742585006,3.3030718385
0.01896056,-0.00245280313768,1.9975474991,3.30267066314
0.01896256,-0.00233078772458,1.99766953444,3.30226817071
0.01896456,-0.00220840425308,1.99779193682,3.30186442437
0.01896656,-0.00208567204895,1.99791468691,3.30145948751
0.01896856,-0.00196261049302,1.99803776533,3.30105342369
0.01897056,-0.00183923901814,1.99816115265,3.30064629672
0.01897256,-0.0017155771061,1.99828482937,3.30023817056
0.01897456,-0.00159164428455,1.99840877597,3.29982910935
0.01897656,-0.00146746012392,1.99853297287,3.29941917742
0.01897856,-0.00134304423432,1.99865740046,3.29900843925
0.01898056,-0.00121841626247,1.99878203911,3.29859695945
0.01898256,-0.00109359588856,1.99890686911,3.29818480279
0.01898456,-0.00096860282319,1.99903187076,3.29777203415
0.01898656,-0.000843456804203,1.99915702433,3.29735871855
0.01898856,-0.000718177593608,1.99928231004,3.2969449211
0.01899056,-0.000592784974447,1.99940770812,3.29653070702
0.01899256,-0.000467298747666,1.99953319876,3.29611614159
0.01899456,-0.000341738728995,1.99965876214,3.29570129021
0.01899656,-0.000216124745818,1.99978437845,3.2952862183
0.01899856,-9.04766340381e-05,1.99991002783,3.29487099138
0.01900056,3.51857650513e-05,2.00003569046,3.29445567499
0.01900256,0.0001608426079,2.00016134648,3.29404033471
0.01900456,0.000286474051837,2.00028697606,3.29362503615
0.01900656,0.0004120602582,2.00041255935,3.29320984493
0.01900856,0.000537581395472,2.00053807652,3.29279482668
0.01901056,0.000663017642409,2.00066350776,3.29238004701
0.01901256,0.000788349191175,2.00078883326,3.29196557154
0.01901456,0.000913556250465,2.00091403323,3.29155146585
0.01901656,0.00103861904863,2.00103908789,3.29113779546
0.01901856,0.00116351783681,2.00116397749,3.29072462589
0.01902056,0.00128823289204,2.00128868233,3.29031202256
0.01902256,0.00141274452035,2.0014131827,3.28990005084
0.01902456,0.00153703305994,2.00153745895,3.28948877602
0.01902656,0.00166107888418,2.00166149144,3.2890782633
0.01902856,0.00178486240481,2.0017852606,3.28866857779
0.01903056,0.00190836407498,2.00190874688,3.28825978446
0.01903256,0.00203156439233,2.00203193078,3.28785194819
0.01903456,0.00215444390212,2.00215479284,3.28744513372
0.01903656,0.00227698320024,2.00227731367,3.28703940565
0.01903856,0.00239916293632,2.00239947392,3.28663482841
0.01904056,0.00252096381676,2.0025212543,3.28623146629
0.01904256,0.00264236660779,2.00264263557,3.2858293834
0.01904456,0.0027633521385,2.00276359858,3.28542864366
0.01904656,0.00288390130387,2.00288412421,3.28502931081
0.01904856,0.0030039950678,2.00300419344,3.28463144838
0.01905056,0.00312361446608,2.00312378731,3.28423511967
0.01905256,0.00324274060943,2.00324288692,3.28384038779
0.01905456,0.00336135468644,2.00336147348,3.28344731558
0.01905656,0.00347943796658,2.00347952826,3.28305596565
0.01905856,0.00359697180314,2.00359703261,3.28266640037
0.01906056,0.00371393763615,2.00371396798,3.28227868181
0.01906256,0.00383031699535,2.0038303159,3.28189287179
0.01906456,0.00394609150309,2.00394605801,3.28150903185
0.01906656,0.00406124287725,2.00406117602,3.2811272232
0.01906856,0.00417575293407,2.00417565176,3.28074750678
0.01907056,0.0042896035911,2.00428946714,3.2803699432
0.01907256,0.00440277686999,2.0044026042,3.27999459274
0.01907456,0.00451525489938,2.00451504508,3.27962151535
0.01907656,0.00462701991768,2.004626772,3.27925077063
0.01907856,0.00473805427589,2.00473776734,3.27888241782
0.01908056,0.00484834044041,2.00484801357,3.27851651582
0.01908256,0.00495786099577,2.00495749327,3.27815312312
0.01908456,0.0050665986474,2.00506618915,3.27779229784
0.01908656,0.00517453622438,2.00517408406,3.27743409772
0.01908856,0.0052816566821,2.00528116096,3.27707858007
0.01909056,0.005387943105,2.00538740293,3.2767258018
0.01909256,0.00549337870923,2.0054927932,3.2763758194
0.01909456,0.00559794684527,2.00559731512,3.27602868892
0.01909656,0.00570163100062,2.0057009522,3.27568446598
0.01909856,0.00580441480234,2.00580368807,3.27534320573
0.01910056,0.00590628201967,2.0059055065,3.27500496287
0.01910256,0.0060072165666,2.00600639141,3.27466979164
0.01910456,0.0061072025044,2.00610632688,3.27433774577
0.01910656,0.00620622404413,2.00620529712,3.27400887855
0.01910856,0.00630426554914,2.00630328651,3.27368324273
0.01911056,0.00640131153753,2.00640027956,3.27336089058
0.01911256,0.00649734668463,2.00649626098,3.27304187385
0.01911456,0.00659235582536,2.00659121559,3.27272624375
0.01911656,0.00668632395669,2.0066851284,3.27241405099
0.01911856,0.00677923623996,2.00677798459,3.27210534572
0.01912056,0.00687107800324,2.00686976948,3.27180017753
0.01912256,0.00696183474365,2.0069604686,3.27149859549
0.01912456,0.00705149212964,2.00705006761,3.27120064807
0.01912656,0.00714003600329,2.00713855236,3.27090638318
0.01912856,0.00722745238248,2.00722590889,3.27061584815
0.01913056,0.00731372746316,2.00731212339,3.27032908972
0.01913256,0.00739884762149,2.00739718226,3.27004615402
0.01913456,0.00748279941601,2.00748107206,3.2697670866
0.01913656,0.00756556958975,2.00756377955,3.26949193238
0.01913856,0.00764714507236,2.00764529166,3.26922073566
0.01914056,0.00772751298211,2.00772559553,3.26895354011
0.01914256,0.00780666062798,2.00780467846,3.26869038877
0.01914456,0.00788457551164,2.00788252798,3.26843132403
0.01914656,0.00796124532943,2.0079591318,3.26817638765
0.01914856,0.00803665797429,2.0080344778,3.26792562071
0.01915056,0.00811080153769,2.0081085541,3.26767906364
0.01915256,0.0081836643115,2.008181349,3.26743675617
0.01915456,0.00825523478985,2.008252851,3.26719873741
0.01915656,0.00832550167093,2.00832304882,3.26696504572
0.01915856,0.00839445385879,2.00839193136,3.26673571881
0.01916056,0.00846208046507,2.00845948775,3.26651079368
0.01916256,0.00852837081074,2.00852570733,3.26629030664
0.01916456,0.00859331442781,2.00859057962,3.26607429325
0.01916656,0.0086569010609,2.0086540944,3.26586278841
0.01916856,0.00871912066897,2.00871624164,3.26565582625
0.01917056,0.00877996342681,2.00877701151,3.26545344019
0.01917256,0.00883941972664,2.00883639442,3.26525566293
0.01917456,0.00889748017962,2.00889438099,3.2650625264
0.01917656,0.00895413561735,2.00895096207,3.26487406181
0.01917856,0.00900937709326,2.00900612873,3.26469029961
0.01918056,0.00906319588408,2.00905987224,3.2645112695
0.01918256,0.00911558349122,2.00911218413,3.26433700041
0.01918456,0.00916653164204,2.00916305614,3.26416752051
0.01918656,0.00921603229127,2.00921248022,3.2640028572
0.01918856,0.00926407762215,2.00926044858,3.26384303711
0.01919056,0.00931066004779,2.00930695364,3.26368808607
0.01919256,0.00935577221227,2.00935198806,3.26353802914
0.01919456,0.00939940699186,2.00939554473,3.2633928906
0.01919656,0.00944155749613,2.00943761676,3.26325269392
0.01919856,0.00948221706902,2.00947819752,3.26311746178
0.01920056,0.00952137928992,2.00951728059,3.26298721607
0.01920256,0.00955903797465,2.00955485981,3.26286197785
0.01920456,0.00959518717647,2.00959092924,3.2627417674
0.01920656,0.009629821187,2.00962548318,3.26262660416
0.01920856,0.00966293453714,2.00965851618,3.26251650679
0.01921056,0.0096945219979,2.00969002302,3.26241149309
0.01921256,0.00972457858125,2.00971999873,3.26231158007
0.01921456,0.00975309954091,2.00974843857,3.2622167839
0.01921656,0.00978008037309,2.00977533805,3.26212711994
0.01921856,0.00980551681721,2.00980069293,3.26204260269
0.01922056,0.00982940485656,2.0098244992,3.26196324585
0.01922256,0.00985174071893,2.0098467531,3.26188906227
0.01922456,0.00987252087723,2.00986745111,3.26182006395
0.01922656,0.00989174205005,2.00988658998,3.26175626208
0.01922856,0.00990940120212,2.00990416667,3.26169766698
0.01923056,0.00992549554487,2.00992017841,3.26164428816
0.01923256,0.00994002253682,2.00993462267,3.26159613424
0.01923456,0.00995297988398,2.00994749718,3.26155321304
0.01923656,0.00996436554024,2.00995879989,3.26151553151
0.01923856,0.00997417770766,2.00996852903,3.26148309575
0.01924056,0.0099824148368,2.00997668305,3.26145591101
0.01924256,0.00998907562692,2.00998326068,3.2614339817
0.01924456,0.00999415902621,2.00998826086,3.26141731137
0.01924656,0.00999766423192,2.00999168282,3.26140590272
0.01924856,0.00999959069056,2.009993526,3.26139975761
0.01925056,0.00999993809791,2.00999379013,3.26139887702
0.01925256,0.0099987063991,2.00999247515,3.2614032611
0.01925456,0.00999589578865,2.00998958129,3.26141290913
0.01925656,0.00999150671038,2.00998510898,3.26142781957
0.01925856,0.00998553985738,2.00997905894,3.26144798998
0.01926056,0.00997799617187,2.00997143213,3.2614734171
0.01926256,0.0099688768451,2.00996222975,3.26150409682
0.01926456,0.00995818331711,2.00995145324,3.26154002416
0.01926656,0.00994591727654,2.00993910433,3.2615811933
0.01926856,0.00993208066034,2.00992518494,3.26162759757
0.01927056,0.00991667565346,2.00990969729,3.26167922946
0.01927256,0.00989970468854,2.00989264382,3.26173608061
0.01927456,0.00988117044548,2.00987402721,3.2617981418
0.01927656,0.00986107585107,2.00985385042,3.26186540298
0.01927856,0.00983942407847,2.00983211662,3.26193785326
0.01928056,0.00981621854674,2.00980882925,3.26201548091
0.01928256,0.00979146292031,2.00978399199,3.26209827336
0.01928456,0.00976516110838,2.00975760875,3.2621862172
0.01928656,0.00973731726431,2.00972968371,3.26227929818
0.01928856,0.00970793578497,2.00970022127,3.26237750124
0.01929056,0.00967702131002,2.00966922609,3.26248081049
0.01929256,0.00964457872123,2.00963670306,3.26258920919
0.01929456,0.00961061314166,2.00960265732,3.2627026798
0.01929656,0.00957512993487,2.00956709424,3.26282120395
0.01929856,0.00953813470406,2.00953001944,3.26294476247
0.01930056,0.0094996332912,2.00949143877,3.26307333535
0.01930256,0.00945963177613,2.00945135832,3.26320690179
0.01930456,0.00941813647555,2.00940978444,3.26334544018
0.01930656,0.00937515394203,2.00936672367,3.2634889281
0.01930856,0.00933069096303,2.00932218282,3.26363734236
0.01931056,0.00928475455976,2.00927616892,3.26379065893
0.01931256,0.00923735198611,2.00922868924,3.26394885303
0.01931456,0.0091884907275,2.00917975128,3.26411189907
0.01931656,0.00913817849968,2.00912936277,3.26427977069
0.01931856,0.00908642324755,2.00907753165,3.26445244075
0.01932056,0.00903323314386,2.00902426613,3.26462988134
0.01932256,0.00897861658794,2.0089695746,3.26481206378
0.01932456,0.00892258220437,2.0089134657,3.26499895863
0.01932656,0.00886513884164,2.0088559483,3.26519053568
0.01932856,0.00880629557072,2.00879703147,3.26538676399
0.01933056,0.00874606168364,2.00873672453,3.26558761186
0.01933256,0.00868444669203,2.00867503699,3.26579304685
0.01933456,0.00862146032562,2.00861197859,3.26600303578
0.01933656,0.00855711253068,2.0085475593,3.26621754475
0.01933856,0.00849141346847,2.00848178928,3.26643653913
0.01934056,0.00842437351365,2.00841467892,3.26665998357
0.01934256,0.00835600325258,2.00834623883,3.26688784201
0.01934456,0.00828631348174,2.00827647979,3.26712007768
0.01934656,0.00821531520594,2.00820541284,3.26735665312
0.01934856,0.00814301963663,2.0081330492,3.26759753017
0.01935056,0.00806943819012,2.00805940028,3.26784266998
0.01935256,0.00799458248579,2.00798447773,3.26809203302
0.01935456,0.0079184643442,2.00790829337,3.2683455791
0.01935656,0.00784109578529,2.00783085923,3.26860326735
0.01935856,0.00776248902647,2.00775218754,3.26886505624
0.01936056,0.00768265648064,2.00767229073,3.26913090359
0.01936256,0.0076016107543,2.0075911814,3.26940076658
0.01936456,0.00751936464549,2.00750887238,3.26967460174
0.01936656,0.00743593114184,2.00742537665,3.26995236499
0.01936856,0.00735132341847,2.0073407074,3.27023401161
0.01937056,0.00726555483591,2.007254878,3.27051949626
0.01937256,0.00717863893801,2.00716790201,3.27080877301
0.01937456,0.00709058944981,2.00707979315,3.27110179532
0.01937656,0.00700142027533,2.00699056535,3.27139851605
0.01937856,0.00691114549543,2.00690023269,3.27169888749
0.01938056,0.00681977936555,2.00680880944,3.27200286136
0.01938256,0.00672733631344,2.00671631004,3.27231038878
0.01938456,0.00663383093694,2.00662274908,3.27262142033
0.01938656,0.00653927800164,2.00652814135,3.27293590606
0.01938856,0.00644369243853,2.00643250178,3.27325379544
0.01939056,0.00634708934169,2.00633584549,3.27357503743
0.01939256,0.00624948396587,2.00623818772,3.27389958045
0.01939456,0.00615089172408,2.0061395439,3.27422737242
0.01939656,0.00605132818518,2.00603992962,3.27455836072
0.01939856,0.00595080907142,2.00593936059,3.27489249227
0.01940056,0.00584935025591,2.0058378527,3.27522971348
0.01940256,0.0057469677602,2.00573542198,3.27556997026
0.01940456,0.00564367775165,2.00563208461,3.27591320809
0.01940656,0.00553949654097,2.0055278569,3.27625937195
0.01940856,0.00543444057956,2.00542275531,3.27660840638
0.01941056,0.00532852645699,2.00531679644,3.27696025547
0.01941256,0.00522177089832,2.00520999702,3.27731486289
0.01941456,0.0051141907615,2.00510237391,3.27767217186
0.01941656,0.00500580303466,2.00499394412,3.2780321252
0.01941856,0.0048966248335,2.00488472476,3.27839466532
0.01942056,0.00478667339852,2.00477473307,3.27875973422
0.01942256,0.00467596609231,2.00466398644,3.27912727354
0.01942456,0.00456452039685,2.00455250234,3.2794972245
0.01942656,0.00445235391071,2.00444029839,3.27986952799
0.01942856,0.00433948434628,2.00432739229,3.28024412453
0.01943056,0.00422592952696,2.00421380188,3.28062095427
0.01943256,0.00411170738438,2.0040995451,3.28099995705
0.01943456,0.00399683595554,2.00398463999,3.28138107236
0.01943656,0.00388133337997,2.00386910469,3.28176423938
0.01943856,0.00376521789686,2.00375295745,3.28214939699
0.01944056,0.0036485078422,2.0036362166,3.28253648375
0.01944256,0.00353122164586,2.00351890059,3.28292543795
0.01944456,0.00341337782868,2.00340102794,3.28331619758
0.01944656,0.00329499499958,2.00328261727,3.28370870037
0.01944856,0.00317609185257,2.00316368726,3.28410288381
0.01945056,0.00305668716384,2.00304425671,3.28449868512
0.01945256,0.00293679978877,2.00292434446,3.28489604129
0.01945456,0.00281644865897,2.00280396946,3.28529488907
0.01945656,0.00269565277927,2.00268315072,3.28569516501
0.01945856,0.00257443122475,2.00256190731,3.28609680545
0.01946056,0.0024528031377,2.00244025838,3.28649974651
0.01946256,0.0023307877246,2.00231822314,3.28690392416
0.01946456,0.0022084042531,2.00219582086,3.28730927416
0.01946656,0.00208567204897,2.00207307087,3.28771573212
0.01946856,0.00196261049304,2.00194999255,3.2881232335
0.01947056,0.00183923901817,2.00182660534,3.28853171361
0.01947256,0.00171557710613,2.00170292872,3.28894110762
0.01947456,0.00159164428458,2.00157898223,3.28935135058
0.01947656,0.00146746012394,2.00145478543,3.28976237743
0.01947856,0.00134304423434,2.00133035793,3.29017412299
0.01948056,0.00121841626249,2.00120571939,3.29058652201
0.01948256,0.00109359588859,2.00108088949,3.29099950915
0.01948456,0.000968602823213,2.00095588794,3.29141301898
0.01948656,0.000843456804226,2.00083073448,3.29182698605
0.01948856,0.000718177593631,2.00070544886,3.29224134481
0.01949056,0.00059278497447,2.00058005089,3.2926560297
0.01949256,0.000467298747689,2.00045456035,3.29307097512
0.01949456,0.000341738729018,2.00032899707,3.29348611547
0.01949656,0.000216124745841,2.00020338087,3.2939013851
0.01949856,9.04766340611e-05,2.00007773158,3.2943167184
0.01950056,-3.51857650283e-05,1.99995206906,3.29473204974
0.01950256,-0.000160842607877,1.99982641314,3.29514731355
0.01950456,-0.000286474051814,1.99970078367,3.29556244426
0.01950656,-0.000412060258177,1.99957520048,3.29597737636
0.01950856,-0.000537581395449,1.9994496834,3.29639204437
0.01951056,-0.000663017642386,1.99932425226,3.2968063829
0.01951256,-0.000788349191152,1.99919892687,3.29722032663
0.01951456,-0.000913556250442,1.99907372701,3.29763381031
0.01951656,-0.00103861904861,1.99894867245,3.29804676879
0.01951856,-0.00116351783679,1.99882378294,3.29845913703
0.01952056,-0.00128823289201,1.99869907821,3.29887085009
0.01952256,-0.00141274452033,1.99857457794,3.29928184318
0.01952456,-0.00153703305991,1.9984503018,3.29969205162
0.01952656,-0.00166107888416,1.9983262694,3.30010141088
0.01952856,-0.00178486240479,1.99820250035,3.30050985659
0.01953056,-0.00190836407495,1.99807901417,3.30091732455
0.01953256,-0.00203156439231,1.99795583037,3.30132375072
0.01953456,-0.0021544439021,1.99783296841,3.30172907126
0.01953656,-0.00227698320022,1.99771044768,3.30213322251
0.01953856,-0.0023991629363,1.99758828753,3.30253614103
0.01954056,-0.00252096381674,1.99746650726,3.30293776358
0.01954256,-0.00264236660777,1.99734512609,3.30333802715
0.01954456,-0.00276335213848,1.99722416318,3.30373686896
0.01954656,-0.00288390130385,1.99710363765,3.30413422648
0.01954856,-0.00300399506778,1.99698356852,3.30453003742
0.01955056,-0.00312361446606,1.99686397476,3.30492423978
0.01955256,-0.00324274060941,1.99674487525,3.3053167718
0.01955456,-0.00336135468642,1.99662628879,3.30570757201
0.01955656,-0.00347943796656,1.99650823412,3.30609657925
0.01955856,-0.00359697180312,1.99639072987,3.30648373263
0.01956056,-0.00371393763612,1.9962737946,3.30686897159
0.01956256,-0.00383031699533,1.99615744678,3.30725223589
0.01956456,-0.00394609150307,1.99604170477,3.3076334656
0.01956656,-0.00406124287723,1.99592658686,3.30801260114
0.01956856,-0.00417575293405,1.99581211123,3.30838958327
0.01957056,-0.00428960359108,1.99569829595,3.30876435311
0.01957256,-0.00440277686997,1.99558515899,3.30913685214
0.01957456,-0.00451525489936,1.99547271821,3.30950702221
0.01957656,-0.00462701991766,1.99536099139,3.30987480556
0.01957856,-0.00473805427587,1.99524999615,3.3102401448
0.01958056,-0.00484834044039,1.99513975003,3.31060298297
0.01958256,-0.00495786099575,1.99503027043,3.3109632635
0.01958456,-0.00506659864738,1.99492157465,3.31132093021
0.01958656,-0.00517453622436,1.99481367984,3.3116759274
0.01958856,-0.00528165668208,1.99470660305,3.31202819974
0.01959056,-0.00538794310498,1.99460036118,3.31237769239
0.01959256,-0.00549337870921,1.99449497101,3.31272435094
0.01959456,-0.00559794684525,1.99439044919,3.31306812143
0.01959656,-0.0057016310006,1.99428681221,3.31340895037
0.01959856,-0.00580441480232,1.99418407645,3.31374678474
0.01960056,-0.00590628201965,1.99408225812,3.31408157202
0.01960256,-0.00600721656658,1.99398137331,3.31441326014
0.01960456,-0.00610720250438,1.99388143794,3.31474179757
0.01960656,-0.00620622404411,1.9937824678,3.31506713324
0.01960856,-0.00630426554912,1.99368447852,3.31538921664
0.01961056,-0.00640131153751,1.99358748556,3.31570799772
0.01961256,-0.00649734668461,1.99349150425,3.31602342702
0.01961456,-0.00659235582535,1.99339654975,3.31633545555
0.01961656,-0.00668632395668,1.99330263703,3.31664403492
0.01961856,-0.00677923623994,1.99320978095,3.31694911723
0.01962056,-0.00687107800322,1.99311799615,3.31725065519
0.01962256,-0.00696183474363,1.99302729714,3.31754860203
0.01962456,-0.00705149212963,1.99293769823,3.31784291156
0.01962656,-0.00714003600327,1.99284921358,3.31813353818
0.01962856,-0.00722745238247,1.99276185716,3.31842043686
0.01963056,-0.00731372746314,1.99267564275,3.31870356314
0.01963256,-0.00739884762147,1.99259058399,3.3189828732
0.01963456,-0.00748279941599,1.99250669429,3.31925832377
0.01963656,-0.00756556958974,1.9924239869,3.31952987222
0.01963856,-0.00764714507235,1.99234247489,3.31979747653
0.01964056,-0.0077275129821,1.99226217113,3.32006109529
0.01964256,-0.00780666062797,1.99218308829,3.32032068773
0.01964456,-0.00788457551163,1.99210523888,3.32057621368
0.01964656,-0.00796124532941,1.99202863517,3.32082763366
0.01964856,-0.00803665797427,1.99195328926,3.32107490877
0.01965056,-0.00811080153767,1.99187921306,3.32131800082
0.01965256,-0.00818366431149,1.99180641827,3.32155687223
0.01965456,-0.00825523478984,1.99173491637,3.3217914861
0.01965656,-0.00832550167092,1.99166471865,3.32202180619
0.01965856,-0.00839445385877,1.99159583621,3.32224779693
0.01966056,-0.00846208046505,1.99152827992,3.32246942342
0.01966256,-0.00852837081073,1.99146206045,3.32268665146
0.01966456,-0.00859331442779,1.99139718825,3.32289944751
0.01966656,-0.00865690106089,1.99133367358,3.32310777874
0.01966856,-0.00871912066896,1.99127152645,3.32331161299
0.01967056,-0.00877996342679,1.99121075668,3.32351091883
0.01967256,-0.00883941972663,1.99115137387,3.32370566552
0.01967456,-0.00889748017961,1.9910933874,3.32389582302
0.01967656,-0.00895413561734,1.99103680642,3.324081362
0.01967856,-0.00900937709325,1.99098163986,3.32426225388
0.01968056,-0.00906319588407,1.99092789645,3.32443847076
0.01968256,-0.00911558349121,1.99087558466,3.32460998549
0.01968456,-0.00916653164204,1.99082471276,3.32477677164
0.01968656,-0.00921603229126,1.99077528878,3.3249388035
0.01968856,-0.00926407762214,1.99072732052,3.32509605613
0.01969056,-0.00931066004778,1.99068081556,3.32524850529
0.01969256,-0.00935577221226,1.99063578124,3.3253961275
0.01969456,-0.00939940699186,1.99059222468,3.32553890005
0.01969656,-0.00944155749613,1.99055015275,3.32567680093
0.01969856,-0.00948221706902,1.99050957209,3.32580980892
0.01970056,-0.00952137928991,1.99047048912,3.32593790355
0.01970256,-0.00955903797464,1.99043291001,3.32606106511
0.01970456,-0.00959518717646,1.99039684068,3.32617927462
0.01970656,-0.009629821187,1.99036228684,3.32629251391
0.01970856,-0.00966293453713,1.99032925394,3.32640076555
0.01971056,-0.00969452199789,1.9902977472,3.32650401288
0.01971256,-0.00972457858124,1.9902677716,3.32660224002
0.01971456,-0.00975309954091,1.99023933186,3.32669543186
0.01971656,-0.00978008037309,1.99021243248,3.32678357407
0.01971856,-0.00980551681721,1.9901870777,3.32686665308
0.01972056,-0.00982940485655,1.99016327154,3.32694465612
0.01972256,-0.00985174071892,1.99014101774,3.3270175712
0.01972456,-0.00987252087723,1.99012031982,3.32708538709
0.01972656,-0.00989174205004,1.99010118106,3.32714809338
0.01972856,-0.00990940120212,1.99008360447,3.32720568043
0.01973056,-0.00992549554487,1.99006759283,3.32725813937
0.01973256,-0.00994002253682,1.99005314867,3.32730546214
0.01973456,-0.00995297988398,1.99004027427,3.32734764148
0.01973656,-0.00996436554023,1.99002897166,3.32738467088
0.01973856,-0.00997417770766,1.99001924262,3.32741654467
0.01974056,-0.0099824148368,1.9900110887,3.32744325793
0.01974256,-0.00998907562692,1.99000451118,3.32746480658
0.01974456,-0.00999415902621,1.9899995111,3.32748118728
0.01974656,-0.00999766423192,1.98999608924,3.32749239753
0.01974856,-0.00999959069056,1.98999424616,3.3274984356
0.01975056,-0.00999993809791,1.98999398213,3.32749930056
0.01975256,-0.0099987063991,1.98999529721,3.32749499228
0.01975456,-0.00999589578865,1.98999819118,3.32748551143
0.01975656,-0.00999150671038,1.99000266359,3.32747085945
0.01975856,-0.00998553985738,1.99000871373,3.32745103861
0.01976056,-0.00997799617187,1.99001634064,3.32742605194
0.01976256,-0.0099688768451,1.99002554313,3.3273959033
0.01976456,-0.00995818331712,1.99003631973,3.3273605973
0.01976656,-0.00994591727655,1.99004866875,3.32732013939
0.01976856,-0.00993208066034,1.99006258824,3.32727453578
0.01977056,-0.00991667565346,1.99007807599,3.32722379348
0.01977256,-0.00989970468854,1.99009512957,3.3271679203
0.01977456,-0.00988117044549,1.99011374627,3.32710692482
0.01977656,-0.00986107585107,1.99013392317,3.32704081641
0.01977856,-0.00983942407847,1.99015565707,3.32696960526
0.01978056,-0.00981621854675,1.99017894454,3.3268933023
0.01978256,-0.00979146292032,1.9902037819,3.32681191927
0.01978456,-0.00976516110839,1.99023016524,3.32672546869
0.01978656,-0.00973731726432,1.99025809038,3.32663396385
0.01978856,-0.00970793578497,1.99028755292,3.32653741883
0.01979056,-0.00967702131003,1.99031854821,3.32643584849
0.01979256,-0.00964457872124,1.99035107134,3.32632926843
0.01979456,-0.00961061314167,1.99038511718,3.32621769507
0.01979656,-0.00957512993487,1.99042068037,3.32610114557
0.01979856,-0.00953813470406,1.99045775527,3.32597963786
0.01980056,-0.00949963329121,1.99049633604,3.32585319065
0.01980256,-0.00945963177614,1.99053641659,3.3257218234
0.01980456,-0.00941813647555,1.99057799058,3.32558555632
0.01980656,-0.00937515394204,1.99062105145,3.3254444104
0.01980856,-0.00933069096303,1.9906655924,3.32529840737
0.01981056,-0.00928475455976,1.9907116064,3.32514756972
0.01981256,-0.00923735198612,1.99075908618,3.32499192066
0.01981456,-0.00918849072751,1.99080802424,3.32483148418
0.01981656,-0.00913817849969,1.99085841286,3.32466628498
0.01981856,-0.00908642324756,1.99091024407,3.32449634853
0.01982056,-0.00903323314387,1.9909635097,3.324321701
0.01982256,-0.00897861658795,1.99101820133,3.32414236931
0.01982456,-0.00892258220438,1.99107431033,3.32395838111
0.01982656,-0.00886513884165,1.99113182784,3.32376976475
0.01982856,-0.00880629557073,1.99119074476,3.32357654931
0.01983056,-0.00874606168365,1.99125105181,3.3233787646
0.01983256,-0.00868444669204,1.99131273945,3.32317644111
0.01983456,-0.00862146032563,1.99137579795,3.32296961006
0.01983656,-0.00855711253069,1.99144021734,3.32275830335
0.01983856,-0.00849141346849,1.99150598746,3.3225425536
0.01984056,-0.00842437351366,1.99157309792,3.3223223941
0.01984256,-0.00835600325259,1.99164153812,3.32209785883
0.01984456,-0.00828631348175,1.99171129726,3.32186898247
0.01984656,-0.00821531520595,1.99178236431,3.32163580036
0.01984856,-0.00814301963664,1.99185472806,3.32139834851
0.01985056,-0.00806943819014,1.99192837707,3.3211566636
0.01985256,-0.0079945824858,1.99200329973,3.32091078299
0.01985456,-0.00791846434421,1.99207948419,3.32066074467
0.01985656,-0.00784109578531,1.99215691843,3.3204065873
0.01985856,-0.00776248902649,1.99223559022,3.32014835016
0.01986056,-0.00768265648066,1.99231548714,3.31988607319
0.01986256,-0.00760161075431,1.99239659657,3.31961979697
0.01986456,-0.00751936464551,1.99247890569,3.31934956269
0.01986656,-0.00743593114186,1.99256240152,3.31907541216
0.01986856,-0.00735132341848,1.99264707088,3.31879738783
0.01987056,-0.00726555483592,1.99273290037,3.31851553273
0.01987256,-0.00717863893802,1.99281987647,3.31822989051
0.01987456,-0.00709058944982,1.99290798542,3.31794050541
0.01987656,-0.00700142027535,1.99299721333,3.31764742228
0.01987856,-0.00691114549545,1.99308754609,3.31735068652
0.01988056,-0.00681977936556,1.99317896944,3.31705034413
0.01988256,-0.00672733631346,1.99327146895,3.31674644168
0.01988456,-0.00663383093696,1.99336503001,3.31643902629
0.01988656,-0.00653927800165,1.99345963784,3.31612814566
0.01988856,-0.00644369243855,1.99355527751,3.31581384802
0.01989056,-0.00634708934171,1.99365193391,3.31549618215
0.01989256,-0.00624948396588,1.99374959178,3.31517519737
0.01989456,-0.0061508917241,1.99384823569,3.31485094351
0.01989656,-0.0060513281852,1.99394785008,3.31452347094
0.01989856,-0.00595080907144,1.99404841921,3.31419283055
0.01990056,-0.00584935025593,1.9941499272,3.3138590737
0.01990256,-0.00574696776022,1.99425235802,3.3135222523
0.01990456,-0.00564367775167,1.9943556955,3.3131824187
0.01990656,-0.00553949654099,1.99445992331,3.31283962577
0.01990856,-0.00543444057958,1.994565025,3.31249392684
0.01991056,-0.00532852645701,1.99467098397,3.31214537571
0.01991256,-0.00522177089834,1.99477778349,3.31179402664
0.01991456,-0.00511419076152,1.9948854067,3.31143993433
0.01991656,-0.00500580303468,1.9949938366,3.31108315394
0.01991856,-0.00489662483352,1.99510305606,3.31072374106
0.01992056,-0.00478667339854,1.99521304785,3.3103617517
0.01992256,-0.00467596609233,1.99532379458,3.3099972423
0.01992456,-0.00456452039688,1.99543527878,3.3096302697
0.01992656,-0.00445235391074,1.99554748284,3.30926089114
0.01992856,-0.0043394843463,1.99566038904,3.30888916426
0.01993056,-0.00422592952698,1.99577397955,3.30851514708
0.01993256,-0.0041117073844,1.99588823643,3.30813889799
0.01993456,-0.00399683595556,1.99600314164,3.30776047577
0.01993656,-0.00388133337999,1.99611867705,3.30737993952
0.01993856,-0.00376521789688,1.99623482439,3.30699734872
0.01994056,-0.00364850784222,1.99635156533,3.30661276317
0.01994256,-0.00353122164588,1.99646888145,3.30622624302
0.01994456,-0.00341337782871,1.9965867542,3.30583784872
0.01994656,-0.0032949949996,1.99670516498,3.30544764105
0.01994856,-0.00317609185259,1.99682409508,3.30505568108
0.01995056,-0.00305668716386,1.99694352574,3.30466203019
0.01995256,-0.00293679978879,1.99706343809,3.30426675002
0.01995456,-0.00281644865899,1.99718381319,3.3038699025
0.01995656,-0.00269565277929,1.99730463203,3.30347154984
0.01995856,-0.00257443122478,1.99742587554,3.30307175448
0.01996056,-0.00245280313773,1.99754752457,3.30267057911
0.01996256,-0.00233078772463,1.99766955992,3.30226808667
0.01996456,-0.00220840425313,1.9977919623,3.30186434033
0.01996656,-0.00208567204899,1.99791471239,3.30145940345
0.01996856,-0.00196261049306,1.99803779081,3.30105333963
0.01997056,-0.00183923901819,1.99816117812,3.30064621265
0.01997256,-0.00171557710615,1.99828485484,3.30023808648
0.01997456,-0.0015916442846,1.99840880144,3.29982902526
0.01997656,-0.00146746012397,1.99853299835,3.29941909333
0.01997856,-0.00134304423437,1.99865742594,3.29900835514
0.01998056,-0.00121841626251,1.99878206458,3.29859687534
0.01998256,-0.00109359588861,1.99890689459,3.29818471867
0.01998456,-0.000968602823236,1.99903189624,3.29777195002
0.01998656,-0.000843456804249,1.9991570498,3.29735863441
0.01998856,-0.000718177593654,1.99928233552,3.29694483696
0.01999056,-0.000592784974493,1.99940773359,3.29653062286
0.01999256,-0.000467298747712,1.99953322423,3.29611605743
0.01999456,-0.000341738729041,1.99965878762,3.29570120603
0.01999656,-0.000216124745864,1.99978440392,3.29528613412
0.01999856,-9.04766340843e-05,1.99991005331,3.29487090719
0.02000056,3.5185765005e-05,2.00003571593,3.2944555908
0.02000256,0.000160842607854,2.00016137195,3.29404025051
0.02000456,0.000286474051791,2.00028700153,3.29362495194
0.02000656,0.000412060258154,2.00041258482,3.29320976071
0.02000856,0.000537581395426,2.000538102,3.29279474245
0.02001056,0.000663017642363,2.00066353324,3.29237996277
0.02001256,0.000788349191129,2.00078885873,3.29196548729
0.02001456,0.000913556250419,2.0009140587,3.29155138159
0.02001656,0.00103861904859,2.00103911336,3.2911377112
0.02001856,0.00116351783677,2.00116400297,3.29072454161
0.02002056,0.00128823289199,2.0012887078,3.29031193827
0.02002256,0.00141274452031,2.00141320817,3.28989996655
0.02002456,0.00153703305989,2.00153748442,3.28948869172
0.02002656,0.00166107888413,2.00166151691,3.289078179
0.02002856,0.00178486240476,2.00178528607,3.28866849347
0.02003056,0.00190836407493,2.00190877235,3.28825970014
0.02003256,0.00203156439229,2.00203195625,3.28785186386
0.02003456,0.00215444390208,2.00215481831,3.28744504938
0.02003656,0.0022769832002,2.00227733914,3.2870393213
0.02003856,0.00239916293628,2.00239949939,3.28663474405
0.02004056,0.00252096381672,2.00252127977,3.28623138192
0.02004256,0.00264236660775,2.00264266104,3.28582929902
0.02004456,0.00276335213846,2.00276362405,3.28542855928
0.02004656,0.00288390130383,2.00288414968,3.28502922642
0.02004856,0.00300399506776,2.00300421891,3.28463136398
0.02005056,0.00312361446604,2.00312381278,3.28423503526
0.02005256,0.00324274060938,2.00324291239,3.28384030337
0.02005456,0.0033613546864,2.00336149895,3.28344723115
0.02005656,0.00347943796654,2.00347955373,3.28305588122
0.02005856,0.00359697180309,2.00359705808,3.28266631593
0.02006056,0.0037139376361,2.00371399345,3.28227859736
0.02006256,0.00383031699531,2.00383034137,3.28189278734
0.02006456,0.00394609150305,2.00394608348,3.28150894738
0.02006656,0.0040612428772,2.00406120149,3.28112713873
0.02006856,0.00417575293403,2.00417567722,3.28074742231
0.02007056,0.00428960359106,2.00428949261,3.28036985872
0.02007256,0.00440277686995,2.00440262967,3.27999450825
0.02007456,0.00451525489934,2.00451507054,3.27962143085
0.02007656,0.00462701991764,2.00462679747,3.27925068612
0.02007856,0.00473805427585,2.00473779281,3.27888233331
0.02008056,0.00484834044037,2.00484803903,3.27851643129
0.02008256,0.00495786099573,2.00495751873,3.27815303859
0.02008456,0.00506659864736,2.00506621462,3.2777922133
0.02008656,0.00517453622434,2.00517410953,3.27743401317
0.02008856,0.00528165668206,2.00528118642,3.27707849551
0.02009056,0.00538794310496,2.00538742839,3.27672571724
0.02009256,0.00549337870919,2.00549281866,3.27637573483
0.02009456,0.00559794684523,2.00559734059,3.27602860435
0.02009656,0.00570163100058,2.00570097767,3.2756843814
0.02009856,0.0058044148023,2.00580371353,3.27534312114
0.02010056,0.00590628201963,2.00590553196,3.27500487828
0.02010256,0.00600721656657,2.00600641688,3.27466970703
0.02010456,0.00610720250437,2.00610635234,3.27433766117
0.02010656,0.00620622404409,2.00620532258,3.27400879394
0.02010856,0.0063042655491,2.00630331197,3.27368315811
0.02011056,0.0064013115375,2.00640030503,3.27336080596
0.02011256,0.00649734668459,2.00649628644,3.27304178921
0.02011456,0.00659235582533,2.00659124105,3.27272615911
0.02011656,0.00668632395666,2.00668515386,3.27241396635
0.02011856,0.00677923623993,2.00677801005,3.27210526107
0.02012056,0.0068710780032,2.00686979494,3.27180009288
0.02012256,0.00696183474361,2.00696049406,3.27149851083
0.02012456,0.00705149212961,2.00705009307,3.2712005634
0.02012656,0.00714003600326,2.00713857782,3.27090629851
0.02012856,0.00722745238245,2.00722593435,3.27061576347
0.02013056,0.00731372746313,2.00731214885,3.27032900503
0.02013256,0.00739884762146,2.00739720772,3.27004606933
0.02013456,0.00748279941598,2.00748109752,3.26976700191
0.02013656,0.00756556958972,2.00756380501,3.26949184768
0.02013856,0.00764714507233,2.00764531712,3.26922065095
0.02014056,0.00772751298208,2.00772562099,3.26895345539
0.02014256,0.00780666062795,2.00780470392,3.26869030405
0.02014456,0.00788457551161,2.00788255344,3.26843123931
0.02014656,0.0079612453294,2.00795915725,3.26817630292
0.02014856,0.00803665797426,2.00803450326,3.26792553598
0.02015056,0.00811080153766,2.00810857956,3.2676789789
0.02015256,0.00818366431147,2.00818137446,3.26743667143
0.02015456,0.00825523478983,2.00825287646,3.26719865266
0.02015656,0.00832550167091,2.00832307427,3.26696496097
0.02015856,0.00839445385876,2.00839195682,3.26673563405
0.02016056,0.00846208046504,2.00845951321,3.26651070892
0.02016256,0.00852837081072,2.00852573278,3.26629022187
0.02016456,0.00859331442778,2.00859060508,3.26607420849
0.02016656,0.00865690106088,2.00865411986,3.26586270364
0.02016856,0.00871912066895,2.00871626709,3.26565574147
0.02017056,0.00877996342678,2.00877703696,3.26545335541
0.02017256,0.00883941972662,2.00883641987,3.26525557814
0.02017456,0.0088974801796,2.00889440645,3.26506244161
0.02017656,0.00895413561733,2.00895098753,3.26487397702
0.02017856,0.00900937709324,2.00900615418,3.26469021482
0.02018056,0.00906319588406,2.0090598977,3.2645111847
0.02018256,0.0091155834912,2.00911220959,3.26433691561
0.02018456,0.00916653164203,2.00916308159,3.26416743571
0.02018656,0.00921603229125,2.00921250568,3.2640027724
0.02018856,0.00926407762213,2.00926047404,3.2638429523
0.02019056,0.00931066004777,2.0093069791,3.26368800125
0.02019256,0.00935577221225,2.00935201352,3.26353794432
0.02019456,0.00939940699185,2.00939557018,3.26339280578
0.02019656,0.00944155749612,2.00943764221,3.2632526091
0.02019856,0.00948221706901,2.00947822297,3.26311737696
0.02020056,0.0095213792899,2.00951730604,3.26298713125
0.02020256,0.00955903797463,2.00955488526,3.26286189303
0.02020456,0.00959518717646,2.00959095469,3.26274168257
0.02020656,0.00962982118699,2.00962550863,3.26262651933
0.02020856,0.00966293453713,2.00965854163,3.26251642196
0.02021056,0.00969452199789,2.00969004847,3.26241140826
0.02021256,0.00972457858124,2.00972002418,3.26231149523
0.02021456,0.0097530995409,2.00974846402,3.26221669907
0.02021656,0.00978008037309,2.0097753635,3.2621270351
0.02021856,0.0098055168172,2.00980071838,3.26204251785
0.02022056,0.00982940485655,2.00982452465,3.26196316101
0.02022256,0.00985174071892,2.00984677855,3.26188897743
0.02022456,0.00987252087723,2.00986747656,3.26181997911
0.02022656,0.00989174205004,2.00988661543,3.26175617724
0.02022856,0.00990940120212,2.00990419212,3.26169758214
0.02023056,0.00992549554487,2.00992020386,3.26164420331
0.02023256,0.00994002253682,2.00993464812,3.2615960494
0.02023456,0.00995297988397,2.00994752263,3.2615531282
0.02023656,0.00996436554023,2.00995882534,3.26151544667
0.02023856,0.00997417770766,2.00996855448,3.2614830109
0.02024056,0.0099824148368,2.0099767085,3.26145582616
0.02024256,0.00998907562692,2.00998328612,3.26143389685
0.02024456,0.0099941590262,2.00998828631,3.26141722653
0.02024656,0.00999766423192,2.00999170826,3.26140581788
0.02024856,0.00999959069056,2.00999355145,3.26139967277
0.02025056,0.00999993809791,2.00999381558,3.26139879218
0.02025256,0.0099987063991,2.0099925006,3.26140317626
0.02025456,0.00999589578866,2.00998960673,3.26141282429
0.02025656,0.00999150671038,2.00998513443,3.26142773473
0.02025856,0.00998553985738,2.00997908439,3.26144790514
0.02026056,0.00997799617187,2.00997145758,3.26147333227
0.02026256,0.0099688768451,2.00996225519,3.26150401198
0.02026456,0.00995818331712,2.00995147869,3.26153993932
0.02026656,0.00994591727655,2.00993912977,3.26158110847
0.02026856,0.00993208066034,2.00992521039,3.26162751274
0.02027056,0.00991667565346,2.00990972274,3.26167914463
0.02027256,0.00989970468854,2.00989266926,3.26173599578
0.02027456,0.00988117044549,2.00987405266,3.26179805697
0.02027656,0.00986107585108,2.00985387586,3.26186531816
0.02027856,0.00983942407848,2.00983214206,3.26193776844
0.02028056,0.00981621854675,2.0098088547,3.2620153961
0.02028256,0.00979146292032,2.00978401743,3.26209818854
0.02028456,0.00976516110839,2.0097576342,3.26218613238
0.02028656,0.00973731726432,2.00972970916,3.26227921337
0.02028856,0.00970793578498,2.00970024672,3.26237741644
0.02029056,0.00967702131003,2.00966925154,3.26248072568
0.02029256,0.00964457872125,2.00963672851,3.26258912439
0.02029456,0.00961061314168,2.00960268276,3.262702595
0.02029656,0.00957512993488,2.00956711968,3.26282111916
0.02029856,0.00953813470407,2.00953004488,3.26294467768
0.02030056,0.00949963329122,2.00949146421,3.26307325056
0.02030256,0.00945963177615,2.00945138377,3.263206817
0.02030456,0.00941813647556,2.00940980988,3.2633453554
0.02030656,0.00937515394205,2.00936674911,3.26348884333
0.02030856,0.00933069096304,2.00932220826,3.26363725759
0.02031056,0.00928475455977,2.00927619436,3.26379057416
0.02031256,0.00923735198612,2.00922871468,3.26394876827
0.02031456,0.00918849072752,2.00917977672,3.26411181431
0.02031656,0.0091381784997,2.00912938821,3.26427968594
0.02031856,0.00908642324757,2.00907755709,3.264452356
0.02032056,0.00903323314388,2.00902429157,3.2646297966
0.02032256,0.00897861658796,2.00896960004,3.26481197904
0.02032456,0.00892258220439,2.00891349114,3.26499887389
0.02032656,0.00886513884166,2.00885597374,3.26519045095
0.02032856,0.00880629557074,2.00879705691,3.26538667927
0.02033056,0.00874606168366,2.00873674997,3.26558752714
0.02033256,0.00868444669205,2.00867506243,3.26579296214
0.02033456,0.00862146032564,2.00861200403,3.26600295107
0.02033656,0.0085571125307,2.00854758474,3.26621746005
0.02033856,0.0084914134685,2.00848181472,3.26643645443
0.02034056,0.00842437351367,2.00841470436,3.26665989888
0.02034256,0.00835600325261,2.00834626426,3.26688775732
0.02034456,0.00828631348176,2.00827650523,3.267119993
0.02034656,0.00821531520596,2.00820543828,3.26735656845
0.02034856,0.00814301963666,2.00813307463,3.2675974455
0.02035056,0.00806943819015,2.00805942572,3.26784258532
0.02035256,0.00799458248581,2.00798450316,3.26809194837
0.02035456,0.00791846434423,2.0079083188,3.26834549445
0.02035656,0.00784109578532,2.00783088466,3.2686031827
0.02035856,0.0077624890265,2.00775221298,3.2688649716
0.02036056,0.00768265648067,2.00767231616,3.26913081895
0.02036256,0.00760161075433,2.00759120684,3.26940068195
0.02036456,0.00751936464552,2.00750889781,3.26967451712
0.02036656,0.00743593114188,2.00742540208,3.26995228038
0.02036856,0.0073513234185,2.00734073283,3.270233927
0.02037056,0.00726555483594,2.00725490343,3.27051941166
0.02037256,0.00717863893804,2.00716792744,3.27080868842
0.02037456,0.00709058944984,2.00707981859,3.27110171073
0.02037656,0.00700142027536,2.00699059079,3.27139843147
0.02037856,0.00691114549547,2.00690025813,3.27169880292
0.02038056,0.00681977936558,2.00680883488,3.27200277679
0.02038256,0.00672733631347,2.00671633547,3.27231030422
0.02038456,0.00663383093698,2.00662277451,3.27262133579
0.02038656,0.00653927800167,2.00652816678,3.27293582152
0.02038856,0.00644369243857,2.00643252722,3.27325371091
0.02039056,0.00634708934173,2.00633587092,3.27357495291
0.02039256,0.0062494839659,2.00623821315,3.27389949594
0.02039456,0.00615089172411,2.00613956933,3.27422728791
0.02039656,0.00605132818522,2.00603995505,3.27455827622
0.02039856,0.00595080907145,2.00593938602,3.27489240778
0.02040056,0.00584935025595,2.00583787813,3.27522962899
0.02040256,0.00574696776024,2.00573544741,3.27556988579
0.02040456,0.00564367775169,2.00563211004,3.27591312362
0.02040656,0.00553949654101,2.00552788233,3.27625928749
0.02040856,0.0054344405796,2.00542278074,3.27660832193
0.02041056,0.00532852645703,2.00531682187,3.27696017103
0.02041256,0.00522177089836,2.00521002245,3.27731477846
0.02041456,0.00511419076154,2.00510239934,3.27767208744
0.02041656,0.0050058030347,2.00499396955,3.27803204079
0.02041856,0.00489662483354,2.00488475019,3.27839458091
0.02042056,0.00478667339856,2.0047747585,3.27875964983
0.02042256,0.00467596609235,2.00466401187,3.27912718915
0.02042456,0.0045645203969,2.00455252777,3.27949714012
0.02042656,0.00445235391076,2.00444032382,3.27986944362
0.02042856,0.00433948434632,2.00432741772,3.28024404016
0.02043056,0.004225929527,2.00421382731,3.28062086991
0.02043256,0.00411170738442,2.00409957053,3.2809998727
0.02043456,0.00399683595558,2.00398466542,3.28138098802
0.02043656,0.00388133338001,2.00386913012,3.28176415506
0.02043856,0.0037652178969,2.00375298287,3.28214931267
0.02044056,0.00364850784224,2.00363624203,3.28253639944
0.02044256,0.0035312216459,2.00351892602,3.28292535365
0.02044456,0.00341337782873,2.00340105337,3.28331611329
0.02044656,0.00329499499962,2.00328264269,3.28370861609
0.02044856,0.00317609185261,2.00316371269,3.28410279954
0.02045056,0.00305668716388,2.00304428213,3.28449860086
0.02045256,0.00293679978881,2.00292436989,3.28489595704
0.02045456,0.00281644865901,2.00280399489,3.28529480483
0.02045656,0.00269565277932,2.00268317615,3.28569508078
0.02045856,0.0025744312248,2.00256193274,3.28609672122
0.02046056,0.00245280313775,2.00244028381,3.2864996623
0.02046256,0.00233078772465,2.00231824857,3.28690383995
0.02046456,0.00220840425315,2.00219584629,3.28730918996
0.02046656,0.00208567204901,2.0020730963,3.28771564794
0.02046856,0.00196261049309,2.00195001798,3.28812314933
0.02047056,0.00183923901821,2.00182663077,3.28853162945
0.02047256,0.00171557710617,2.00170295415,3.28894102347
0.02047456,0.00159164428462,2.00157900765,3.28935126644
0.02047656,0.00146746012399,2.00145481085,3.28976229329
0.02047856,0.00134304423439,2.00133038335,3.29017403887
0.02048056,0.00121841626254,2.00120574482,3.2905864379
0.02048256,0.00109359588863,2.00108091491,3.29099942504
0.02048456,0.000968602823259,2.00095591336,3.29141293489
0.02048656,0.000843456804272,2.0008307599,3.29182690196
0.02048856,0.000718177593678,2.00070547429,3.29224126073
0.02049056,0.000592784974516,2.00058007631,3.29265594563
0.02049256,0.000467298747735,2.00045458577,3.29307089107
0.02049456,0.000341738729064,2.00032902249,3.29348603142
0.02049656,0.000216124745887,2.00020340629,3.29390130106
0.02049856,9.04766341072e-05,2.000077757,3.29431663437
0.02050056,-3.5185764982e-05,1.99995209448,3.29473196573
0.02050256,-0.000160842607831,1.99982643856,3.29514722955
0.02050456,-0.000286474051768,1.99970080909,3.29556236027
0.02050656,-0.000412060258131,1.9995752259,3.29597729237
0.02050856,-0.000537581395403,1.99944970882,3.29639196039
0.02051056,-0.00066301764234,1.99932427768,3.29680629894
0.02051256,-0.000788349191106,1.99919895229,3.29722024268
0.02051456,-0.000913556250396,1.99907375243,3.29763372636
0.02051656,-0.00103861904856,1.99894869787,3.29804668485
0.02051856,-0.00116351783674,1.99882380836,3.2984590531
0.02052056,-0.00128823289197,1.99869910363,3.29887076618
0.02052256,-0.00141274452029,1.99857460336,3.29928175927
0.02052456,-0.00153703305987,1.99845032721,3.29969196772
0.02052656,-0.00166107888411,1.99832629482,3.30010132699
0.02052856,-0.00178486240474,1.99820252576,3.30050977271
0.02053056,-0.00190836407491,1.99807903959,3.30091724068
0.02053256,-0.00203156439227,1.99795585579,3.30132366686
0.02053456,-0.00215444390206,1.99783299383,3.30172898741
0.02053656,-0.00227698320018,1.9977104731,3.30213313867
0.02053856,-0.00239916293626,1.99758831295,3.3025360572
0.02054056,-0.00252096381669,1.99746653268,3.30293767976
0.02054256,-0.00264236660772,1.9973451515,3.30333794334
0.02054456,-0.00276335213843,1.9972241886,3.30373678516
0.02054656,-0.00288390130381,1.99710366307,3.30413414269
0.02054856,-0.00300399506773,1.99698359394,3.30452995364
0.02055056,-0.00312361446602,1.99686400018,3.30492415601
0.02055256,-0.00324274060936,1.99674490066,3.30531668804
0.02055456,-0.00336135468638,1.99662631421,3.30570748826
0.02055656,-0.00347943796652,1.99650825953,3.30609649551
0.02055856,-0.00359697180307,1.99639075528,3.3064836489
0.02056056,-0.00371393763608,1.99627382001,3.30686888787
0.02056256,-0.00383031699528,1.99615747219,3.30725215218
0.02056456,-0.00394609150303,1.99604173019,3.30763338189
0.02056656,-0.00406124287718,1.99592661228,3.30801251744
0.02056856,-0.00417575293401,1.99581213664,3.30838949958
0.02057056,-0.00428960359104,1.99569832136,3.30876426943
0.02057256,-0.00440277686993,1.9955851844,3.30913676847
0.02057456,-0.00451525489932,1.99547274363,3.30950693855
0.02057656,-0.00462701991762,1.9953610168,3.30987472191
0.02057856,-0.00473805427583,1.99525002156,3.31024006116
0.02058056,-0.00484834044035,1.99513977544,3.31060289934
0.02058256,-0.00495786099571,1.99503029585,3.31096317987
0.02058456,-0.00506659864734,1.99492160006,3.3113208466
0.02058656,-0.00517453622432,1.99481370525,3.31167584379
0.02058856,-0.00528165668204,1.99470662846,3.31202811614
0.02059056,-0.00538794310494,1.99460038659,3.3123776088
0.02059256,-0.00549337870917,1.99449499642,3.31272426736
0.02059456,-0.00559794684522,1.9943904746,3.31306803785
0.02059656,-0.00570163100056,1.99428683762,3.3134088668
0.02059856,-0.00580441480228,1.99418410186,3.31374670119
0.02060056,-0.00590628201961,1.99408228353,3.31408148847
0.02060256,-0.00600721656655,1.99398139872,3.3144131766
0.02060456,-0.00610720250435,1.99388146335,3.31474171404
0.02060656,-0.00620622404408,1.99378249321,3.31506704972
0.02060856,-0.00630426554908,1.99368450393,3.31538913312
0.02061056,-0.00640131153748,1.99358751097,3.31570791422
0.02061256,-0.00649734668458,1.99349152966,3.31602334352
0.02061456,-0.00659235582531,1.99339657515,3.31633537206
0.02061656,-0.00668632395664,1.99330266244,3.31664395143
0.02061856,-0.00677923623991,1.99320980636,3.31694903376
0.02062056,-0.00687107800319,1.99311802156,3.31725057172
0.02062256,-0.0069618347436,1.99302732255,3.31754851857
0.02062456,-0.00705149212959,1.99293772364,3.31784282811
0.02062656,-0.00714003600324,1.99284923899,3.31813345474
0.02062856,-0.00722745238244,1.99276188256,3.31842035342
0.02063056,-0.00731372746311,1.99267566816,3.31870347971
0.02063256,-0.00739884762144,1.99259060939,3.31898278977
0.02063456,-0.00748279941596,1.99250671969,3.31925824035
0.02063656,-0.00756556958971,1.99242401231,3.31952978881
0.02063856,-0.00764714507232,1.9923425003,3.31979739312
0.02064056,-0.00772751298207,1.99226219653,3.32006101189
0.02064256,-0.00780666062794,1.9921831137,3.32032060433
0.02064456,-0.0078845755116,1.99210526428,3.3205761303
0.02064656,-0.00796124532939,1.99202866057,3.32082755027
0.02064856,-0.00803665797424,1.99195331467,3.3210748254
0.02065056,-0.00811080153765,1.99187923847,3.32131791745
0.02065256,-0.00818366431146,1.99180644367,3.32155678887
0.02065456,-0.00825523478981,1.99173494177,3.32179140274
0.02065656,-0.00832550167089,1.99166474406,3.32202172284
0.02065856,-0.00839445385875,1.99159586162,3.32224771358
0.02066056,-0.00846208046503,1.99152830533,3.32246934008
0.02066256,-0.00852837081071,1.99146208586,3.32268656813
0.02066456,-0.00859331442777,1.99139721366,3.32289936418
0.02066656,-0.00865690106087,1.99133369898,3.32310769541
0.02066856,-0.00871912066893,1.99127155185,3.32331152967
0.02067056,-0.00877996342677,1.99121078208,3.32351083552
0.02067256,-0.0088394197266,1.99115139927,3.32370558221
0.02067456,-0.00889748017959,1.9910934128,3.32389573971
0.02067656,-0.00895413561732,1.99103683182,3.32408127871
0.02067856,-0.00900937709323,1.99098166527,3.32426217059
0.02068056,-0.00906319588405,1.99092792185,3.32443838748
0.02068256,-0.00911558349119,1.99087561006,3.32460990221
0.02068456,-0.00916653164202,1.99082473816,3.32477668836
0.02068656,-0.00921603229124,1.99077531418,3.32493872023
0.02068856,-0.00926407762212,1.99072734592,3.32509597286
0.02069056,-0.00931066004776,1.99068084096,3.32524842202
0.02069256,-0.00935577221225,1.99063580664,3.32539604424
0.02069456,-0.00939940699184,1.99059225008,3.32553881679
0.02069656,-0.00944155749611,1.99055017815,3.32567671767
0.02069856,-0.009482217069,1.99050959749,3.32580972567
0.02070056,-0.0095213792899,1.99047051452,3.32593782031
0.02070256,-0.00955903797463,1.99043293541,3.32606098186
0.02070456,-0.00959518717645,1.99039686608,3.32617919138
0.02070656,-0.00962982118698,1.99036231224,3.32629243067
0.02070856,-0.00966293453712,1.99032927934,3.32640068231
0.02071056,-0.00969452199788,1.9902977726,3.32650392965
0.02071256,-0.00972457858123,1.990267797,3.32660215679
0.02071456,-0.0097530995409,1.99023935726,3.32669534864
0.02071656,-0.00978008037308,1.99021245787,3.32678349084
0.02071856,-0.0098055168172,1.9901871031,3.32686656986
0.02072056,-0.00982940485654,1.99016329693,3.3269445729
0.02072256,-0.00985174071892,1.99014104314,3.32701748798
0.02072456,-0.00987252087722,1.99012034522,3.32708530388
0.02072656,-0.00989174205004,1.99010120646,3.32714801017
0.02072856,-0.00990940120211,1.99008362987,3.32720559722
0.02073056,-0.00992549554487,1.99006761823,3.32725805616
0.02073256,-0.00994002253681,1.99005317407,3.32730537894
0.02073456,-0.00995297988397,1.99004029967,3.32734755827
0.02073656,-0.00996436554023,1.99002899705,3.32738458768
0.02073856,-0.00997417770766,1.99001926802,3.32741646147
0.02074056,-0.0099824148368,1.9900111141,3.32744317473
0.02074256,-0.00998907562692,1.99000453657,3.32746472338
0.02074456,-0.0099941590262,1.98999953649,3.32748110408
0.02074656,-0.00999766423192,1.98999611464,3.32749231433
0.02074856,-0.00999959069056,1.98999427155,3.3274983524
0.02075056,-0.00999993809791,1.98999400753,3.32749921736
0.02075256,-0.00999870639911,1.9899953226,3.32749490909
0.02075456,-0.00999589578866,1.98999821657,3.32748542823
0.02075656,-0.00999150671039,1.99000268898,3.32747077626
0.02075856,-0.00998553985738,1.99000873912,3.32745095542
0.02076056,-0.00997799617188,1.99001636603,3.32742596875
0.02076256,-0.00996887684511,1.99002556852,3.3273958201
0.02076456,-0.00995818331712,1.99003634512,3.32736051411
0.02076656,-0.00994591727655,1.99004869414,3.3273200562
0.02076856,-0.00993208066035,1.99006261363,3.32727445259
0.02077056,-0.00991667565347,1.99007810138,3.32722371029
0.02077256,-0.00989970468855,1.99009515496,3.3271678371
0.02077456,-0.00988117044549,1.99011377166,3.32710684162
0.02077656,-0.00986107585108,1.99013394856,3.32704073322
0.02077856,-0.00983942407848,1.99015568246,3.32696952206
0.02078056,-0.00981621854675,1.99017896993,3.3268932191
0.02078256,-0.00979146292033,1.9902038073,3.32681183607
0.02078456,-0.0097651611084,1.99023019063,3.32672538549
0.02078656,-0.00973731726433,1.99025811577,3.32663388065
0.02078856,-0.00970793578498,1.99028757831,3.32653733563
0.02079056,-0.00967702131004,1.9903185736,3.32643576528
0.02079256,-0.00964457872125,1.99035109673,3.32632918522
0.02079456,-0.00961061314168,1.99038514257,3.32621761186
0.02079656,-0.00957512993489,1.99042070576,3.32610106236
0.02079856,-0.00953813470408,1.99045778066,3.32597955465
0.02080056,-0.00949963329123,1.99049636143,3.32585310744
0.02080256,-0.00945963177616,1.99053644198,3.32572174018
0.02080456,-0.00941813647557,1.99057801597,3.3255854731
0.02080656,-0.00937515394205,1.99062107684,3.32544432718
0.02080856,-0.00933069096305,1.99066561779,3.32529832415
0.02081056,-0.00928475455978,1.99071163179,3.32514748649
0.02081256,-0.00923735198613,1.99075911156,3.32499183743
0.02081456,-0.00918849072752,1.99080804963,3.32483140094
0.02081656,-0.00913817849971,1.99085843824,3.32466620175
0.02081856,-0.00908642324758,1.99091026946,3.32449626529
0.02082056,-0.00903323314389,1.99096353509,3.32432161776
0.02082256,-0.00897861658797,1.99101822672,3.32414228607
0.02082456,-0.0089225822044,1.99107433572,3.32395829786
0.02082656,-0.00886513884167,1.99113185322,3.3237696815
0.02082856,-0.00880629557075,1.99119077015,3.32357646606
0.02083056,-0.00874606168367,1.9912510772,3.32337868134
0.02083256,-0.00868444669207,1.99131276484,3.32317635785
0.02083456,-0.00862146032565,1.99137582333,3.32296952679
0.02083656,-0.00855711253072,1.99144024273,3.32275822008
0.02083856,-0.00849141346851,1.99150601285,3.32254247032
0.02084056,-0.00842437351368,1.99157312331,3.32232231082
0.02084256,-0.00835600325262,1.99164156351,3.32209777555
0.02084456,-0.00828631348178,1.99171132264,3.32186889918
0.02084656,-0.00821531520598,1.99178238969,3.32163571706
0.02084856,-0.00814301963667,1.99185475344,3.32139826521
0.02085056,-0.00806943819017,1.99192840246,3.3211565803
0.02085256,-0.00799458248583,1.99200332511,3.32091069969
0.02085456,-0.00791846434424,1.99207950958,3.32066066136
0.02085656,-0.00784109578534,1.99215694382,3.32040650398
0.02085856,-0.00776248902651,1.99223561561,3.32014826684
0.02086056,-0.00768265648069,1.99231551252,3.31988598987
0.02086256,-0.00760161075434,1.99239662195,3.31961971364
0.02086456,-0.00751936464554,1.99247893108,3.31934947935
0.02086656,-0.00743593114189,1.99256242691,3.31907532882
0.02086856,-0.00735132341852,1.99264709626,3.31879730448
0.02087056,-0.00726555483595,1.99273292576,3.31851544937
0.02087256,-0.00717863893806,1.99281990185,3.31822980715
0.02087456,-0.00709058944985,1.99290801081,3.31794042205
0.02087656,-0.00700142027538,1.99299723871,3.3176473389
0.02087856,-0.00691114549548,1.99308757147,3.31735060314
0.02088056,-0.0068197793656,1.99317899482,3.31705026074
0.02088256,-0.00672733631349,1.99327149433,3.31674635829
0.02088456,-0.00663383093699,1.99336505539,3.3164389429
0.02088656,-0.00653927800169,1.99345966322,3.31612806226
0.02088856,-0.00644369243858,1.99355530289,3.31581376462
0.02089056,-0.00634708934174,1.99365195929,3.31549609874
0.02089256,-0.00624948396592,1.99374961716,3.31517511395
0.02089456,-0.00615089172413,1.99384826107,3.31485086008
0.02089656,-0.00605132818524,1.99394787546,3.31452338751
0.02089856,-0.00595080907147,1.99404844459,3.3141927471
0.02090056,-0.00584935025597,1.99414995258,3.31385899025
0.02090256,-0.00574696776026,1.9942523834,3.31352216884
0.02090456,-0.00564367775171,1.99435572087,3.31318233524
0.02090656,-0.00553949654103,1.99445994869,3.3128395423
0.02090856,-0.00543444057962,1.99456505038,3.31249384337
0.02091056,-0.00532852645705,1.99467100935,3.31214529223
0.02091256,-0.00522177089838,1.99477780887,3.31179394314
0.02091456,-0.00511419076156,1.99488543208,3.31143985083
0.02091656,-0.00500580303472,1.99499386197,3.31108307043
0.02091856,-0.00489662483356,1.99510308144,3.31072365755
0.02092056,-0.00478667339858,1.99521307322,3.31036166818
0.02092256,-0.00467596609237,1.99532381996,3.30999715877
0.02092456,-0.00456452039692,1.99543530416,3.30963018617
0.02092656,-0.00445235391078,1.99554750821,3.3092608076
0.02092856,-0.00433948434634,1.99566041441,3.30888908071
0.02093056,-0.00422592952702,1.99577400492,3.30851506352
0.02093256,-0.00411170738444,1.99588826181,3.30813881443
0.02093456,-0.0039968359556,1.99600316702,3.30776039219
0.02093656,-0.00388133338003,1.99611870242,3.30737985594
0.02093856,-0.00376521789693,1.99623484976,3.30699726513
0.02094056,-0.00364850784227,1.99635159071,3.30661267957
0.02094256,-0.00353122164592,1.99646890682,3.30622615941
0.02094456,-0.00341337782875,1.99658677957,3.30583776511
0.02094656,-0.00329499499965,1.99670519035,3.30544755743
0.02094856,-0.00317609185264,1.99682412046,3.30505559745
0.02095056,-0.0030566871639,1.99694355112,3.30466194655
0.02095256,-0.00293679978883,1.99706346346,3.30426666637
0.02095456,-0.00281644865903,1.99718383856,3.30386981885
0.02095656,-0.00269565277934,1.9973046574,3.30347146618
0.02095856,-0.00257443122482,1.99742590092,3.30307167081
0.02096056,-0.00245280313777,1.99754754995,3.30267049543
0.02096256,-0.00233078772467,1.99766958529,3.30226800299
0.02096456,-0.00220840425317,1.99779198767,3.30186425663
0.02096656,-0.00208567204904,1.99791473776,3.30145931975
0.02096856,-0.00196261049311,1.99803781618,3.30105325592
0.02097056,-0.00183923901823,1.9981612035,3.30064612893
0.02097256,-0.0017155771062,1.99828488022,3.30023800275
0.02097456,-0.00159164428465,1.99840882681,3.29982894153
0.02097656,-0.00146746012401,1.99853302372,3.29941900958
0.02097856,-0.00134304423441,1.99865745131,3.29900827139
0.02098056,-0.00121841626256,1.99878208995,3.29859679157
0.02098256,-0.00109359588865,1.99890691996,3.2981846349
0.02098456,-0.000968602823282,1.99903192161,3.29777186624
0.02098656,-0.000843456804295,1.99915707517,3.29735855063
0.02098856,-0.000718177593701,1.99928236089,3.29694475316
0.02099056,-0.000592784974539,1.99940775896,3.29653053906
0.02099256,-0.000467298747758,1.9995332496,3.29611597362
0.02099456,-0.000341738729087,1.99965881299,3.29570112221
0.02099656,-0.00021612474591,1.99978442929,3.29528605029
0.02099856,-9.04766341303e-05,1.99991007868,3.29487082336
0.02100056,3.51857649589e-05,2.0000357413,3.29445550695
0.02100256,0.000160842607808,2.00016139732,3.29404016665
0.02100456,0.000286474051745,2.0002870269,3.29362486807
0.02100656,0.000412060258108,2.00041261019,3.29320967684
0.02100856,0.00053758139538,2.00053812736,3.29279465857
0.02101056,0.000663017642317,2.0006635586,3.29237987888
0.02101256,0.000788349191083,2.0007888841,3.2919654034
0.02101456,0.000913556250373,2.00091408406,3.29155129768
0.02101656,0.00103861904854,2.00103913872,3.29113762728
0.02101856,0.00116351783672,2.00116402833,3.29072445769
0.02102056,0.00128823289195,2.00128873317,3.29031185434
0.02102256,0.00141274452026,2.00141323354,3.28989988261
0.02102456,0.00153703305984,2.00153750978,3.28948860777
0.02102656,0.00166107888409,2.00166154228,3.28907809504
0.02102856,0.00178486240472,2.00178531144,3.28866840951
0.02103056,0.00190836407489,2.00190879771,3.28825961616
0.02103256,0.00203156439224,2.00203198161,3.28785177988
0.02103456,0.00215444390203,2.00215484368,3.28744496539
0.02103656,0.00227698320015,2.00227736451,3.2870392373
0.02103856,0.00239916293623,2.00239952476,3.28663466004
0.02104056,0.00252096381667,2.00252130513,3.28623129791
0.02104256,0.0026423666077,2.00264268641,3.285829215
0.02104456,0.00276335213841,2.00276364941,3.28542847525
0.02104656,0.00288390130378,2.00288417505,3.28502914238
0.02104856,0.00300399506771,2.00300424427,3.28463127993
0.02105056,0.00312361446599,2.00312383814,3.28423495121
0.02105256,0.00324274060934,2.00324293775,3.28384021931
0.02105456,0.00336135468636,2.00336152431,3.28344714708
0.02105656,0.0034794379665,2.00347957909,3.28305579714
0.02105856,0.00359697180305,2.00359708344,3.28266623184
0.02106056,0.00371393763606,2.00371401881,3.28227851327
0.02106256,0.00383031699526,2.00383036673,3.28189270324
0.02106456,0.00394609150301,2.00394610884,3.28150886327
0.02106656,0.00406124287716,2.00406122685,3.28112705461
0.02106856,0.00417575293399,2.00417570258,3.28074733818
0.02107056,0.00428960359101,2.00428951797,3.28036977458
0.02107256,0.00440277686991,2.00440265503,3.27999442411
0.02107456,0.0045152548993,2.0045150959,3.2796213467
0.02107656,0.0046270199176,2.00462682283,3.27925060196
0.02107856,0.00473805427581,2.00473781817,3.27888224914
0.02108056,0.00484834044033,2.00484806439,3.27851634712
0.02108256,0.00495786099569,2.00495754409,3.27815295441
0.02108456,0.00506659864732,2.00506623998,3.27779212912
0.02108656,0.0051745362243,2.00517413489,3.27743392898
0.02108856,0.00528165668202,2.00528121178,3.27707841131
0.02109056,0.00538794310492,2.00538745375,3.27672563303
0.02109256,0.00549337870915,2.00549284402,3.27637565062
0.02109456,0.0055979468452,2.00559736595,3.27602852013
0.02109656,0.00570163100054,2.00570100303,3.27568429717
0.02109856,0.00580441480226,2.00580373889,3.27534303691
0.02110056,0.00590628201959,2.00590555732,3.27500479403
0.02110256,0.00600721656653,2.00600644223,3.27466962279
0.02110456,0.00610720250433,2.0061063777,3.27433757691
0.02110656,0.00620622404406,2.00620534794,3.27400870967
0.02110856,0.00630426554907,2.00630333733,3.27368307384
0.02111056,0.00640131153746,2.00640033038,3.27336072168
0.02111256,0.00649734668456,2.00649631179,3.27304170493
0.02111456,0.00659235582529,2.0065912664,3.27272607483
0.02111656,0.00668632395663,2.00668517922,3.27241388205
0.02111856,0.00677923623989,2.0067780354,3.27210517677
0.02112056,0.00687107800317,2.0068698203,3.27180000857
0.02112256,0.00696183474358,2.00696051941,3.27149842652
0.02112456,0.00705149212958,2.00705011842,3.27120047908
0.02112656,0.00714003600323,2.00713860318,3.27090621418
0.02112856,0.00722745238242,2.0072259597,3.27061567914
0.02113056,0.0073137274631,2.00731217421,3.2703289207
0.02113256,0.00739884762143,2.00739723308,3.27004598499
0.02113456,0.00748279941595,2.00748112288,3.26976691756
0.02113656,0.00756556958969,2.00756383037,3.26949176333
0.02113856,0.0076471450723,2.00764534248,3.26922056659
0.02114056,0.00772751298205,2.00772564634,3.26895337103
0.02114256,0.00780666062792,2.00780472928,3.26869021968
0.02114456,0.00788457551159,2.0078825788,3.26843115494
0.02114656,0.00796124532937,2.00795918261,3.26817621855
0.02114856,0.00803665797423,2.00803452861,3.2679254516
0.02115056,0.00811080153763,2.00810860491,3.26767889451
0.02115256,0.00818366431145,2.00818139981,3.26743658704
0.02115456,0.0082552347898,2.00825290181,3.26719856826
0.02115656,0.00832550167088,2.00832309963,3.26696487657
0.02115856,0.00839445385874,2.00839198217,3.26673554965
0.02116056,0.00846208046502,2.00845953856,3.26651062452
0.02116256,0.00852837081069,2.00852575813,3.26629013746
0.02116456,0.00859331442776,2.00859063043,3.26607412407
0.02116656,0.00865690106086,2.00865414521,3.26586261922
0.02116856,0.00871912066892,2.00871629244,3.26565565705
0.02117056,0.00877996342676,2.00877706231,3.26545327098
0.02117256,0.00883941972659,2.00883644522,3.26525549371
0.02117456,0.00889748017958,2.0088944318,3.26506235717
0.02117656,0.00895413561731,2.00895101288,3.26487389258
0.02117856,0.00900937709322,2.00900617953,3.26469013038
0.02118056,0.00906319588404,2.00905992305,3.26451110026
0.02118256,0.00911558349118,2.00911223494,3.26433683116
0.02118456,0.00916653164201,2.00916310694,3.26416735126
0.02118656,0.00921603229123,2.00921253103,3.26400268794
0.02118856,0.00926407762212,2.00926049939,3.26384286784
0.02119056,0.00931066004775,2.00930700445,3.26368791679
0.02119256,0.00935577221224,2.00935203887,3.26353785986
0.02119456,0.00939940699183,2.00939559553,3.26339272132
0.02119656,0.0094415574961,2.00943766756,3.26325252463
0.02119856,0.009482217069,2.00947824832,3.26311729249
0.02120056,0.00952137928989,2.00951733139,3.26298704677
0.02120256,0.00955903797462,2.00955491061,3.26286180855
0.02120456,0.00959518717644,2.00959098004,3.2627415981
0.02120656,0.00962982118698,2.00962553398,3.26262643486
0.02120856,0.00966293453712,2.00965856698,3.26251633748
0.02121056,0.00969452199788,2.00969007382,3.26241132378
0.02121256,0.00972457858123,2.00972004953,3.26231141075
0.02121456,0.00975309954089,2.00974848937,3.26221661458
0.02121656,0.00978008037308,2.00977538885,3.26212695062
0.02121856,0.00980551681719,2.00980074373,3.26204243337
0.02122056,0.00982940485654,2.00982454999,3.26196307653
0.02122256,0.00985174071891,2.00984680389,3.26188889294
0.02122456,0.00987252087722,2.00986750191,3.26181989462
0.02122656,0.00989174205003,2.00988664077,3.26175609275
0.02122856,0.00990940120211,2.00990421746,3.26169749765
0.02123056,0.00992549554486,2.0099202292,3.26164411882
0.02123256,0.00994002253681,2.00993467347,3.26159596491
0.02123456,0.00995297988397,2.00994754797,3.26155304371
0.02123656,0.00996436554023,2.00995885068,3.26151536217
0.02123856,0.00997417770766,2.00996857982,3.26148292641
0.02124056,0.0099824148368,2.00997673384,3.26145574167
0.02124256,0.00998907562692,2.00998331147,3.26143381236
0.02124456,0.0099941590262,2.00998831165,3.26141714204
0.02124656,0.00999766423192,2.00999173361,3.26140573339
0.02124856,0.00999959069056,2.00999357679,3.26139958828
0.02125056,0.00999993809791,2.00999384092,3.26139870769
0.02125256,0.00999870639911,2.00999252594,3.26140309177
0.02125456,0.00999589578866,2.00998963207,3.26141273981
0.02125656,0.00999150671039,2.00998515977,3.26142765024
0.02125856,0.00998553985738,2.00997910973,3.26144782066
0.02126056,0.00997799617188,2.00997148292,3.26147324778
0.02126256,0.00996887684511,2.00996228053,3.2615039275
0.02126456,0.00995818331712,2.00995150403,3.26153985484
0.02126656,0.00994591727655,2.00993915511,3.26158102399
0.02126856,0.00993208066035,2.00992523573,3.26162742826
0.02127056,0.00991667565347,2.00990974808,3.26167906016
0.02127256,0.00989970468855,2.0098926946,3.26173591131
0.02127456,0.0098811704455,2.009874078,3.2617979725
0.02127656,0.00986107585109,2.0098539012,3.26186523369
0.02127856,0.00983942407848,2.0098321674,3.26193768398
0.02128056,0.00981621854676,2.00980888003,3.26201531163
0.02128256,0.00979146292033,2.00978404277,3.26209810408
0.02128456,0.0097651611084,2.00975765954,3.26218604792
0.02128656,0.00973731726433,2.00972973449,3.26227912891
0.02128856,0.00970793578499,2.00970027206,3.26237733198
0.02129056,0.00967702131005,2.00966927687,3.26248064123
0.02129256,0.00964457872126,2.00963675384,3.26258903994
0.02129456,0.00961061314169,2.0096027081,3.26270251056
0.02129656,0.00957512993489,2.00956714502,3.26282103472
0.02129856,0.00953813470408,2.00953007022,3.26294459324
0.02130056,0.00949963329123,2.00949148955,3.26307316612
0.02130256,0.00945963177616,2.0094514091,3.26320673257
0.02130456,0.00941813647558,2.00940983521,3.26334527097
0.02130656,0.00937515394206,2.00936677444,3.26348875891
0.02130856,0.00933069096306,2.00932223359,3.26363717317
0.02131056,0.00928475455979,2.0092762197,3.26379048975
0.02131256,0.00923735198614,2.00922874002,3.26394868385
0.02131456,0.00918849072753,2.00917980206,3.2641117299
0.02131656,0.00913817849972,2.00912941354,3.26427960153
0.02131856,0.00908642324759,2.00907758243,3.2644522716
0.02132056,0.0090332331439,2.0090243169,3.2646297122
0.02132256,0.00897861658798,2.00896962537,3.26481189465
0.02132456,0.00892258220441,2.00891351647,3.26499878951
0.02132656,0.00886513884168,2.00885599907,3.26519036657
0.02132856,0.00880629557076,2.00879708225,3.26538659489
0.02133056,0.00874606168368,2.0087367753,3.26558744277
0.02133256,0.00868444669208,2.00867508776,3.26579287777
0.02133456,0.00862146032567,2.00861202936,3.26600286672
0.02133656,0.00855711253073,2.00854761007,3.2662173757
0.02133856,0.00849141346852,2.00848184005,3.26643637009
0.02134056,0.00842437351369,2.00841472969,3.26665981454
0.02134256,0.00835600325263,2.0083462896,3.26688767299
0.02134456,0.00828631348179,2.00827653056,3.26711990867
0.02134656,0.00821531520599,2.00820546361,3.26735648412
0.02134856,0.00814301963668,2.00813309997,3.26759736118
0.02135056,0.00806943819018,2.00805945105,3.267842501
0.02135256,0.00799458248584,2.0079845285,3.26809186406
0.02135456,0.00791846434425,2.00790834413,3.26834541015
0.02135656,0.00784109578535,2.00783090999,3.26860309841
0.02135856,0.00776248902653,2.00775223831,3.26886488731
0.02136056,0.0076826564807,2.00767234149,3.26913073467
0.02136256,0.00760161075436,2.00759123217,3.26940059768
0.02136456,0.00751936464555,2.00750892314,3.26967443286
0.02136656,0.00743593114191,2.00742542741,3.26995219612
0.02136856,0.00735132341853,2.00734075816,3.27023384275
0.02137056,0.00726555483597,2.00725492876,3.27051932742
0.02137256,0.00717863893807,2.00716795277,3.27080860418
0.02137456,0.00709058944987,2.00707984392,3.2711016265
0.02137656,0.0070014202754,2.00699061611,3.27139834725
0.02137856,0.0069111454955,2.00690028346,3.27169871871
0.02138056,0.00681977936561,2.0068088602,3.27200269258
0.02138256,0.00672733631351,2.0067163608,3.27231022002
0.02138456,0.00663383093701,2.00662279984,3.27262125159
0.02138656,0.00653927800171,2.00652819211,3.27293573734
0.02138856,0.0064436924386,2.00643255254,3.27325362673
0.02139056,0.00634708934176,2.00633589625,3.27357486874
0.02139256,0.00624948396594,2.00623823848,3.27389941177
0.02139456,0.00615089172415,2.00613959466,3.27422720375
0.02139656,0.00605132818526,2.00603998037,3.27455819208
0.02139856,0.00595080907149,2.00593941135,3.27489232364
0.02140056,0.00584935025599,2.00583790346,3.27522954486
0.02140256,0.00574696776028,2.00573547274,3.27556980166
0.02140456,0.00564367775173,2.00563213537,3.27591303951
0.02140656,0.00553949654105,2.00552790766,3.27625920338
0.02140856,0.00543444057964,2.00542280607,3.27660823783
0.02141056,0.00532852645707,2.0053168472,3.27696008694
0.02141256,0.0052217708984,2.00521004777,3.27731469437
0.02141456,0.00511419076158,2.00510242467,3.27767200336
0.02141656,0.00500580303474,2.00499399487,3.27803195672
0.02141856,0.00489662483358,2.00488477551,3.27839449686
0.02142056,0.0047866733986,2.00477478383,3.27875956578
0.02142256,0.00467596609239,2.00466403719,3.27912710511
0.02142456,0.00456452039694,2.0045525531,3.27949705609
0.02142656,0.0044523539108,2.00444034914,3.2798693596
0.02142856,0.00433948434636,2.00432744304,3.28024395615
0.02143056,0.00422592952704,2.00421385263,3.28062078591
0.02143256,0.00411170738446,2.00409959585,3.28099978871
0.02143456,0.00399683595562,2.00398469074,3.28138090404
0.02143656,0.00388133338005,2.00386915544,3.28176407108
0.02143856,0.00376521789695,2.0037530082,3.28214922871
0.02144056,0.00364850784229,2.00363626735,3.28253631549
0.02144256,0.00353122164595,2.00351895134,3.2829252697
0.02144456,0.00341337782877,2.00340107869,3.28331602935
0.02144656,0.00329499499967,2.00328266801,3.28370853216
0.02144856,0.00317609185266,2.00316373801,3.28410271562
0.02145056,0.00305668716393,2.00304430745,3.28449851695
0.02145256,0.00293679978886,2.00292439521,3.28489587314
0.02145456,0.00281644865905,2.00280402021,3.28529472094
0.02145656,0.00269565277936,2.00268320147,3.2856949969
0.02145856,0.00257443122484,2.00256195806,3.28609663735
0.02146056,0.00245280313779,2.00244030913,3.28649957844
0.02146256,0.00233078772469,2.00231827389,3.2869037561
0.02146456,0.00220840425319,2.00219587161,3.28730910612
0.02146656,0.00208567204906,2.00207312161,3.2877155641
0.02146856,0.00196261049313,2.0019500433,3.28812306551
0.02147056,0.00183923901826,2.00182665608,3.28853154563
0.02147256,0.00171557710622,2.00170297947,3.28894093966
0.02147456,0.00159164428467,2.00157903297,3.28935118264
0.02147656,0.00146746012403,2.00145483617,3.28976220951
0.02147856,0.00134304423444,2.00133040867,3.29017395509
0.02148056,0.00121841626258,2.00120577013,3.29058635413
0.02148256,0.00109359588868,2.00108094023,3.29099934129
0.02148456,0.000968602823305,2.00095593868,3.29141285114
0.02148656,0.000843456804318,2.00083078522,3.29182681823
0.02148856,0.000718177593723,2.0007054996,3.29224117701
0.02149056,0.000592784974562,2.00058010163,3.29265586192
0.02149256,0.000467298747781,2.00045461109,3.29307080736
0.02149456,0.000341738729111,2.00032904781,3.29348594772
0.02149656,0.000216124745934,2.0002034316,3.29390121738
0.02149856,9.04766341534e-05,2.00007778232,3.29431655069
0.02150056,-3.51857649358e-05,1.9999521198,3.29473188206
0.02150256,-0.000160842607785,1.99982646388,3.29514714589
0.02150456,-0.000286474051722,1.9997008344,3.29556227662
0.02150656,-0.000412060258085,1.99957525121,3.29597720873
0.02150856,-0.000537581395357,1.99944973414,3.29639187677
0.02151056,-0.000663017642294,1.999324303,3.29680621532
0.02151256,-0.00078834919106,1.9991989776,3.29722015907
0.02151456,-0.00091355625035,1.99907377774,3.29763364277
0.02151656,-0.00103861904852,1.99894872318,3.29804660127
0.02151856,-0.0011635178367,1.99882383367,3.29845896952
0.02152056,-0.00128823289192,1.99869912894,3.29887068261
0.02152256,-0.00141274452024,1.99857462867,3.29928167571
0.02152456,-0.00153703305982,1.99845035253,3.29969188417
0.02152656,-0.00166107888406,1.99832632013,3.30010124345
0.02152856,-0.0017848624047,1.99820255108,3.30050968918
0.02153056,-0.00190836407486,1.9980790649,3.30091715716
0.02153256,-0.00203156439222,1.9979558811,3.30132358335
0.02153456,-0.00215444390201,1.99783301914,3.30172890391
0.02153656,-0.00227698320013,1.99771049841,3.30213305518
0.02153856,-0.00239916293621,1.99758833826,3.30253597372
0.02154056,-0.00252096381665,1.99746655799,3.30293759629
0.02154256,-0.00264236660768,1.99734517681,3.30333785988
0.02154456,-0.00276335213839,1.99722421391,3.30373670171
0.02154656,-0.00288390130376,1.99710368838,3.30413405924
0.02154856,-0.00300399506769,1.99698361925,3.30452987021
0.02155056,-0.00312361446597,1.99686402549,3.30492407259
0.02155256,-0.00324274060932,1.99674492597,3.30531660462
0.02155456,-0.00336135468633,1.99662633952,3.30570740486
0.02155656,-0.00347943796648,1.99650828484,3.30609641211
0.02155856,-0.00359697180303,1.99639078059,3.30648356551
0.02156056,-0.00371393763604,1.99627384532,3.3068688045
0.02156256,-0.00383031699524,1.9961574975,3.30725206881
0.02156456,-0.00394609150299,1.9960417555,3.30763329854
0.02156656,-0.00406124287714,1.99592663759,3.30801243409
0.02156856,-0.00417575293397,1.99581216195,3.30838941624
0.02157056,-0.00428960359099,1.99569834667,3.3087641861
0.02157256,-0.00440277686989,1.99558520971,3.30913668515
0.02157456,-0.00451525489928,1.99547276894,3.30950685524
0.02157656,-0.00462701991757,1.99536104211,3.3098746386
0.02157856,-0.00473805427579,1.99525004687,3.31023997787
0.02158056,-0.00484834044031,1.99513980075,3.31060281606
0.02158256,-0.00495786099567,1.99503032115,3.31096309659
0.02158456,-0.0050665986473,1.99492162537,3.31132076333
0.02158656,-0.00517453622428,1.99481373056,3.31167576053
0.02158856,-0.005281656682,1.99470665377,3.31202803289
0.02159056,-0.0053879431049,1.9946004119,3.31237752556
0.02159256,-0.00549337870913,1.99449502173,3.31272418412
0.02159456,-0.00559794684518,1.9943904999,3.31306795463
0.02159656,-0.00570163100053,1.99428686293,3.31340878358
0.02159856,-0.00580441480224,1.99418412716,3.31374661798
0.02160056,-0.00590628201958,1.99408230883,3.31408140527
0.02160256,-0.00600721656651,1.99398142402,3.31441309341
0.02160456,-0.00610720250431,1.99388148866,3.31474163085
0.02160656,-0.00620622404404,1.99378251852,3.31506696654
0.02160856,-0.00630426554905,1.99368452923,3.31538904995
0.02161056,-0.00640131153744,1.99358753628,3.31570783106
0.02161256,-0.00649734668454,1.99349155497,3.31602326036
0.02161456,-0.00659235582528,1.99339660046,3.31633528892
0.02161656,-0.00668632395661,1.99330268775,3.31664386829
0.02161856,-0.00677923623988,1.99320983166,3.31694895063
0.02162056,-0.00687107800315,1.99311804686,3.3172504886
0.02162256,-0.00696183474356,1.99302734785,3.31754843545
0.02162456,-0.00705149212956,1.99293774894,3.317842745
0.02162656,-0.00714003600321,1.99284926429,3.31813337163
0.02162856,-0.0072274523824,1.99276190787,3.31842027032
0.02163056,-0.00731372746308,1.99267569346,3.31870339662
0.02163256,-0.00739884762141,1.99259063469,3.31898270669
0.02163456,-0.00748279941593,1.99250674499,3.31925815727
0.02163656,-0.00756556958968,1.99242403761,3.31952970574
0.02163856,-0.00764714507229,1.9923425256,3.31979731006
0.02164056,-0.00772751298204,1.99226222184,3.32006092884
0.02164256,-0.00780666062791,1.992183139,3.32032052129
0.02164456,-0.00788457551157,1.99210528958,3.32057604726
0.02164656,-0.00796124532936,1.99202868587,3.32082746724
0.02164856,-0.00803665797422,1.99195333997,3.32107474237
0.02165056,-0.00811080153762,1.99187926377,3.32131783443
0.02165256,-0.00818366431143,1.99180646897,3.32155670585
0.02165456,-0.00825523478979,1.99173496707,3.32179131973
0.02165656,-0.00832550167087,1.99166476936,3.32202163983
0.02165856,-0.00839445385872,1.99159588692,3.32224763059
0.02166056,-0.008462080465,1.99152833063,3.32246925709
0.02166256,-0.00852837081068,1.99146211115,3.32268648514
0.02166456,-0.00859331442775,1.99139723896,3.3228992812
0.02166656,-0.00865690106084,1.99133372428,3.32310761244
0.02166856,-0.00871912066891,1.99127157715,3.3233114467
0.02167056,-0.00877996342675,1.99121080738,3.32351075255
0.02167256,-0.00883941972658,1.99115142457,3.32370549925
0.02167456,-0.00889748017957,1.9910934381,3.32389565676
0.02167656,-0.0089541356173,1.99103685712,3.32408119576
0.02167856,-0.00900937709321,1.99098169056,3.32426208764
0.02168056,-0.00906319588403,1.99092794715,3.32443830453
0.02168256,-0.00911558349117,1.99087563536,3.32460981927
0.02168456,-0.009166531642,1.99082476346,3.32477660543
0.02168656,-0.00921603229122,1.99077533948,3.3249386373
0.02168856,-0.00926407762211,1.99072737122,3.32509588993
0.02169056,-0.00931066004775,1.99068086626,3.3252483391
0.02169256,-0.00935577221223,1.99063583194,3.32539596133
0.02169456,-0.00939940699183,1.99059227538,3.32553873387
0.02169656,-0.0094415574961,1.99055020344,3.32567663477
0.02169856,-0.00948221706899,1.99050962279,3.32580964277
0.02170056,-0.00952137928988,1.99047053982,3.32593773741
0.02170256,-0.00955903797461,1.9904329607,3.32606089896
0.02170456,-0.00959518717644,1.99039689138,3.32617910849
0.02170656,-0.00962982118697,1.99036233753,3.32629234778
0.02170856,-0.00966293453711,1.99032930464,3.32640059943
0.02171056,-0.00969452199787,1.9902977979,3.32650384676
0.02171256,-0.00972457858122,1.99026782229,3.32660207391
0.02171456,-0.00975309954089,1.99023938255,3.32669526576
0.02171656,-0.00978008037307,1.99021248317,3.32678340797
0.02171856,-0.00980551681719,1.99018712839,3.32686648698
0.02172056,-0.00982940485654,1.99016332223,3.32694449003
0.02172256,-0.00985174071891,1.99014106843,3.32701740511
0.02172456,-0.00987252087722,1.99012037051,3.32708522101
0.02172656,-0.00989174205003,1.99010123175,3.32714792731
0.02172856,-0.00990940120211,1.99008365516,3.32720551436
0.02173056,-0.00992549554486,1.99006764352,3.3272579733
0.02173256,-0.00994002253681,1.99005319936,3.32730529608
0.02173456,-0.00995297988397,1.99004032496,3.32734747541
0.02173656,-0.00996436554023,1.99002902234,3.32738450482
0.02173856,-0.00997417770765,1.99001929331,3.32741637861
0.02174056,-0.0099824148368,1.99001113939,3.32744309188
0.02174256,-0.00998907562692,1.99000456186,3.32746464052
0.02174456,-0.0099941590262,1.98999956178,3.32748102123
0.02174656,-0.00999766423192,1.98999613993,3.32749223148
0.02174856,-0.00999959069056,1.98999429684,3.32749826955
0.02175056,-0.00999993809791,1.98999403282,3.32749913452
0.02175256,-0.00999870639911,1.98999534789,3.32749482624
0.02175456,-0.00999589578866,1.98999824186,3.32748534539
0.02175656,-0.00999150671039,1.99000271427,3.32747069341
0.02175856,-0.00998553985738,1.99000876441,3.32745087257
0.02176056,-0.00997799617188,1.99001639132,3.3274258859
0.02176256,-0.00996887684511,1.99002559381,3.32739573726
0.02176456,-0.00995818331713,1.99003637041,3.32736043127
0.02176656,-0.00994591727656,1.99004871943,3.32731997335
0.02176856,-0.00993208066035,1.99006263892,3.32727436974
0.02177056,-0.00991667565347,1.99007812667,3.32722362744
0.02177256,-0.00989970468855,1.99009518025,3.32716775426
0.02177456,-0.0098811704455,1.99011379695,3.32710675877
0.02177656,-0.00986107585109,1.99013397385,3.32704065037
0.02177856,-0.00983942407849,1.99015570775,3.32696943921
0.02178056,-0.00981621854676,1.99017899522,3.32689313625
0.02178256,-0.00979146292034,1.99020383258,3.32681175322
0.02178456,-0.00976516110841,1.99023021592,3.32672530264
0.02178656,-0.00973731726434,1.99025814106,3.3266337978
0.02178856,-0.00970793578499,1.9902876036,3.32653725277
0.02179056,-0.00967702131005,1.99031859888,3.32643568242
0.02179256,-0.00964457872127,1.99035112201,3.32632910236
0.02179456,-0.0096106131417,1.99038516786,3.326217529
0.02179656,-0.0095751299349,1.99042073104,3.32610097949
0.02179856,-0.00953813470409,1.99045780594,3.32597947178
0.02180056,-0.00949963329124,1.99049638671,3.32585302457
0.02180256,-0.00945963177617,1.99053646726,3.32572165731
0.02180456,-0.00941813647558,1.99057804125,3.32558539023
0.02180656,-0.00937515394207,1.99062110212,3.32544424431
0.02180856,-0.00933069096307,1.99066564307,3.32529824127
0.02181056,-0.0092847545598,1.99071165707,3.32514740361
0.02181256,-0.00923735198615,1.99075913685,3.32499175455
0.02181456,-0.00918849072754,1.99080807491,3.32483131806
0.02181656,-0.00913817849973,1.99085846353,3.32466611886
0.02181856,-0.0090864232476,1.99091029474,3.3244961824
0.02182056,-0.00903323314391,1.99096356037,3.32432153486
0.02182256,-0.00897861658799,1.991018252,3.32414220317
0.02182456,-0.00892258220442,1.991074361,3.32395821496
0.02182656,-0.00886513884169,1.9911318785,3.32376959859
0.02182856,-0.00880629557077,1.99119079543,3.32357638315
0.02183056,-0.00874606168369,1.99125110248,3.32337859843
0.02183256,-0.00868444669209,1.99131279012,3.32317627493
0.02183456,-0.00862146032568,1.99137584862,3.32296944387
0.02183656,-0.00855711253074,1.99144026801,3.32275813716
0.02183856,-0.00849141346853,1.99150603813,3.32254238739
0.02184056,-0.00842437351371,1.99157314859,3.32232222788
0.02184256,-0.00835600325264,1.99164158879,3.32209769261
0.02184456,-0.0082863134818,1.99171134792,3.32186881624
0.02184656,-0.008215315206,1.99178241497,3.32163563412
0.02184856,-0.0081430196367,1.99185477872,3.32139818226
0.02185056,-0.00806943819019,1.99192842774,3.32115649735
0.02185256,-0.00799458248586,1.99200335039,3.32091061672
0.02185456,-0.00791846434427,1.99207953485,3.3206605784
0.02185656,-0.00784109578537,1.99215696909,3.32040642101
0.02185856,-0.00776248902654,1.99223564088,3.32014818386
0.02186056,-0.00768265648072,1.9923155378,3.31988590689
0.02186256,-0.00760161075437,1.99239664723,3.31961963065
0.02186456,-0.00751936464557,1.99247895635,3.31934939636
0.02186656,-0.00743593114192,1.99256245218,3.31907524582
0.02186856,-0.00735132341855,1.99264712153,3.31879722148
0.02187056,-0.00726555483598,1.99273295103,3.31851536636
0.02187256,-0.00717863893809,1.99281992713,3.31822972413
0.02187456,-0.00709058944989,1.99290803608,3.31794033903
0.02187656,-0.00700142027541,1.99299726398,3.31764725588
0.02187856,-0.00691114549552,1.99308759674,3.31735052011
0.02188056,-0.00681977936563,1.9931790201,3.31705017771
0.02188256,-0.00672733631352,1.9932715196,3.31674627524
0.02188456,-0.00663383093703,1.99336508066,3.31643885985
0.02188656,-0.00653927800172,1.99345968849,3.31612797921
0.02188856,-0.00644369243862,1.99355532816,3.31581368155
0.02189056,-0.00634708934178,1.99365198456,3.31549601567
0.02189256,-0.00624948396596,1.99374964243,3.31517503087
0.02189456,-0.00615089172417,1.99384828635,3.314850777
0.02189656,-0.00605132818527,1.99394790074,3.31452330442
0.02189856,-0.00595080907151,1.99404846986,3.31419266401
0.02190056,-0.00584935025601,1.99414997785,3.31385890715
0.02190256,-0.00574696776029,1.99425240867,3.31352208573
0.02190456,-0.00564367775175,1.99435574615,3.31318225212
0.02190656,-0.00553949654106,1.99445997396,3.31283945918
0.02190856,-0.00543444057966,1.99456507565,3.31249376024
0.02191056,-0.00532852645709,1.99467103462,3.31214520909
0.02191256,-0.00522177089842,1.99477783414,3.31179386
0.02191456,-0.0051141907616,1.99488545735,3.31143976768
0.02191656,-0.00500580303476,1.99499388725,3.31108298728
0.02191856,-0.0048966248336,1.99510310671,3.31072357438
0.02192056,-0.00478667339862,1.99521309849,3.31036158501
0.02192256,-0.00467596609241,1.99532384523,3.30999707559
0.02192456,-0.00456452039696,1.99543532943,3.30963010298
0.02192656,-0.00445235391082,1.99554753349,3.3092607244
0.02192856,-0.00433948434638,1.99566043968,3.30888899751
0.02193056,-0.00422592952706,1.99577403019,3.30851498031
0.02193256,-0.00411170738448,1.99588828707,3.30813873121
0.02193456,-0.00399683595564,1.99600319229,3.30776030897
0.02193656,-0.00388133338007,1.99611872769,3.3073797727
0.02193856,-0.00376521789697,1.99623487503,3.30699718189
0.02194056,-0.00364850784231,1.99635161598,3.30661259632
0.02194256,-0.00353122164597,1.99646893209,3.30622607616
0.02194456,-0.00341337782879,1.99658680484,3.30583768184
0.02194656,-0.00329499499969,1.99670521562,3.30544747415
0.02194856,-0.00317609185268,1.99682414573,3.30505551417
0.02195056,-0.00305668716395,1.99694357638,3.30466186326
0.02195256,-0.00293679978888,1.99706348873,3.30426658307
0.02195456,-0.00281644865908,1.99718386383,3.30386973554
0.02195656,-0.00269565277938,1.99730468267,3.30347138286
0.02195856,-0.00257443122487,1.99742592618,3.30307158748
0.02196056,-0.00245280313782,1.99754757521,3.3026704121
0.02196256,-0.00233078772472,1.99766961055,3.30226791965
0.02196456,-0.00220840425322,1.99779201294,3.30186417329
0.02196656,-0.00208567204908,1.99791476303,3.3014592364
0.02196856,-0.00196261049315,1.99803784145,3.30105317256
0.02197056,-0.00183923901828,1.99816122876,3.30064604556
0.02197256,-0.00171557710624,1.99828490548,3.30023791937
0.02197456,-0.00159164428469,1.99840885208,3.29982885814
0.02197656,-0.00146746012406,1.99853304898,3.29941892619
0.02197856,-0.00134304423446,1.99865747658,3.29900818799
0.02198056,-0.00121841626261,1.99878211522,3.29859670816
0.02198256,-0.0010935958887,1.99890694522,3.29818455147
0.02198456,-0.000968602823328,1.99903194687,3.29777178281
0.02198656,-0.000843456804341,1.99915710044,3.29735846719
0.02198856,-0.000718177593746,1.99928238615,3.29694466971
0.02199056,-0.000592784974585,1.99940778423,3.2965304556
0.02199256,-0.000467298747804,1.99953327487,3.29611589015
0.02199456,-0.000341738729134,1.99965883825,3.29570103874
0.02199656,-0.000216124745956,1.99978445455,3.29528596681
0.02199856,-9.04766341766e-05,1.99991010394,3.29487073987
0.02200056,3.51857649129e-05,2.00003576656,3.29445542345
0.02200256,0.000160842607762,2.00016142258,3.29404008315
0.02200456,0.000286474051699,2.00028705216,3.29362478456
0.02200656,0.000412060258062,2.00041263545,3.29320959331
0.02200856,0.000537581395334,2.00053815263,3.29279457503
0.02201056,0.000663017642271,2.00066358387,3.29237979534
0.02201256,0.000788349191037,2.00078890936,3.29196531985
0.02201456,0.000913556250327,2.00091410933,3.29155121412
0.02201656,0.00103861904849,2.00103916399,3.29113754372
0.02201856,0.00116351783667,2.00116405359,3.29072437412
0.02202056,0.0012882328919,2.00128875843,3.29031177076
0.02202256,0.00141274452022,2.0014132588,3.28989979902
0.02202456,0.0015370330598,2.00153753504,3.28948852417
0.02202656,0.00166107888404,2.00166156754,3.28907801143
0.02202856,0.00178486240467,2.0017853367,3.28866832589
0.02203056,0.00190836407484,2.00190882297,3.28825953254
0.02203256,0.0020315643922,2.00203200687,3.28785169625
0.02203456,0.00215444390199,2.00215486894,3.28744488175
0.02203656,0.00227698320011,2.00227738977,3.28703915365
0.02203856,0.00239916293619,2.00239955002,3.28663457638
0.02204056,0.00252096381663,2.00252133039,3.28623121424
0.02204256,0.00264236660766,2.00264271167,3.28582913132
0.02204456,0.00276335213837,2.00276367467,3.28542839156
0.02204656,0.00288390130374,2.0028842003,3.28502905869
0.02204856,0.00300399506767,2.00300426953,3.28463119623
0.02205056,0.00312361446595,2.0031238634,3.2842348675
0.02205256,0.0032427406093,2.00324296301,3.28384013559
0.02205456,0.00336135468631,2.00336154957,3.28344706336
0.02205656,0.00347943796646,2.00347960434,3.28305571341
0.02205856,0.00359697180301,2.00359710869,3.2826661481
0.02206056,0.00371393763602,2.00371404406,3.28227842952
0.02206256,0.00383031699522,2.00383039199,3.28189261948
0.02206456,0.00394609150297,2.00394613409,3.28150877951
0.02206656,0.00406124287712,2.0040612521,3.28112697084
0.02206856,0.00417575293394,2.00417572784,3.2807472544
0.02207056,0.00428960359097,2.00428954323,3.2803696908
0.02207256,0.00440277686987,2.00440268029,3.27999434031
0.02207456,0.00451525489926,2.00451512116,3.2796212629
0.02207656,0.00462701991755,2.00462684809,3.27925051816
0.02207856,0.00473805427577,2.00473784342,3.27888216533
0.02208056,0.00484834044029,2.00484808965,3.2785162633
0.02208256,0.00495786099565,2.00495756935,3.27815287058
0.02208456,0.00506659864728,2.00506626523,3.27779204528
0.02208656,0.00517453622426,2.00517416014,3.27743384513
0.02208856,0.00528165668198,2.00528123703,3.27707832746
0.02209056,0.00538794310488,2.005387479,3.27672554917
0.02209256,0.00549337870911,2.00549286927,3.27637556675
0.02209456,0.00559794684516,2.0055973912,3.27602843626
0.02209656,0.00570163100051,2.00570102828,3.27568421329
0.02209856,0.00580441480222,2.00580376414,3.27534295302
0.02210056,0.00590628201956,2.00590558257,3.27500471014
0.02210256,0.00600721656649,2.00600646748,3.27466953889
0.02210456,0.00610720250429,2.00610640295,3.27433749301
0.02210656,0.00620622404402,2.00620537319,3.27400862576
0.02210856,0.00630426554903,2.00630336258,3.27368298993
0.02211056,0.00640131153743,2.00640035563,3.27336063776
0.02211256,0.00649734668452,2.00649633705,3.273041621
0.02211456,0.00659235582526,2.00659129165,3.27272599089
0.02211656,0.00668632395659,2.00668520447,3.27241379811
0.02211856,0.00677923623986,2.00677806065,3.27210509282
0.02212056,0.00687107800314,2.00686984555,3.27179992462
0.02212256,0.00696183474355,2.00696054466,3.27149834255
0.02212456,0.00705149212955,2.00705014367,3.27120039512
0.02212656,0.00714003600319,2.00713862843,3.27090613021
0.02212856,0.00722745238239,2.00722598495,3.27061559516
0.02213056,0.00731372746307,2.00731219946,3.27032883671
0.02213256,0.0073988476214,2.00739725833,3.270045901
0.02213456,0.00748279941592,2.00748114813,3.26976683357
0.02213656,0.00756556958966,2.00756385561,3.26949167933
0.02213856,0.00764714507227,2.00764536772,3.26922048259
0.02214056,0.00772751298202,2.00772567159,3.26895328702
0.02214256,0.0078066606279,2.00780475452,3.26869013567
0.02214456,0.00788457551156,2.00788260404,3.26843107092
0.02214656,0.00796124532934,2.00795920785,3.26817613452
0.02214856,0.0080366579742,2.00803455386,3.26792536757
0.02215056,0.00811080153761,2.00810863016,3.26767881048
0.02215256,0.00818366431142,2.00818142506,3.267436503
0.02215456,0.00825523478977,2.00825292706,3.26719848422
0.02215656,0.00832550167086,2.00832312487,3.26696479252
0.02215856,0.00839445385871,2.00839200741,3.2667354656
0.02216056,0.00846208046499,2.00845956381,3.26651054046
0.02216256,0.00852837081067,2.00852578338,3.2662900534
0.02216456,0.00859331442773,2.00859065568,3.26607404
0.02216656,0.00865690106083,2.00865417046,3.26586253515
0.02216856,0.0087191206689,2.00871631769,3.26565557297
0.02217056,0.00877996342674,2.00877708756,3.26545318691
0.02217256,0.00883941972657,2.00883647047,3.26525540963
0.02217456,0.00889748017956,2.00889445704,3.26506227309
0.02217656,0.00895413561729,2.00895103812,3.26487380849
0.02217856,0.0090093770932,2.00900620478,3.26469004629
0.02218056,0.00906319588403,2.00905994829,3.26451101616
0.02218256,0.00911558349116,2.00911226018,3.26433674707
0.02218456,0.00916653164199,2.00916313218,3.26416726716
0.02218656,0.00921603229121,2.00921255627,3.26400260384
0.02218856,0.0092640776221,2.00926052463,3.26384278373
0.02219056,0.00931066004774,2.00930702969,3.26368783269
0.02219256,0.00935577221222,2.00935206411,3.26353777575
0.02219456,0.00939940699182,2.00939562077,3.2633926372
0.02219656,0.00944155749609,2.0094376928,3.26325244052
0.02219856,0.00948221706898,2.00947827356,3.26311720837
0.02220056,0.00952137928988,2.00951735663,3.26298696265
0.02220256,0.00955903797461,2.00955493585,3.26286172443
0.02220456,0.00959518717643,2.00959100528,3.26274151397
0.02220656,0.00962982118697,2.00962555922,3.26262635073
0.02220856,0.0096629345371,2.00965859222,3.26251625335
0.02221056,0.00969452199786,2.00969009906,3.26241123965
0.02221256,0.00972457858122,2.00972007477,3.26231132662
0.02221456,0.00975309954088,2.00974851461,3.26221653045
0.02221656,0.00978008037307,2.00977541409,3.26212686648
0.02221856,0.00980551681719,2.00980076897,3.26204234923
0.02222056,0.00982940485653,2.00982457523,3.26196299239
0.02222256,0.0098517407189,2.00984682913,3.2618888088
0.02222456,0.00987252087721,2.00986752715,3.26181981048
0.02222656,0.00989174205003,2.00988666601,3.26175600861
0.02222856,0.0099094012021,2.0099042427,3.26169741351
0.02223056,0.00992549554486,2.00992025444,3.26164403468
0.02223256,0.00994002253681,2.0099346987,3.26159588077
0.02223456,0.00995297988397,2.00994757321,3.26155295957
0.02223656,0.00996436554022,2.00995887592,3.26151527803
0.02223856,0.00997417770765,2.00996860506,3.26148284227
0.02224056,0.0099824148368,2.00997675908,3.26145565753
0.02224256,0.00998907562692,2.0099833367,3.26143372822
0.02224456,0.0099941590262,2.00998833689,3.2614170579
0.02224656,0.00999766423192,2.00999175884,3.26140564925
0.02224856,0.00999959069056,2.00999360203,3.26139950414
0.02225056,0.00999993809791,2.00999386616,3.26139862355
0.02225256,0.00999870639911,2.00999255118,3.26140300763
0.02225456,0.00999589578866,2.00998965731,3.26141265567
0.02225656,0.00999150671039,2.009985185,3.26142756611
0.02225856,0.00998553985738,2.00997913497,3.26144773652
0.02226056,0.00997799617188,2.00997150815,3.26147316365
0.02226256,0.00996887684511,2.00996230577,3.26150384337
0.02226456,0.00995818331713,2.00995152927,3.26153977071
0.02226656,0.00994591727656,2.00993918035,3.26158093986
0.02226856,0.00993208066035,2.00992526096,3.26162734414
0.02227056,0.00991667565348,2.00990977331,3.26167897603
0.02227256,0.00989970468856,2.00989271983,3.26173582718
0.02227456,0.0098811704455,2.00987410323,3.26179788838
0.02227656,0.00986107585109,2.00985392644,3.26186514957
0.02227856,0.00983942407849,2.00983219264,3.26193759986
0.02228056,0.00981621854677,2.00980890527,3.26201522752
0.02228256,0.00979146292034,2.009784068,3.26209801997
0.02228456,0.00976516110841,2.00975768477,3.26218596381
0.02228656,0.00973731726434,2.00972975973,3.26227904481
0.02228856,0.009707935785,2.00970029729,3.26237724788
0.02229056,0.00967702131006,2.00966930211,3.26248055713
0.02229256,0.00964457872127,2.00963677908,3.26258895584
0.02229456,0.0096106131417,2.00960273333,3.26270242646
0.02229656,0.00957512993491,2.00956717025,3.26282095063
0.02229856,0.0095381347041,2.00953009545,3.26294450915
0.02230056,0.00949963329125,2.00949151478,3.26307308204
0.02230256,0.00945963177618,2.00945143433,3.26320664849
0.02230456,0.00941813647559,2.00940986044,3.26334518689
0.02230656,0.00937515394208,2.00936679968,3.26348867483
0.02230856,0.00933069096308,2.00932225883,3.2636370891
0.02231056,0.00928475455981,2.00927624493,3.26379040568
0.02231256,0.00923735198616,2.00922876525,3.26394859979
0.02231456,0.00918849072755,2.00917982729,3.26411164585
0.02231656,0.00913817849974,2.00912943877,3.26427951748
0.02231856,0.00908642324761,2.00907760766,3.26445218756
0.02232056,0.00903323314392,2.00902434213,3.26462962816
0.02232256,0.008978616588,2.0089696506,3.26481181061
0.02232456,0.00892258220443,2.0089135417,3.26499870548
0.02232656,0.0088651388417,2.0088560243,3.26519028254
0.02232856,0.00880629557078,2.00879710747,3.26538651087
0.02233056,0.0087460616837,2.00873680053,3.26558735876
0.02233256,0.0086844466921,2.00867511299,3.26579279376
0.02233456,0.00862146032569,2.00861205459,3.26600278271
0.02233656,0.00855711253075,2.0085476353,3.26621729169
0.02233856,0.00849141346855,2.00848186528,3.26643628609
0.02234056,0.00842437351372,2.00841475492,3.26665973055
0.02234256,0.00835600325266,2.00834631482,3.266887589
0.02234456,0.00828631348181,2.00827655579,3.26711982469
0.02234656,0.00821531520601,2.00820548884,3.26735640015
0.02234856,0.00814301963671,2.00813312519,3.26759727722
0.02235056,0.00806943819021,2.00805947628,3.26784241704
0.02235256,0.00799458248587,2.00798455372,3.2680917801
0.02235456,0.00791846434428,2.00790836936,3.2683453262
0.02235656,0.00784109578538,2.00783093522,3.26860301447
0.02235856,0.00776248902656,2.00775226353,3.26886480337
0.02236056,0.00768265648073,2.00767236672,3.26913065074
0.02236256,0.00760161075439,2.00759125739,3.26940051375
0.02236456,0.00751936464559,2.00750894837,3.26967434894
0.02236656,0.00743593114194,2.00742545263,3.26995211221
0.02236856,0.00735132341856,2.00734078339,3.27023375885
0.02237056,0.007265554836,2.00725495399,3.27051924352
0.02237256,0.0071786389381,2.00716797799,3.27080852029
0.02237456,0.0070905894499,2.00707986914,3.27110154262
0.02237656,0.00700142027543,2.00699064134,3.27139826337
0.02237856,0.00691114549553,2.00690030868,3.27169863484
0.02238056,0.00681977936565,2.00680888543,3.27200260872
0.02238256,0.00672733631354,2.00671638602,3.27231013617
0.02238456,0.00663383093704,2.00662282506,3.27262116775
0.02238656,0.00653927800174,2.00652821733,3.2729356535
0.02238856,0.00644369243864,2.00643257777,3.2732535429
0.02239056,0.0063470893418,2.00633592147,3.27357478491
0.02239256,0.00624948396597,2.0062382637,3.27389932796
0.02239456,0.00615089172419,2.00613961988,3.27422711995
0.02239656,0.00605132818529,2.0060400056,3.27455810828
0.02239856,0.00595080907153,2.00593943657,3.27489223985
0.02240056,0.00584935025603,2.00583792868,3.27522946108
0.02240256,0.00574696776031,2.00573549796,3.27556971789
0.02240456,0.00564367775177,2.00563216059,3.27591295574
0.02240656,0.00553949654108,2.00552793288,3.27625911962
0.02240856,0.00543444057968,2.00542283129,3.27660815408
0.02241056,0.00532852645711,2.00531687242,3.2769600032
0.02241256,0.00522177089844,2.00521007299,3.27731461064
0.02241456,0.00511419076162,2.00510244989,3.27767191964
0.02241656,0.00500580303478,2.00499402009,3.27803187301
0.02241856,0.00489662483362,2.00488480073,3.27839441315
0.02242056,0.00478667339864,2.00477480905,3.27875948208
0.02242256,0.00467596609243,2.00466406241,3.27912702142
0.02242456,0.00456452039698,2.00455257831,3.27949697241
0.02242656,0.00445235391084,2.00444037436,3.27986927593
0.02242856,0.0043394843464,2.00432746826,3.28024387249
0.02243056,0.00422592952708,2.00421387785,3.28062070226
0.02243256,0.0041117073845,2.00409962107,3.28099970506
0.02243456,0.00399683595566,2.00398471596,3.2813808204
0.02243656,0.00388133338009,2.00386918066,3.28176398746
0.02243856,0.00376521789699,2.00375303341,3.28214914509
0.02244056,0.00364850784233,2.00363629257,3.28253623188
0.02244256,0.00353122164599,2.00351897656,3.2829251861
0.02244456,0.00341337782881,2.00340110391,3.28331594576
0.02244656,0.00329499499971,2.00328269323,3.28370844858
0.02244856,0.0031760918527,2.00316376322,3.28410263205
0.02245056,0.00305668716397,2.00304433267,3.28449843339
0.02245256,0.0029367997889,2.00292442042,3.28489578959
0.02245456,0.0028164486591,2.00280404542,3.2852946374
0.02245656,0.00269565277941,2.00268322668,3.28569491337
0.02245856,0.00257443122489,2.00256198327,3.28609655383
0.02246056,0.00245280313784,2.00244033434,3.28649949492
0.02246256,0.00233078772474,2.0023182991,3.28690367259
0.02246456,0.00220840425324,2.00219589682,3.28730902262
0.02246656,0.0020856720491,2.00207314683,3.28771548062
0.02246856,0.00196261049318,2.00195006851,3.28812298203
0.02247056,0.0018392390183,2.0018266813,3.28853146217
0.02247256,0.00171557710626,2.00170300468,3.28894085621
0.02247456,0.00159164428471,2.00157905818,3.2893510992
0.02247656,0.00146746012408,2.00145486138,3.28976212607
0.02247856,0.00134304423448,2.00133043388,3.29017387166
0.02248056,0.00121841626263,2.00120579535,3.29058627071
0.02248256,0.00109359588872,2.00108096544,3.29099925788
0.02248456,0.000968602823351,2.00095596389,3.29141276775
0.02248656,0.000843456804364,2.00083081043,3.29182673484
0.02248856,0.00071817759377,2.00070552481,3.29224109363
0.02249056,0.000592784974608,2.00058012684,3.29265577855
0.02249256,0.000467298747827,2.0004546363,3.293070724
0.02249456,0.000341738729157,2.00032907302,3.29348586438
0.02249656,0.00021612474598,2.00020345681,3.29390113404
0.02249856,9.04766341997e-05,2.00007780753,3.29431646736
0.02250056,-3.51857648898e-05,1.99995214501,3.29473179874
0.02250256,-0.000160842607739,1.99982648909,3.29514706258
0.02250456,-0.000286474051676,1.99970085961,3.29556219332
0.02250656,-0.000412060258039,1.99957527642,3.29597712544
0.02250856,-0.000537581395311,1.99944975935,3.29639179349
0.02251056,-0.000663017642248,1.99932432821,3.29680613205
0.02251256,-0.000788349191014,1.99919900281,3.29722007581
0.02251456,-0.000913556250304,1.99907380295,3.29763355952
0.02251656,-0.00103861904847,1.99894874839,3.29804651803
0.02251856,-0.00116351783665,1.99882385888,3.29845888629
0.02252056,-0.00128823289188,1.99869915415,3.29887059939
0.02252256,-0.00141274452019,1.99857465388,3.2992815925
0.02252456,-0.00153703305978,1.99845037774,3.29969180097
0.02252656,-0.00166107888402,1.99832634534,3.30010116026
0.02252856,-0.00178486240465,1.99820257628,3.300509606
0.02253056,-0.00190836407482,1.99807909011,3.30091707399
0.02253256,-0.00203156439218,1.99795590631,3.30132350019
0.02253456,-0.00215444390197,1.99783304435,3.30172882076
0.02253656,-0.00227698320009,1.99771052362,3.30213297204
0.02253856,-0.00239916293617,1.99758836347,3.30253589059
0.02254056,-0.00252096381661,1.99746658319,3.30293751317
0.02254256,-0.00264236660763,1.99734520202,3.30333777676
0.02254456,-0.00276335213834,1.99722423912,3.3037366186
0.02254656,-0.00288390130372,1.99710371358,3.30413397615
0.02254856,-0.00300399506765,1.99698364446,3.30452978713
0.02255056,-0.00312361446593,1.99686405069,3.30492398951
0.02255256,-0.00324274060928,1.99674495118,3.30531652156
0.02255456,-0.00336135468629,1.99662636472,3.3057073218
0.02255656,-0.00347943796643,1.99650831005,3.30609632906
0.02255856,-0.00359697180299,1.9963908058,3.30648348248
0.02256056,-0.003713937636,1.99627387053,3.30686872147
0.02256256,-0.0038303169952,1.9961575227,3.30725198579
0.02256456,-0.00394609150295,1.9960417807,3.30763321553
0.02256656,-0.0040612428771,1.99592666279,3.30801235109
0.02256856,-0.00417575293392,1.99581218715,3.30838933325
0.02257056,-0.00428960359095,1.99569837187,3.30876410312
0.02257256,-0.00440277686985,1.99558523491,3.30913660217
0.02257456,-0.00451525489924,1.99547279414,3.30950677227
0.02257656,-0.00462701991753,1.99536106731,3.30987455564
0.02257856,-0.00473805427575,1.99525007207,3.31023989492
0.02258056,-0.00484834044027,1.99513982595,3.31060273312
0.02258256,-0.00495786099563,1.99503034635,3.31096301366
0.02258456,-0.00506659864726,1.99492165057,3.31132068041
0.02258656,-0.00517453622424,1.99481375576,3.31167567762
0.02258856,-0.00528165668196,1.99470667897,3.31202794999
0.02259056,-0.00538794310486,1.9946004371,3.31237744266
0.02259256,-0.00549337870909,1.99449504693,3.31272410124
0.02259456,-0.00559794684514,1.9943905251,3.31306787175
0.02259656,-0.00570163100049,1.99428688813,3.31340870071
0.02259856,-0.00580441480221,1.99418415236,3.31374653511
0.02260056,-0.00590628201954,1.99408233403,3.31408132241
0.02260256,-0.00600721656647,1.99398144922,3.31441301056
0.02260456,-0.00610720250428,1.99388151385,3.31474154801
0.02260656,-0.006206224044,1.99378254371,3.31506688371
0.02260856,-0.00630426554901,1.99368455443,3.31538896713
0.02261056,-0.00640131153741,1.99358756147,3.31570774824
0.02261256,-0.00649734668451,1.99349158016,3.31602317756
0.02261456,-0.00659235582524,1.99339662566,3.31633520611
0.02261656,-0.00668632395657,1.99330271294,3.3166437855
0.02261856,-0.00677923623984,1.99320985686,3.31694886784
0.02262056,-0.00687107800312,1.99311807206,3.31725040582
0.02262256,-0.00696183474353,1.99302737305,3.31754835268
0.02262456,-0.00705149212953,1.99293777414,3.31784266224
0.02262656,-0.00714003600318,1.99284928949,3.31813328888
0.02262856,-0.00722745238237,1.99276193306,3.31842018757
0.02263056,-0.00731372746305,1.99267571866,3.31870331388
0.02263256,-0.00739884762138,1.99259065989,3.31898262395
0.02263456,-0.0074827994159,1.99250677019,3.31925807455
0.02263656,-0.00756556958965,1.9924240628,3.31952962302
0.02263856,-0.00764714507226,1.99234255079,3.31979722735
0.02264056,-0.00772751298201,1.99226224703,3.32006084613
0.02264256,-0.00780666062788,1.9921831642,3.32032043858
0.02264456,-0.00788457551154,1.99210531478,3.32057596456
0.02264656,-0.00796124532933,1.99202871107,3.32082738455
0.02264856,-0.00803665797419,1.99195336516,3.32107465969
0.02265056,-0.00811080153759,1.99187928896,3.32131775175
0.02265256,-0.00818366431141,1.99180649417,3.32155662318
0.02265456,-0.00825523478976,1.99173499227,3.32179123707
0.02265656,-0.00832550167084,1.99166479455,3.32202155718
0.02265856,-0.0083944538587,1.99159591211,3.32224754793
0.02266056,-0.00846208046498,1.99152835582,3.32246917444
0.02266256,-0.00852837081066,1.99146213635,3.3226864025
0.02266456,-0.00859331442772,1.99139726415,3.32289919856
0.02266656,-0.00865690106082,1.99133374947,3.32310752981
0.02266856,-0.00871912066889,1.99127160234,3.32331136408
0.02267056,-0.00877996342673,1.99121083257,3.32351066993
0.02267256,-0.00883941972656,1.99115144976,3.32370541663
0.02267456,-0.00889748017955,1.99109346329,3.32389557415
0.02267656,-0.00895413561727,1.99103688231,3.32408111315
0.02267856,-0.00900937709319,1.99098171576,3.32426200504
0.02268056,-0.00906319588402,1.99092797234,3.32443822194
0.02268256,-0.00911558349115,1.99087566055,3.32460973668
0.02268456,-0.00916653164198,1.99082478865,3.32477652284
0.02268656,-0.0092160322912,1.99077536467,3.32493855472
0.02268856,-0.00926407762209,1.99072739641,3.32509580735
0.02269056,-0.00931066004773,1.99068089145,3.32524825652
0.02269256,-0.00935577221221,1.99063585713,3.32539587875
0.02269456,-0.00939940699181,1.99059230057,3.32553865131
0.02269656,-0.00944155749608,1.99055022863,3.3256765522
0.02269856,-0.00948221706897,1.99050964798,3.32580956021
0.02270056,-0.00952137928987,1.99047056501,3.32593765485
0.02270256,-0.0095590379746,1.99043298589,3.32606081641
0.02270456,-0.00959518717642,1.99039691656,3.32617902594
0.02270656,-0.00962982118696,1.99036236272,3.32629226523
0.02270856,-0.0096629345371,1.99032932982,3.32640051688
0.02271056,-0.00969452199786,1.99029782308,3.32650376422
0.02271256,-0.00972457858121,1.99026784748,3.32660199137
0.02271456,-0.00975309954088,1.99023940774,3.32669518322
0.02271656,-0.00978008037306,1.99021250835,3.32678332543
0.02271856,-0.00980551681718,1.99018715358,3.32686640445
0.02272056,-0.00982940485653,1.99016334741,3.3269444075
0.02272256,-0.0098517407189,1.99014109361,3.32701732259
0.02272456,-0.00987252087721,1.9901203957,3.32708513849
0.02272656,-0.00989174205002,1.99010125694,3.32714784479
0.02272856,-0.0099094012021,1.99008368035,3.32720543184
0.02273056,-0.00992549554485,1.99006766871,3.32725789079
0.02273256,-0.0099400225368,1.99005322455,3.32730521356
0.02273456,-0.00995297988396,1.99004035014,3.3273473929
0.02273656,-0.00996436554022,1.99002904753,3.32738442231
0.02273856,-0.00997417770765,1.99001931849,3.3274162961
0.02274056,-0.0099824148368,1.99001116457,3.32744300937
0.02274256,-0.00998907562692,1.99000458705,3.32746455802
0.02274456,-0.0099941590262,1.98999958697,3.32748093872
0.02274656,-0.00999766423192,1.98999616511,3.32749214897
0.02274856,-0.00999959069056,1.98999432203,3.32749818705
0.02275056,-0.00999993809791,1.989994058,3.32749905201
0.02275256,-0.00999870639911,1.98999537308,3.32749474374
0.02275456,-0.00999589578866,1.98999826705,3.32748526288
0.02275656,-0.00999150671039,1.99000273945,3.32747061091
0.02275856,-0.00998553985739,1.99000878959,3.32745079007
0.02276056,-0.00997799617188,1.99001641651,3.3274258034
0.02276256,-0.00996887684511,1.99002561899,3.32739565475
0.02276456,-0.00995818331713,1.99003639559,3.32736034876
0.02276656,-0.00994591727656,1.99004874461,3.32731989085
0.02276856,-0.00993208066036,1.9900626641,3.32727428724
0.02277056,-0.00991667565348,1.99007815185,3.32722354494
0.02277256,-0.00989970468856,1.99009520543,3.32716767175
0.02277456,-0.00988117044551,1.99011382213,3.32710667627
0.02277656,-0.0098610758511,1.99013399903,3.32704056786
0.02277856,-0.0098394240785,1.99015573293,3.3269693567
0.02278056,-0.00981621854677,1.9901790204,3.32689305374
0.02278256,-0.00979146292034,1.99020385776,3.32681167071
0.02278456,-0.00976516110842,1.9902302411,3.32672522013
0.02278656,-0.00973731726435,1.99025816624,3.32663371529
0.02278856,-0.009707935785,1.99028762878,3.32653717026
0.02279056,-0.00967702131006,1.99031862406,3.32643559991
0.02279256,-0.00964457872128,1.99035114719,3.32632901985
0.02279456,-0.00961061314171,1.99038519304,3.32621744648
0.02279656,-0.00957512993491,1.99042075622,3.32610089697
0.02279856,-0.0095381347041,1.99045783112,3.32597938926
0.02280056,-0.00949963329125,1.99049641189,3.32585294204
0.02280256,-0.00945963177619,1.99053649244,3.32572157478
0.02280456,-0.0094181364756,1.99057806643,3.3255853077
0.02280656,-0.00937515394209,1.9906211273,3.32544416178
0.02280856,-0.00933069096308,1.99066566825,3.32529815874
0.02281056,-0.00928475455982,1.99071168225,3.32514732107
0.02281256,-0.00923735198617,1.99075916202,3.32499167201
0.02281456,-0.00918849072756,1.99080810009,3.32483123552
0.02281656,-0.00913817849975,1.9908584887,3.32466603631
0.02281856,-0.00908642324762,1.99091031992,3.32449609985
0.02282056,-0.00903323314393,1.99096358555,3.32432145231
0.02282256,-0.00897861658801,1.99101827718,3.32414212062
0.02282456,-0.00892258220444,1.99107438618,3.3239581324
0.02282656,-0.00886513884171,1.99113190368,3.32376951603
0.02282856,-0.00880629557079,1.99119082061,3.32357630058
0.02283056,-0.00874606168372,1.99125112765,3.32337851586
0.02283256,-0.00868444669211,1.99131281529,3.32317619236
0.02283456,-0.0086214603257,1.99137587379,3.32296936129
0.02283656,-0.00855711253076,1.99144029318,3.32275805458
0.02283856,-0.00849141346856,1.9915060633,3.32254230481
0.02284056,-0.00842437351373,1.99157317376,3.32232214529
0.02284256,-0.00835600325267,1.99164161396,3.32209761002
0.02284456,-0.00828631348183,1.99171137309,3.32186873364
0.02284656,-0.00821531520603,1.99178244015,3.32163555151
0.02284856,-0.00814301963672,1.99185480389,3.32139809965
0.02285056,-0.00806943819022,1.99192845291,3.32115641473
0.02285256,-0.00799458248588,1.99200337556,3.32091053411
0.02285456,-0.0079184643443,1.99207956003,3.32066049577
0.02285656,-0.00784109578539,1.99215699427,3.32040633838
0.02285856,-0.00776248902657,1.99223566606,3.32014810123
0.02286056,-0.00768265648075,1.99231556297,3.31988582425
0.02286256,-0.0076016107544,1.9923966724,3.31961954801
0.02286456,-0.0075193646456,1.99247898152,3.31934931371
0.02286656,-0.00743593114195,1.99256247736,3.31907516317
0.02286856,-0.00735132341858,1.99264714671,3.31879713882
0.02287056,-0.00726555483602,1.9927329762,3.3185152837
0.02287256,-0.00717863893812,1.9928199523,3.31822964146
0.02287456,-0.00709058944992,1.99290806125,3.31794025635
0.02287656,-0.00700142027545,1.99299728916,3.3176471732
0.02287856,-0.00691114549555,1.99308762191,3.31735043742
0.02288056,-0.00681977936566,1.99317904527,3.31705009501
0.02288256,-0.00672733631356,1.99327154477,3.31674619254
0.02288456,-0.00663383093706,1.99336510583,3.31643877714
0.02288656,-0.00653927800176,1.99345971366,3.31612789649
0.02288856,-0.00644369243865,1.99355535333,3.31581359884
0.02289056,-0.00634708934182,1.99365200973,3.31549593295
0.02289256,-0.00624948396599,1.9937496676,3.31517494814
0.02289456,-0.00615089172421,1.99384831152,3.31485069426
0.02289656,-0.00605132818531,1.9939479259,3.31452322168
0.02289856,-0.00595080907155,1.99404849503,3.31419258126
0.02290056,-0.00584935025605,1.99415000302,3.3138588244
0.02290256,-0.00574696776033,1.99425243384,3.31352200297
0.02290456,-0.00564367775179,1.99435577131,3.31318216935
0.02290656,-0.0055394965411,1.99445999913,3.3128393764
0.02290856,-0.0054344405797,1.99456510082,3.31249367745
0.02291056,-0.00532852645713,1.99467105979,3.3121451263
0.02291256,-0.00522177089846,1.99477785931,3.3117937772
0.02291456,-0.00511419076164,1.99488548252,3.31143968487
0.02291656,-0.0050058030348,1.99499391241,3.31108290446
0.02291856,-0.00489662483364,1.99510313188,3.31072349156
0.02292056,-0.00478667339866,1.99521312366,3.31036150218
0.02292256,-0.00467596609245,1.99532387039,3.30999699276
0.02292456,-0.004564520397,1.99543535459,3.30963002014
0.02292656,-0.00445235391086,1.99554755865,3.30926064155
0.02292856,-0.00433948434642,1.99566046485,3.30888891465
0.02293056,-0.00422592952711,1.99577405536,3.30851489745
0.02293256,-0.00411170738453,1.99588831224,3.30813864834
0.02293456,-0.00399683595569,1.99600321745,3.30776022609
0.02293656,-0.00388133338012,1.99611875285,3.30737968982
0.02293856,-0.00376521789701,1.9962349002,3.30699709899
0.02294056,-0.00364850784235,1.99635164114,3.30661251342
0.02294256,-0.00353122164601,1.99646895725,3.30622599324
0.02294456,-0.00341337782884,1.99658683,3.30583759892
0.02294656,-0.00329499499973,1.99670524078,3.30544739123
0.02294856,-0.00317609185272,1.99682417089,3.30505543124
0.02295056,-0.00305668716399,1.99694360155,3.30466178032
0.02295256,-0.00293679978892,1.99706351389,3.30426650012
0.02295456,-0.00281644865912,1.99718388899,3.30386965259
0.02295656,-0.00269565277943,1.99730470783,3.3034712999
0.02295856,-0.00257443122491,1.99742595134,3.30307150451
0.02296056,-0.00245280313786,1.99754760038,3.30267032912
0.02296256,-0.00233078772476,1.99766963572,3.30226783666
0.02296456,-0.00220840425326,1.9977920381,3.30186409029
0.02296656,-0.00208567204913,1.99791478819,3.30145915339
0.02296856,-0.0019626104932,1.99803786661,3.30105308954
0.02297056,-0.00183923901832,1.99816125392,3.30064596253
0.02297256,-0.00171557710629,1.99828493064,3.30023783634
0.02297456,-0.00159164428474,1.99840887724,3.2998287751
0.02297656,-0.0014674601241,1.99853307414,3.29941884314
0.02297856,-0.0013430442345,1.99865750174,3.29900810493
0.02298056,-0.00121841626265,1.99878214038,3.29859662509
0.02298256,-0.00109359588875,1.99890697038,3.2981844684
0.02298456,-0.000968602823374,1.99903197203,3.29777169973
0.02298656,-0.000843456804387,1.9991571256,3.2973583841
0.02298856,-0.000718177593793,1.99928241131,3.29694458661
0.02299056,-0.000592784974631,1.99940780939,3.29653037249
0.02299256,-0.00046729874785,1.99953330002,3.29611580703
0.02299456,-0.00034173872918,1.99965886341,3.29570095561
0.02299656,-0.000216124746003,1.99978447971,3.29528588368
0.02299856,-9.04766342228e-05,1.9999101291,3.29487065672
0.02300056,3.51857648667e-05,2.00003579172,3.2944553403
0.02300256,0.000160842607716,2.00016144774,3.29403999999
0.02300456,0.000286474051653,2.00028707732,3.29362470139
0.02300656,0.000412060258016,2.00041266061,3.29320951014
0.02300856,0.000537581395287,2.00053817778,3.29279449185
0.02301056,0.000663017642225,2.00066360902,3.29237971215
0.02301256,0.000788349190991,2.00078893452,3.29196523665
0.02301456,0.000913556250281,2.00091413448,3.29155113091
0.02301656,0.00103861904845,2.00103918914,3.2911374605
0.02301856,0.00116351783663,2.00116407875,3.29072429089
0.02302056,0.00128823289185,2.00128878358,3.29031168752
0.02302256,0.00141274452017,2.00141328395,3.28989971577
0.02302456,0.00153703305975,2.0015375602,3.28948844092
0.02302656,0.001661078884,2.00166159269,3.28907792817
0.02302856,0.00178486240463,2.00178536185,3.28866824262
0.02303056,0.0019083640748,2.00190884813,3.28825944926
0.02303256,0.00203156439215,2.00203203203,3.28785161296
0.02303456,0.00215444390194,2.00215489409,3.28744479846
0.02303656,0.00227698320006,2.00227741492,3.28703907035
0.02303856,0.00239916293614,2.00239957517,3.28663449307
0.02304056,0.00252096381658,2.00252135555,3.28623113092
0.02304256,0.00264236660761,2.00264273682,3.285829048
0.02304456,0.00276335213832,2.00276369982,3.28542830823
0.02304656,0.0028839013037,2.00288422546,3.28502897535
0.02304856,0.00300399506762,2.00300429468,3.28463111288
0.02305056,0.00312361446591,2.00312388855,3.28423478414
0.02305256,0.00324274060925,2.00324298816,3.28384005223
0.02305456,0.00336135468627,2.00336157472,3.28344697999
0.02305656,0.00347943796641,2.0034796295,3.28305563003
0.02305856,0.00359697180297,2.00359713385,3.28266606471
0.02306056,0.00371393763597,2.00371406922,3.28227834612
0.02306256,0.00383031699518,2.00383041714,3.28189253608
0.02306456,0.00394609150292,2.00394615925,3.2815086961
0.02306656,0.00406124287708,2.00406127726,3.28112688742
0.02306856,0.0041757529339,2.00417575299,3.28074717097
0.02307056,0.00428960359093,2.00428956838,3.28036960736
0.02307256,0.00440277686983,2.00440270544,3.27999425687
0.02307456,0.00451525489922,2.00451514631,3.27962117945
0.02307656,0.00462701991751,2.00462687324,3.2792504347
0.02307856,0.00473805427573,2.00473786857,3.27888208186
0.02308056,0.00484834044025,2.0048481148,3.27851617983
0.02308256,0.00495786099561,2.00495759449,3.2781527871
0.02308456,0.00506659864724,2.00506629038,3.27779196179
0.02308656,0.00517453622422,2.00517418529,3.27743376164
0.02308856,0.00528165668194,2.00528126218,3.27707824396
0.02309056,0.00538794310484,2.00538750415,3.27672546567
0.02309256,0.00549337870907,2.00549289442,3.27637548324
0.02309456,0.00559794684512,2.00559741635,3.27602835273
0.02309656,0.00570163100047,2.00570105343,3.27568412976
0.02309856,0.00580441480219,2.00580378929,3.27534286948
0.02310056,0.00590628201952,2.00590560772,3.2750046266
0.02310256,0.00600721656646,2.00600649263,3.27466945534
0.02310456,0.00610720250426,2.0061064281,3.27433740945
0.02310656,0.00620622404399,2.00620539834,3.2740085422
0.02310856,0.00630426554899,2.00630338772,3.27368290636
0.02311056,0.00640131153739,2.00640038078,3.27336055418
0.02311256,0.00649734668449,2.00649636219,3.27304153742
0.02311456,0.00659235582523,2.0065913168,3.2727259073
0.02311656,0.00668632395656,2.00668522961,3.27241371451
0.02311856,0.00677923623982,2.0067780858,3.27210500922
0.02312056,0.0068710780031,2.0068698707,3.27179984101
0.02312256,0.00696183474351,2.00696056981,3.27149825894
0.02312456,0.00705149212951,2.00705016882,3.2712003115
0.02312656,0.00714003600316,2.00713865357,3.27090604659
0.02312856,0.00722745238236,2.0072260101,3.27061551153
0.02313056,0.00731372746303,2.0073122246,3.27032875308
0.02313256,0.00739884762136,2.00739728347,3.27004581736
0.02313456,0.00748279941588,2.00748117327,3.26976674992
0.02313656,0.00756556958963,2.00756388076,3.26949159568
0.02313856,0.00764714507224,2.00764539287,3.26922039893
0.02314056,0.00772751298199,2.00772569673,3.26895320336
0.02314256,0.00780666062787,2.00780477967,3.268690052
0.02314456,0.00788457551153,2.00788262919,3.26843098725
0.02314656,0.00796124532932,2.007959233,3.26817605085
0.02314856,0.00803665797418,2.008034579,3.26792528389
0.02315056,0.00811080153758,2.0081086553,3.26767872679
0.02315256,0.00818366431139,2.0081814502,3.26743641931
0.02315456,0.00825523478975,2.0082529522,3.26719840052
0.02315656,0.00832550167083,2.00832315001,3.26696470882
0.02315856,0.00839445385869,2.00839203256,3.26673538189
0.02316056,0.00846208046497,2.00845958895,3.26651045675
0.02316256,0.00852837081065,2.00852580852,3.26628996969
0.02316456,0.00859331442771,2.00859068082,3.26607395629
0.02316656,0.00865690106081,2.0086541956,3.26586245143
0.02316856,0.00871912066888,2.00871634283,3.26565548925
0.02317056,0.00877996342672,2.0087771127,3.26545310318
0.02317256,0.00883941972655,2.00883649561,3.2652553259
0.02317456,0.00889748017954,2.00889448218,3.26506218936
0.02317656,0.00895413561726,2.00895106326,3.26487372475
0.02317856,0.00900937709318,2.00900622992,3.26468996254
0.02318056,0.00906319588401,2.00905997343,3.26451093242
0.02318256,0.00911558349114,2.00911228532,3.26433666332
0.02318456,0.00916653164197,2.00916315732,3.26416718341
0.02318656,0.00921603229119,2.00921258141,3.26400252009
0.02318856,0.00926407762208,2.00926054977,3.26384269998
0.02319056,0.00931066004772,2.00930705483,3.26368774893
0.02319256,0.0093557722122,2.00935208925,3.26353769199
0.02319456,0.0093994069918,2.00939564591,3.26339255344
0.02319656,0.00944155749607,2.00943771794,3.26325235675
0.02319856,0.00948221706897,2.0094782987,3.2631171246
0.02320056,0.00952137928986,2.00951738177,3.26298687888
0.02320256,0.00955903797459,2.00955496099,3.26286164066
0.02320456,0.00959518717642,2.00959103041,3.2627414302
0.02320656,0.00962982118695,2.00962558435,3.26262626695
0.02320856,0.00966293453709,2.00965861735,3.26251616957
0.02321056,0.00969452199785,2.00969012419,3.26241115587
0.02321256,0.00972457858121,2.0097200999,3.26231124284
0.02321456,0.00975309954087,2.00974853974,3.26221644667
0.02321656,0.00978008037306,2.00977543922,3.2621267827
0.02321856,0.00980551681718,2.0098007941,3.26204226545
0.02322056,0.00982940485652,2.00982460037,3.2619629086
0.02322256,0.0098517407189,2.00984685427,3.26188872502
0.02322456,0.0098725208772,2.00986755228,3.2618197267
0.02322656,0.00989174205002,2.00988669114,3.26175592482
0.02322856,0.0099094012021,2.00990426783,3.26169732972
0.02323056,0.00992549554485,2.00992027957,3.26164395089
0.02323256,0.0099400225368,2.00993472384,3.26159579698
0.02323456,0.00995297988396,2.00994759834,3.26155287578
0.02323656,0.00996436554022,2.00995890105,3.26151519424
0.02323856,0.00997417770765,2.00996863019,3.26148275848
0.02324056,0.00998241483679,2.00997678421,3.26145557374
0.02324256,0.00998907562692,2.00998336184,3.26143364443
0.02324456,0.0099941590262,2.00998836202,3.26141697411
0.02324656,0.00999766423192,2.00999178398,3.26140556546
0.02324856,0.00999959069056,2.00999362716,3.26139942035
0.02325056,0.00999993809791,2.00999389129,3.26139853976
0.02325256,0.00999870639911,2.00999257631,3.26140292384
0.02325456,0.00999589578866,2.00998968244,3.26141257189
0.02325656,0.00999150671039,2.00998521013,3.26142748232
0.02325856,0.00998553985739,2.0099791601,3.26144765274
0.02326056,0.00997799617188,2.00997153328,3.26147307987
0.02326256,0.00996887684512,2.0099623309,3.26150375959
0.02326456,0.00995818331713,2.0099515544,3.26153968693
0.02326656,0.00994591727656,2.00993920548,3.26158085608
0.02326856,0.00993208066036,2.00992528609,3.26162726036
0.02327056,0.00991667565348,2.00990979844,3.26167889226
0.02327256,0.00989970468856,2.00989274496,3.26173574341
0.02327456,0.00988117044551,2.00987412836,3.26179780461
0.02327656,0.0098610758511,2.00985395156,3.2618650658
0.02327856,0.0098394240785,2.00983221777,3.26193751609
0.02328056,0.00981621854678,2.0098089304,3.26201514375
0.02328256,0.00979146292035,2.00978409313,3.26209793621
0.02328456,0.00976516110842,2.0097577099,3.26218588006
0.02328656,0.00973731726435,2.00972978485,3.26227896105
0.02328856,0.00970793578501,2.00970032242,3.26237716413
0.02329056,0.00967702131007,2.00966932723,3.26248047338
0.02329256,0.00964457872128,2.0096368042,3.2625888721
0.02329456,0.00961061314171,2.00960275846,3.26270234272
0.02329656,0.00957512993492,2.00956719538,3.26282086689
0.02329856,0.00953813470411,2.00953012057,3.26294442541
0.02330056,0.00949963329126,2.0094915399,3.26307299831
0.02330256,0.00945963177619,2.00945145946,3.26320656476
0.02330456,0.00941813647561,2.00940988557,3.26334510317
0.02330656,0.00937515394209,2.0093668248,3.26348859111
0.02330856,0.00933069096309,2.00932228395,3.26363700538
0.02331056,0.00928475455982,2.00927627005,3.26379032197
0.02331256,0.00923735198618,2.00922879038,3.26394851608
0.02331456,0.00918849072757,2.00917985241,3.26411156214
0.02331656,0.00913817849976,2.0091294639,3.26427943378
0.02331856,0.00908642324763,2.00907763278,3.26445210386
0.02332056,0.00903323314394,2.00902436725,3.26462954447
0.02332256,0.00897861658802,2.00896967572,3.26481172693
0.02332456,0.00892258220445,2.00891356683,3.26499862179
0.02332656,0.00886513884172,2.00885604942,3.26519019887
0.02332856,0.0088062955708,2.0087971326,3.2653864272
0.02333056,0.00874606168373,2.00873682565,3.26558727509
0.02333256,0.00868444669212,2.00867513811,3.2657927101
0.02333456,0.00862146032571,2.00861207971,3.26600269905
0.02333656,0.00855711253078,2.00854766042,3.26621720804
0.02333856,0.00849141346857,2.0084818904,3.26643620244
0.02334056,0.00842437351374,2.00841478004,3.2666596469
0.02334256,0.00835600325268,2.00834633994,3.26688750537
0.02334456,0.00828631348184,2.00827658091,3.26711974106
0.02334656,0.00821531520604,2.00820551396,3.26735631652
0.02334856,0.00814301963674,2.00813315031,3.2675971936
0.02335056,0.00806943819023,2.0080595014,3.26784233343
0.02335256,0.0079945824859,2.00798457884,3.2680916965
0.02335456,0.00791846434431,2.00790839448,3.2683452426
0.02335656,0.00784109578541,2.00783096034,3.26860293087
0.02335856,0.00776248902659,2.00775228865,3.26886471979
0.02336056,0.00768265648076,2.00767239184,3.26913056716
0.02336256,0.00760161075442,2.00759128251,3.26940043018
0.02336456,0.00751936464562,2.00750897348,3.26967426537
0.02336656,0.00743593114197,2.00742547775,3.26995202865
0.02336856,0.00735132341859,2.0073408085,3.27023367529
0.02337056,0.00726555483603,2.00725497911,3.27051915997
0.02337256,0.00717863893814,2.00716800311,3.27080843675
0.02337456,0.00709058944994,2.00707989426,3.27110145909
0.02337656,0.00700142027546,2.00699066646,3.27139817985
0.02337856,0.00691114549557,2.0069003338,3.27169855132
0.02338056,0.00681977936568,2.00680891055,3.27200252521
0.02338256,0.00672733631357,2.00671641114,3.27231005266
0.02338456,0.00663383093708,2.00662285018,3.27262108425
0.02338656,0.00653927800178,2.00652824245,3.27293557001
0.02338856,0.00644369243867,2.00643260288,3.27325345942
0.02339056,0.00634708934183,2.00633594658,3.27357470144
0.02339256,0.00624948396601,2.00623828882,3.27389924449
0.02339456,0.00615089172422,2.006139645,3.27422703649
0.02339656,0.00605132818533,2.00604003071,3.27455802483
0.02339856,0.00595080907156,2.00593946168,3.27489215641
0.02340056,0.00584935025606,2.0058379538,3.27522937764
0.02340256,0.00574696776035,2.00573552308,3.27556963446
0.02340456,0.00564367775181,2.0056321857,3.27591287232
0.02340656,0.00553949654112,2.00552795799,3.27625903621
0.02340856,0.00543444057972,2.0054228564,3.27660807068
0.02341056,0.00532852645715,2.00531689753,3.27695991981
0.02341256,0.00522177089848,2.00521009811,3.27731452726
0.02341456,0.00511419076166,2.005102475,3.27767183626
0.02341656,0.00500580303482,2.00499404521,3.27803178964
0.02341856,0.00489662483366,2.00488482584,3.27839432979
0.02342056,0.00478667339868,2.00477483416,3.27875939873
0.02342256,0.00467596609247,2.00466408753,3.27912693808
0.02342456,0.00456452039702,2.00455260343,3.27949688908
0.02342656,0.00445235391088,2.00444039947,3.2798691926
0.02342856,0.00433948434644,2.00432749337,3.28024378917
0.02343056,0.00422592952713,2.00421390296,3.28062061895
0.02343256,0.00411170738455,2.00409964618,3.28099962177
0.02343456,0.00399683595571,2.00398474107,3.28138073711
0.02343656,0.00388133338014,2.00386920577,3.28176390418
0.02343856,0.00376521789703,2.00375305853,3.28214906182
0.02344056,0.00364850784237,2.00363631768,3.28253614862
0.02344256,0.00353122164603,2.00351900167,3.28292510285
0.02344456,0.00341337782886,2.00340112902,3.28331586252
0.02344656,0.00329499499976,2.00328271834,3.28370836535
0.02344856,0.00317609185275,2.00316378833,3.28410254883
0.02345056,0.00305668716401,2.00304435778,3.28449835018
0.02345256,0.00293679978894,2.00292444553,3.28489570638
0.02345456,0.00281644865914,2.00280407053,3.2852945542
0.02345656,0.00269565277945,2.00268325179,3.28569483018
0.02345856,0.00257443122493,2.00256200838,3.28609647065
0.02346056,0.00245280313788,2.00244035945,3.28649941175
0.02346256,0.00233078772478,2.00231832421,3.28690358944
0.02346456,0.00220840425328,2.00219592193,3.28730893948
0.02346656,0.00208567204915,2.00207317194,3.28771539748
0.02346856,0.00196261049322,2.00195009362,3.2881228989
0.02347056,0.00183923901835,2.00182670641,3.28853137905
0.02347256,0.00171557710631,2.00170302979,3.2889407731
0.02347456,0.00159164428476,2.00157908329,3.2893510161
0.02347656,0.00146746012413,2.00145488649,3.28976204298
0.02347856,0.00134304423453,2.00133045899,3.29017378858
0.02348056,0.00121841626267,2.00120582045,3.29058618764
0.02348256,0.00109359588877,2.00108099055,3.29099917482
0.02348456,0.000968602823397,2.000955989,3.2914126847
0.02348656,0.00084345680441,2.00083083553,3.2918266518
0.02348856,0.000718177593816,2.00070554992,3.2922410106
0.02349056,0.000592784974654,2.00058015195,3.29265569553
0.02349256,0.000467298747873,2.00045466141,3.29307064099
0.02349456,0.000341738729203,2.00032909812,3.29348578137
0.02349656,0.000216124746026,2.00020348192,3.29390105105
0.02349856,9.04766342457e-05,2.00007783264,3.29431638438
0.02350056,-3.51857648435e-05,1.99995217011,3.29473171577
0.02350256,-0.000160842607693,1.99982651419,3.29514697962
0.02350456,-0.00028647405163,1.99970088472,3.29556211037
0.02350656,-0.000412060257993,1.99957530153,3.2959770425
0.02350856,-0.000537581395265,1.99944978445,3.29639171055
0.02351056,-0.000663017642202,1.99932435331,3.29680604913
0.02351256,-0.000788349190968,1.99919902792,3.2972199929
0.02351456,-0.000913556250258,1.99907382805,3.29763347661
0.02351656,-0.00103861904843,1.99894877349,3.29804643513
0.02351856,-0.00116351783661,1.99882388399,3.29845880341
0.02352056,-0.00128823289183,1.99869917925,3.29887051651
0.02352256,-0.00141274452015,1.99857467898,3.29928150964
0.02352456,-0.00153703305973,1.99845040284,3.29969171812
0.02352656,-0.00166107888397,1.99832637044,3.30010107741
0.02352856,-0.00178486240461,1.99820260139,3.30050952317
0.02353056,-0.00190836407477,1.99807911521,3.30091699116
0.02353256,-0.00203156439213,1.99795593141,3.30132341738
0.02353456,-0.00215444390192,1.99783306945,3.30172873795
0.02353656,-0.00227698320004,1.99771054872,3.30213288925
0.02353856,-0.00239916293612,1.99758838857,3.3025358078
0.02354056,-0.00252096381656,1.99746660829,3.30293743039
0.02354256,-0.00264236660759,1.99734522712,3.30333769399
0.02354456,-0.0027633521383,1.99722426422,3.30373653584
0.02354656,-0.00288390130367,1.99710373868,3.3041338934
0.02354856,-0.0030039950676,1.99698366956,3.30452970439
0.02355056,-0.00312361446588,1.99686407579,3.30492390678
0.02355256,-0.00324274060923,1.99674497628,3.30531643884
0.02355456,-0.00336135468625,1.99662638982,3.30570723909
0.02355656,-0.00347943796639,1.99650833515,3.30609624636
0.02355856,-0.00359697180294,1.9963908309,3.30648339978
0.02356056,-0.00371393763595,1.99627389563,3.30686863878
0.02356256,-0.00383031699516,1.9961575478,3.30725190311
0.02356456,-0.0039460915029,1.9960418058,3.30763313286
0.02356656,-0.00406124287706,1.99592668789,3.30801226843
0.02356856,-0.00417575293388,1.99581221225,3.3083892506
0.02357056,-0.00428960359091,1.99569839697,3.30876402048
0.02357256,-0.00440277686981,1.99558526001,3.30913651954
0.02357456,-0.00451525489919,1.99547281924,3.30950668965
0.02357656,-0.00462701991749,1.99536109241,3.30987447303
0.02357856,-0.00473805427571,1.99525009717,3.31023981232
0.02358056,-0.00484834044023,1.99513985105,3.31060265052
0.02358256,-0.00495786099559,1.99503037145,3.31096293108
0.02358456,-0.00506659864722,1.99492167567,3.31132059783
0.02358656,-0.0051745362242,1.99481378086,3.31167559505
0.02358856,-0.00528165668192,1.99470670406,3.31202786743
0.02359056,-0.00538794310482,1.9946004622,3.31237736011
0.02359256,-0.00549337870905,1.99449507203,3.31272401869
0.02359456,-0.0055979468451,1.9943905502,3.31306778921
0.02359656,-0.00570163100045,1.99428691322,3.31340861819
0.02359856,-0.00580441480217,1.99418417746,3.31374645259
0.02360056,-0.0059062820195,1.99408235913,3.3140812399
0.02360256,-0.00600721656644,1.99398147432,3.31441292806
0.02360456,-0.00610720250424,1.99388153895,3.31474146552
0.02360656,-0.00620622404397,1.99378256881,3.31506680123
0.02360856,-0.00630426554898,1.99368457952,3.31538888465
0.02361056,-0.00640131153737,1.99358758657,3.31570766577
0.02361256,-0.00649734668447,1.99349160526,3.31602309509
0.02361456,-0.00659235582521,1.99339665075,3.31633512366
0.02361656,-0.00668632395654,1.99330273804,3.31664370305
0.02361856,-0.00677923623981,1.99320988195,3.3169487854
0.02362056,-0.00687107800309,1.99311809716,3.31725032339
0.02362256,-0.0069618347435,1.99302739814,3.31754827025
0.02362456,-0.0070514921295,1.99293779923,3.31784257982
0.02362656,-0.00714003600315,1.99284931458,3.31813320647
0.02362856,-0.00722745238234,1.99276195815,3.31842010517
0.02363056,-0.00731372746302,1.99267574375,3.31870323148
0.02363256,-0.00739884762135,1.99259068498,3.31898254156
0.02363456,-0.00748279941587,1.99250679528,3.31925799216
0.02363656,-0.00756556958962,1.9924240879,3.31952954064
0.02363856,-0.00764714507223,1.99234257589,3.31979714498
0.02364056,-0.00772751298198,1.99226227212,3.32006076377
0.02364256,-0.00780666062785,1.99218318929,3.32032035623
0.02364456,-0.00788457551151,1.99210533987,3.32057588221
0.02364656,-0.0079612453293,1.99202873616,3.32082730221
0.02364856,-0.00803665797416,1.99195339025,3.32107457735
0.02365056,-0.00811080153757,1.99187931405,3.32131766942
0.02365256,-0.00818366431138,1.99180651926,3.32155654085
0.02365456,-0.00825523478974,1.99173501735,3.32179115475
0.02365656,-0.00832550167082,1.99166481964,3.32202147486
0.02365856,-0.00839445385867,1.9915959372,3.32224746562
0.02366056,-0.00846208046495,1.99152838091,3.32246909214
0.02366256,-0.00852837081063,1.99146216144,3.3226863202
0.02366456,-0.0085933144277,1.99139728924,3.32289911627
0.02366656,-0.0086569010608,1.99133377456,3.32310744752
0.02366856,-0.00871912066887,1.99127162743,3.32331128179
0.02367056,-0.00877996342671,1.99121085766,3.32351058766
0.02367256,-0.00883941972654,1.99115147485,3.32370533436
0.02367456,-0.00889748017953,1.99109348838,3.32389549188
0.02367656,-0.00895413561725,1.9910369074,3.32408103089
0.02367856,-0.00900937709317,1.99098174084,3.32426192278
0.02368056,-0.009063195884,1.99092799743,3.32443813968
0.02368256,-0.00911558349113,1.99087568564,3.32460965443
0.02368456,-0.00916653164196,1.99082481374,3.32477644059
0.02368656,-0.00921603229118,1.99077538975,3.32493847248
0.02368856,-0.00926407762207,1.99072742149,3.32509572512
0.02369056,-0.00931066004771,1.99068091653,3.32524817429
0.02369256,-0.0093557722122,1.99063588221,3.32539579653
0.02369456,-0.00939940699179,1.99059232565,3.32553856908
0.02369656,-0.00944155749607,1.99055025372,3.32567646998
0.02369856,-0.00948221706896,1.99050967306,3.32580947799
0.02370056,-0.00952137928986,1.99047059009,3.32593757264
0.02370256,-0.00955903797459,1.99043301097,3.3260607342
0.02370456,-0.00959518717641,1.99039694165,3.32617894373
0.02370656,-0.00962982118695,1.99036238781,3.32629218303
0.02370856,-0.00966293453709,1.99032935491,3.32640043468
0.02371056,-0.00969452199785,1.99029784817,3.32650368203
0.02371256,-0.0097245785812,1.99026787256,3.32660190918
0.02371456,-0.00975309954087,1.99023943282,3.32669510103
0.02371656,-0.00978008037305,1.99021253344,3.32678324325
0.02371856,-0.00980551681717,1.99018717866,3.32686632227
0.02372056,-0.00982940485652,1.99016337249,3.32694432532
0.02372256,-0.00985174071889,1.9901411187,3.3270172404
0.02372456,-0.0098725208772,1.99012042078,3.32708505631
0.02372656,-0.00989174205002,1.99010128202,3.32714776261
0.02372856,-0.00990940120209,1.99008370543,3.32720534966
0.02373056,-0.00992549554485,1.99006769379,3.32725780861
0.02373256,-0.0099400225368,1.99005324963,3.32730513139
0.02373456,-0.00995297988396,1.99004037522,3.32734731073
0.02373656,-0.00996436554022,1.99002907261,3.32738434014
0.02373856,-0.00997417770765,1.99001934357,3.32741621393
0.02374056,-0.00998241483679,1.99001118965,3.32744292721
0.02374256,-0.00998907562691,1.99000461213,3.32746447585
0.02374456,-0.0099941590262,1.98999961205,3.32748085656
0.02374656,-0.00999766423192,1.98999619019,3.32749206681
0.02374856,-0.00999959069056,1.9899943471,3.32749810488
0.02375056,-0.00999993809791,1.98999408308,3.32749896985
0.02375256,-0.00999870639911,1.98999539815,3.32749466158
0.02375456,-0.00999589578866,1.98999829212,3.32748518072
0.02375656,-0.00999150671039,1.99000276453,3.32747052875
0.02375856,-0.00998553985739,1.99000881467,3.32745070791
0.02376056,-0.00997799617188,1.99001644158,3.32742572124
0.02376256,-0.00996887684512,1.99002564407,3.3273955726
0.02376456,-0.00995818331713,1.99003642067,3.3273602666
0.02376656,-0.00994591727656,1.99004876969,3.32731980869
0.02376856,-0.00993208066036,1.99006268918,3.32727420508
0.02377056,-0.00991667565349,1.99007817693,3.32722346278
0.02377256,-0.00989970468857,1.9900952305,3.32716758959
0.02377456,-0.00988117044552,1.99011384721,3.3271065941
0.02377656,-0.00986107585111,1.9901340241,3.3270404857
0.02377856,-0.00983942407851,1.990155758,3.32696927454
0.02378056,-0.00981621854678,1.99017904547,3.32689297158
0.02378256,-0.00979146292035,1.99020388284,3.32681158855
0.02378456,-0.00976516110843,1.99023026617,3.32672513796
0.02378656,-0.00973731726436,1.99025819132,3.32663363312
0.02378856,-0.00970793578502,1.99028765385,3.32653708809
0.02379056,-0.00967702131008,1.99031864914,3.32643551774
0.02379256,-0.00964457872129,1.99035117227,3.32632893768
0.02379456,-0.00961061314172,1.99038521811,3.32621736431
0.02379656,-0.00957512993493,1.99042078129,3.3261008148
0.02379856,-0.00953813470412,1.9904578562,3.32597930708
0.02380056,-0.00949963329127,1.99049643697,3.32585285986
0.02380256,-0.0094596317762,1.99053651751,3.3257214926
0.02380456,-0.00941813647562,1.9905780915,3.32558522552
0.02380656,-0.0093751539421,1.99062115237,3.32544407959
0.02380856,-0.0093306909631,1.99066569332,3.32529807655
0.02381056,-0.00928475455983,1.99071170732,3.32514723888
0.02381256,-0.00923735198619,1.9907591871,3.32499158981
0.02381456,-0.00918849072758,1.99080812516,3.32483115332
0.02381656,-0.00913817849977,1.99085851378,3.32466595411
0.02381856,-0.00908642324764,1.99091034499,3.32449601764
0.02382056,-0.00903323314395,1.99096361062,3.3243213701
0.02382256,-0.00897861658803,1.99101830225,3.3241420384
0.02382456,-0.00892258220446,1.99107441125,3.32395805019
0.02382656,-0.00886513884173,1.99113192875,3.32376943381
0.02382856,-0.00880629557081,1.99119084568,3.32357621836
0.02383056,-0.00874606168374,1.99125115272,3.32337843363
0.02383256,-0.00868444669213,1.99131284036,3.32317611013
0.02383456,-0.00862146032573,1.99137589886,3.32296927906
0.02383656,-0.00855711253079,1.99144031825,3.32275797234
0.02383856,-0.00849141346858,1.99150608837,3.32254222257
0.02384056,-0.00842437351376,1.99157319883,3.32232206305
0.02384256,-0.00835600325269,1.99164163903,3.32209752777
0.02384456,-0.00828631348185,1.99171139816,3.32186865139
0.02384656,-0.00821531520605,1.99178246522,3.32163546925
0.02384856,-0.00814301963675,1.99185482896,3.32139801739
0.02385056,-0.00806943819025,1.99192847798,3.32115633247
0.02385256,-0.00799458248591,1.99200340063,3.32091045184
0.02385456,-0.00791846434432,1.9920795851,3.3206604135
0.02385656,-0.00784109578542,1.99215701934,3.3204062561
0.02385856,-0.0077624890266,1.99223569112,3.32014801894
0.02386056,-0.00768265648078,1.99231558804,3.31988574196
0.02386256,-0.00760161075443,1.99239669747,3.31961946571
0.02386456,-0.00751936464563,1.99247900659,3.31934923141
0.02386656,-0.00743593114198,1.99256250242,3.31907508086
0.02386856,-0.00735132341861,1.99264717177,3.3187970565
0.02387056,-0.00726555483605,1.99273300127,3.31851520138
0.02387256,-0.00717863893815,1.99281997736,3.31822955914
0.02387456,-0.00709058944995,1.99290808632,3.31794017402
0.02387656,-0.00700142027548,1.99299731422,3.31764709086
0.02387856,-0.00691114549558,1.99308764698,3.31735035508
0.02388056,-0.0068197793657,1.99317907033,3.31705001266
0.02388256,-0.00672733631359,1.99327156984,3.31674611019
0.02388456,-0.0066338309371,1.9933651309,3.31643869478
0.02388656,-0.00653927800179,1.99345973873,3.31612781413
0.02388856,-0.00644369243869,1.9935553784,3.31581351646
0.02389056,-0.00634708934185,1.99365203479,3.31549585057
0.02389256,-0.00624948396603,1.99374969266,3.31517486575
0.02389456,-0.00615089172424,1.99384833658,3.31485061187
0.02389656,-0.00605132818535,1.99394795097,3.31452313928
0.02389856,-0.00595080907158,1.9940485201,3.31419249885
0.02390056,-0.00584935025608,1.99415002808,3.31385874198
0.02390256,-0.00574696776037,1.9942524589,3.31352192055
0.02390456,-0.00564367775183,1.99435579638,3.31318208693
0.02390656,-0.00553949654114,1.99446002419,3.31283929397
0.02390856,-0.00543444057974,1.99456512588,3.31249359501
0.02391056,-0.00532852645717,1.99467108485,3.31214504385
0.02391256,-0.0052217708985,1.99477788437,3.31179369475
0.02391456,-0.00511419076168,1.99488550758,3.31143960241
0.02391656,-0.00500580303484,1.99499393747,3.311082822
0.02391856,-0.00489662483368,1.99510315694,3.31072340909
0.02392056,-0.0047866733987,1.99521314872,3.3103614197
0.02392256,-0.00467596609249,1.99532389546,3.30999691027
0.02392456,-0.00456452039704,1.99543537965,3.30962993764
0.02392656,-0.0044523539109,1.99554758371,3.30926055905
0.02392856,-0.00433948434647,1.99566048991,3.30888883214
0.02393056,-0.00422592952715,1.99577408042,3.30851481493
0.02393256,-0.00411170738457,1.9958883373,3.30813856581
0.02393456,-0.00399683595573,1.99600324251,3.30776014355
0.02393656,-0.00388133338016,1.99611877791,3.30737960727
0.02393856,-0.00376521789705,1.99623492526,3.30699701644
0.02394056,-0.0036485078424,1.9963516662,3.30661243086
0.02394256,-0.00353122164605,1.99646898231,3.30622591068
0.02394456,-0.00341337782888,1.99658685506,3.30583751635
0.02394656,-0.00329499499978,1.99670526584,3.30544730865
0.02394856,-0.00317609185277,1.99682419595,3.30505534865
0.02395056,-0.00305668716403,1.9969436266,3.30466169772
0.02395256,-0.00293679978897,1.99706353895,3.30426641752
0.02395456,-0.00281644865917,1.99718391405,3.30386956997
0.02395656,-0.00269565277947,1.99730473289,3.30347121728
0.02395856,-0.00257443122496,1.9974259764,3.30307142188
0.02396056,-0.00245280313791,1.99754762543,3.30267024648
0.02396256,-0.00233078772481,1.99766966077,3.30226775401
0.02396456,-0.00220840425331,1.99779206315,3.30186400763
0.02396656,-0.00208567204917,1.99791481325,3.30145907072
0.02396856,-0.00196261049325,1.99803789167,3.30105300687
0.02397056,-0.00183923901837,1.99816127898,3.30064587985
0.02397256,-0.00171557710633,1.9982849557,3.30023775365
0.02397456,-0.00159164428478,1.99840890229,3.2998286924
0.02397656,-0.00146746012415,1.9985330992,3.29941876043
0.02397856,-0.00134304423455,1.99865752679,3.29900802221
0.02398056,-0.0012184162627,1.99878216543,3.29859654237
0.02398256,-0.00109359588879,1.99890699543,3.29818438567
0.02398456,-0.00096860282342,1.99903199709,3.29777161699
0.02398656,-0.000843456804433,1.99915715065,3.29735830135
0.02398856,-0.000718177593838,1.99928243636,3.29694450386
0.02399056,-0.000592784974677,1.99940783444,3.29653028973
0.02399256,-0.000467298747896,1.99953332508,3.29611572426
0.02399456,-0.000341738729226,1.99965888846,3.29570087283
0.02399656,-0.000216124746049,1.99978450477,3.29528580089
0.02399856,-9.04766342688e-05,1.99991015415,3.29487057393
0.02400056,3.51857648204e-05,2.00003581677,3.29445525749
0.02400256,0.00016084260767,2.00016147279,3.29403991717
0.02400456,0.000286474051606,2.00028710237,3.29362461857
0.02400656,0.00041206025797,2.00041268566,3.2932094273
0.02400856,0.000537581395241,2.00053820284,3.29279440901
0.02401056,0.000663017642179,2.00066363407,3.2923796293
0.02401256,0.000788349190945,2.00078895957,3.29196515379
0.02401456,0.000913556250235,2.00091415953,3.29155104805
0.02401656,0.0010386190484,2.00103921419,3.29113737762
0.02401856,0.00116351783658,2.0011641038,3.29072420801
0.02402056,0.00128823289181,2.00128880864,3.29031160463
0.02402256,0.00141274452013,2.00141330901,3.28989963287
0.02402456,0.00153703305971,2.00153758525,3.28948835802
0.02402656,0.00166107888395,2.00166161774,3.28907784526
0.02402856,0.00178486240458,2.0017853869,3.2886681597
0.02403056,0.00190836407475,2.00190887318,3.28825936633
0.02403256,0.00203156439211,2.00203205708,3.28785153002
0.02403456,0.0021544439019,2.00215491914,3.28744471551
0.02403656,0.00227698320002,2.00227743997,3.28703898739
0.02403856,0.0023991629361,2.00239960022,3.28663441011
0.02404056,0.00252096381654,2.00252138059,3.28623104795
0.02404256,0.00264236660757,2.00264276187,3.28582896502
0.02404456,0.00276335213828,2.00276372487,3.28542822524
0.02404656,0.00288390130365,2.0028842505,3.28502889235
0.02404856,0.00300399506758,2.00300431973,3.28463102988
0.02405056,0.00312361446586,2.0031239136,3.28423470113
0.02405256,0.00324274060921,2.00324301321,3.28383996921
0.02405456,0.00336135468622,2.00336159977,3.28344689696
0.02405656,0.00347943796637,2.00347965454,3.28305554699
0.02405856,0.00359697180292,2.00359715889,3.28266598167
0.02406056,0.00371393763593,2.00371409426,3.28227826307
0.02406256,0.00383031699513,2.00383044219,3.28189245302
0.02406456,0.00394609150288,2.00394618429,3.28150861303
0.02406656,0.00406124287704,2.0040613023,3.28112680435
0.02406856,0.00417575293386,2.00417577804,3.28074708789
0.02407056,0.00428960359089,2.00428959342,3.28036952427
0.02407256,0.00440277686978,2.00440273048,3.27999417377
0.02407456,0.00451525489917,2.00451517135,3.27962109634
0.02407656,0.00462701991747,2.00462689828,3.27925035158
0.02407856,0.00473805427569,2.00473789362,3.27888199874
0.02408056,0.00484834044021,2.00484813984,3.2785160967
0.02408256,0.00495786099557,2.00495761954,3.27815270396
0.02408456,0.0050665986472,2.00506631542,3.27779187865
0.02408656,0.00517453622418,2.00517421033,3.27743367849
0.02408856,0.0052816566819,2.00528128723,3.27707816081
0.02409056,0.0053879431048,2.0053875292,3.2767253825
0.02409256,0.00549337870903,2.00549291946,3.27637540007
0.02409456,0.00559794684508,2.00559744139,3.27602826956
0.02409656,0.00570163100043,2.00570107847,3.27568404658
0.02409856,0.00580441480215,2.00580381433,3.27534278629
0.02410056,0.00590628201948,2.00590563276,3.2750045434
0.02410256,0.00600721656642,2.00600651767,3.27466937213
0.02410456,0.00610720250422,2.00610645314,3.27433732624
0.02410656,0.00620622404395,2.00620542338,3.27400845898
0.02410856,0.00630426554896,2.00630341277,3.27368282313
0.02411056,0.00640131153735,2.00640040582,3.27336047095
0.02411256,0.00649734668445,2.00649638723,3.27304145419
0.02411456,0.00659235582519,2.00659134184,3.27272582406
0.02411656,0.00668632395652,2.00668525465,3.27241363127
0.02411856,0.00677923623979,2.00677811084,3.27210492596
0.02412056,0.00687107800307,2.00686989574,3.27179975775
0.02412256,0.00696183474348,2.00696059485,3.27149817568
0.02412456,0.00705149212948,2.00705019386,3.27120022823
0.02412656,0.00714003600313,2.00713867861,3.27090596331
0.02412856,0.00722745238232,2.00722603514,3.27061542825
0.02413056,0.007313727463,2.00731224964,3.27032866979
0.02413256,0.00739884762133,2.00739730851,3.27004573407
0.02413456,0.00748279941585,2.00748119831,3.26976666662
0.02413656,0.0075655695896,2.0075639058,3.26949151237
0.02413856,0.00764714507221,2.00764541791,3.26922031562
0.02414056,0.00772751298196,2.00772572177,3.26895312005
0.02414256,0.00780666062784,2.00780480471,3.26868996868
0.02414456,0.0078845755115,2.00788265422,3.26843090392
0.02414656,0.00796124532929,2.00795925803,3.26817596752
0.02414856,0.00803665797415,2.00803460404,3.26792520055
0.02415056,0.00811080153755,2.00810868034,3.26767864345
0.02415256,0.00818366431137,2.00818147524,3.26743633597
0.02415456,0.00825523478972,2.00825297724,3.26719831718
0.02415656,0.0083255016708,2.00832317505,3.26696462547
0.02415856,0.00839445385866,2.00839205759,3.26673529854
0.02416056,0.00846208046494,2.00845961398,3.26651037339
0.02416256,0.00852837081062,2.00852583356,3.26628988632
0.02416456,0.00859331442769,2.00859070585,3.26607387292
0.02416656,0.00865690106079,2.00865422063,3.26586236805
0.02416856,0.00871912066886,2.00871636786,3.26565540587
0.02417056,0.00877996342669,2.00877713773,3.2654530198
0.02417256,0.00883941972653,2.00883652064,3.26525524252
0.02417456,0.00889748017952,2.00889450722,3.26506210597
0.02417656,0.00895413561724,2.0089510883,3.26487364136
0.02417856,0.00900937709316,2.00900625495,3.26468987915
0.02418056,0.00906319588399,2.00905999847,3.26451084902
0.02418256,0.00911558349112,2.00911231035,3.26433657992
0.02418456,0.00916653164195,2.00916318236,3.26416710001
0.02418656,0.00921603229118,2.00921260644,3.26400243668
0.02418856,0.00926407762206,2.0092605748,3.26384261657
0.02419056,0.0093106600477,2.00930707986,3.26368766552
0.02419256,0.00935577221219,2.00935211428,3.26353760858
0.02419456,0.00939940699179,2.00939567094,3.26339247002
0.02419656,0.00944155749606,2.00943774297,3.26325227333
0.02419856,0.00948221706895,2.00947832373,3.26311704118
0.02420056,0.00952137928985,2.0095174068,3.26298679546
0.02420256,0.00955903797458,2.00955498602,3.26286155723
0.02420456,0.0095951871764,2.00959105544,3.26274134677
0.02420656,0.00962982118694,2.00962560939,3.26262618353
0.02420856,0.00966293453708,2.00965864239,3.26251608614
0.02421056,0.00969452199784,2.00969014923,3.26241107243
0.02421256,0.0097245785812,2.00972012493,3.26231115941
0.02421456,0.00975309954086,2.00974856477,3.26221636323
0.02421656,0.00978008037305,2.00977546426,3.26212669926
0.02421856,0.00980551681717,2.00980081913,3.26204218201
0.02422056,0.00982940485651,2.0098246254,3.26196282517
0.02422256,0.00985174071889,2.0098468793,3.26188864158
0.02422456,0.0098725208772,2.00986757731,3.26181964326
0.02422656,0.00989174205001,2.00988671617,3.26175584138
0.02422856,0.00990940120209,2.00990429286,3.26169724628
0.02423056,0.00992549554485,2.0099203046,3.26164386745
0.02423256,0.00994002253679,2.00993474887,3.26159571354
0.02423456,0.00995297988396,2.00994762337,3.26155279234
0.02423656,0.00996436554022,2.00995892608,3.2615151108
0.02423856,0.00997417770765,2.00996865522,3.26148267504
0.02424056,0.00998241483679,2.00997680924,3.2614554903
0.02424256,0.00998907562691,2.00998338686,3.26143356099
0.02424456,0.0099941590262,2.00998838705,3.26141689067
0.02424656,0.00999766423192,2.009991809,3.26140548202
0.02424856,0.00999959069056,2.00999365219,3.26139933691
0.02425056,0.00999993809791,2.00999391631,3.26139845632
0.02425256,0.00999870639911,2.00999260134,3.26140284041
0.02425456,0.00999589578866,2.00998970747,3.26141248845
0.02425656,0.00999150671039,2.00998523516,3.26142739888
0.02425856,0.00998553985739,2.00997918512,3.2614475693
0.02426056,0.00997799617189,2.00997155831,3.26147299643
0.02426256,0.00996887684512,2.00996235592,3.26150367615
0.02426456,0.00995818331714,2.00995157942,3.2615396035
0.02426656,0.00994591727657,2.0099392305,3.26158077265
0.02426856,0.00993208066036,2.00992531112,3.26162717693
0.02427056,0.00991667565349,2.00990982346,3.26167880883
0.02427256,0.00989970468857,2.00989276999,3.26173565999
0.02427456,0.00988117044552,2.00987415338,3.26179772119
0.02427656,0.00986107585111,2.00985397659,3.26186498238
0.02427856,0.00983942407851,2.00983224279,3.26193743268
0.02428056,0.00981621854678,2.00980895542,3.26201506034
0.02428256,0.00979146292036,2.00978411816,3.2620978528
0.02428456,0.00976516110843,2.00975773492,3.26218579665
0.02428656,0.00973731726436,2.00972980988,3.26227887764
0.02428856,0.00970793578502,2.00970034744,3.26237708072
0.02429056,0.00967702131008,2.00966935226,3.26248038998
0.02429256,0.0096445787213,2.00963682923,3.2625887887
0.02429456,0.00961061314173,2.00960278348,3.26270225932
0.02429656,0.00957512993493,2.0095672204,3.26282078349
0.02429856,0.00953813470412,2.0095301456,3.26294434202
0.02430056,0.00949963329128,2.00949156493,3.26307291492
0.02430256,0.00945963177621,2.00945148448,3.26320648138
0.02430456,0.00941813647562,2.00940991059,3.26334501979
0.02430656,0.00937515394211,2.00936684982,3.26348850774
0.02430856,0.00933069096311,2.00932230897,3.26363692201
0.02431056,0.00928475455984,2.00927629507,3.2637902386
0.02431256,0.0092373519862,2.0092288154,3.26394843272
0.02431456,0.00918849072759,2.00917987743,3.26411147878
0.02431656,0.00913817849978,2.00912948892,3.26427935043
0.02431856,0.00908642324765,2.0090776578,3.26445202051
0.02432056,0.00903323314396,2.00902439227,3.26462946112
0.02432256,0.00897861658804,2.00896970074,3.26481164359
0.02432456,0.00892258220447,2.00891359184,3.26499853846
0.02432656,0.00886513884174,2.00885607444,3.26519011553
0.02432856,0.00880629557083,2.00879715762,3.26538634387
0.02433056,0.00874606168375,2.00873685067,3.26558719177
0.02433256,0.00868444669215,2.00867516313,3.26579262678
0.02433456,0.00862146032574,2.00861210473,3.26600261574
0.02433656,0.0085571125308,2.00854768544,3.26621712474
0.02433856,0.0084914134686,2.00848191542,3.26643611914
0.02434056,0.00842437351377,2.00841480506,3.26665956361
0.02434256,0.00835600325271,2.00834636496,3.26688742208
0.02434456,0.00828631348187,2.00827660593,3.26711965778
0.02434656,0.00821531520607,2.00820553898,3.26735623325
0.02434856,0.00814301963676,2.00813317533,3.26759711033
0.02435056,0.00806943819026,2.00805952641,3.26784225016
0.02435256,0.00799458248592,2.00798460386,3.26809161324
0.02435456,0.00791846434434,2.0079084195,3.26834515935
0.02435656,0.00784109578544,2.00783098536,3.26860284763
0.02435856,0.00776248902662,2.00775231367,3.26886463655
0.02436056,0.00768265648079,2.00767241685,3.26913048393
0.02436256,0.00760161075445,2.00759130753,3.26940034695
0.02436456,0.00751936464565,2.0075089985,3.26967418215
0.02436656,0.007435931142,2.00742550277,3.26995194543
0.02436856,0.00735132341863,2.00734083352,3.27023359208
0.02437056,0.00726555483606,2.00725500412,3.27051907677
0.02437256,0.00717863893817,2.00716802813,3.27080835356
0.02437456,0.00709058944997,2.00707991927,3.2711013759
0.02437656,0.0070014202755,2.00699069147,3.27139809667
0.02437856,0.0069111454956,2.00690035881,3.27169846815
0.02438056,0.00681977936571,2.00680893556,3.27200244205
0.02438256,0.00672733631361,2.00671643615,3.2723099695
0.02438456,0.00663383093711,2.00662287519,3.2726210011
0.02438656,0.00653927800181,2.00652826746,3.27293548687
0.02438856,0.00644369243871,2.0064326279,3.27325337629
0.02439056,0.00634708934187,2.0063359716,3.27357461831
0.02439256,0.00624948396605,2.00623831383,3.27389916137
0.02439456,0.00615089172426,2.00613967001,3.27422695338
0.02439656,0.00605132818537,2.00604005572,3.27455794172
0.02439856,0.0059508090716,2.00593948669,3.27489207331
0.02440056,0.0058493502561,2.00583797881,3.27522929456
0.02440256,0.00574696776039,2.00573554809,3.27556955138
0.02440456,0.00564367775184,2.00563221071,3.27591278925
0.02440656,0.00553949654116,2.005527983,3.27625895315
0.02440856,0.00543444057976,2.00542288141,3.27660798762
0.02441056,0.00532852645719,2.00531692254,3.27695983676
0.02441256,0.00522177089852,2.00521012312,3.27731444422
0.02441456,0.0051141907617,2.00510250001,3.27767175323
0.02441656,0.00500580303486,2.00499407022,3.27803170662
0.02441856,0.0048966248337,2.00488485085,3.27839424678
0.02442056,0.00478667339872,2.00477485917,3.27875931573
0.02442256,0.00467596609251,2.00466411253,3.27912685508
0.02442456,0.00456452039706,2.00455262844,3.27949680609
0.02442656,0.00445235391092,2.00444042448,3.27986910963
0.02442856,0.00433948434649,2.00432751838,3.28024370621
0.02443056,0.00422592952717,2.00421392797,3.28062053599
0.02443256,0.00411170738459,2.00409967119,3.28099953882
0.02443456,0.00399683595575,2.00398476608,3.28138065417
0.02443656,0.00388133338018,2.00386923078,3.28176382124
0.02443856,0.00376521789708,2.00375308353,3.2821489789
0.02444056,0.00364850784242,2.00363634269,3.2825360657
0.02444256,0.00353122164608,2.00351902668,3.28292501994
0.02444456,0.0034133778289,2.00340115403,3.28331577962
0.02444656,0.0032949949998,2.00328274335,3.28370828246
0.02444856,0.00317609185279,2.00316381334,3.28410246595
0.02445056,0.00305668716406,2.00304438278,3.28449826731
0.02445256,0.00293679978899,2.00292447054,3.28489562352
0.02445456,0.00281644865919,2.00280409554,3.28529447135
0.02445656,0.00269565277949,2.0026832768,3.28569474734
0.02445856,0.00257443122498,2.00256203339,3.28609638782
0.02446056,0.00245280313793,2.00244038446,3.28649932893
0.02446256,0.00233078772483,2.00231834922,3.28690350663
0.02446456,0.00220840425333,2.00219594693,3.28730885667
0.02446656,0.0020856720492,2.00207319694,3.28771531469
0.02446856,0.00196261049327,2.00195011862,3.28812281612
0.02447056,0.00183923901839,2.00182673141,3.28853129628
0.02447256,0.00171557710636,2.00170305479,3.28894069034
0.02447456,0.0015916442848,2.00157910829,3.28935093334
0.02447656,0.00146746012417,2.00145491149,3.28976196024
0.02447856,0.00134304423457,2.001330484,3.29017370585
0.02448056,0.00121841626272,2.00120584546,3.29058610492
0.02448256,0.00109359588882,2.00108101555,3.2909990921
0.02448456,0.000968602823443,2.000956014,3.29141260199
0.02448656,0.000843456804456,2.00083086054,3.2918265691
0.02448856,0.000718177593862,2.00070557492,3.29224092791
0.02449056,0.0005927849747,2.00058017695,3.29265561285
0.02449256,0.000467298747919,2.00045468641,3.29307055833
0.02449456,0.000341738729249,2.00032912312,3.29348569872
0.02449656,0.000216124746072,2.00020350692,3.2939009684
0.02449856,9.04766342919e-05,2.00007785764,3.29431630175
0.02450056,-3.51857647976e-05,1.99995219511,3.29473163314
0.02450256,-0.000160842607647,1.99982653919,3.295146897
0.02450456,-0.000286474051584,1.99970090972,3.29556202776
0.02450656,-0.000412060257946,1.99957532653,3.2959769599
0.02450856,-0.000537581395218,1.99944980945,3.29639162797
0.02451056,-0.000663017642156,1.99932437831,3.29680596655
0.02451256,-0.000788349190922,1.99919905292,3.29721991033
0.02451456,-0.000913556250212,1.99907385305,3.29763339406
0.02451656,-0.00103861904838,1.99894879849,3.29804635258
0.02451856,-0.00116351783656,1.99882390899,3.29845872087
0.02452056,-0.00128823289179,1.99869920425,3.29887043398
0.02452256,-0.0014127445201,1.99857470398,3.29928142712
0.02452456,-0.00153703305968,1.99845042784,3.2996916356
0.02452656,-0.00166107888393,1.99832639544,3.30010099491
0.02452856,-0.00178486240456,1.99820262638,3.30050944068
0.02453056,-0.00190836407473,1.99807914021,3.30091690868
0.02453256,-0.00203156439209,1.99795595641,3.3013233349
0.02453456,-0.00215444390187,1.99783309445,3.30172865549
0.02453656,-0.0022769832,1.99771057372,3.30213280679
0.02453856,-0.00239916293608,1.99758841357,3.30253572536
0.02454056,-0.00252096381652,1.99746663329,3.30293734795
0.02454256,-0.00264236660755,1.99734525212,3.30333761157
0.02454456,-0.00276335213826,1.99722428921,3.30373645343
0.02454656,-0.00288390130363,1.99710376368,3.30413381099
0.02454856,-0.00300399506756,1.99698369455,3.30452962199
0.02455056,-0.00312361446584,1.99686410079,3.30492382439
0.02455256,-0.00324274060919,1.99674500127,3.30531635646
0.02455456,-0.0033613546862,1.99662641482,3.30570715672
0.02455656,-0.00347943796635,1.99650836014,3.306096164
0.02455856,-0.0035969718029,1.99639085589,3.30648331743
0.02456056,-0.00371393763591,1.99627392062,3.30686855644
0.02456256,-0.00383031699511,1.9961575728,3.30725182078
0.02456456,-0.00394609150286,1.99604183079,3.30763305054
0.02456656,-0.00406124287701,1.99592671288,3.30801218612
0.02456856,-0.00417575293384,1.99581223725,3.3083891683
0.02457056,-0.00428960359087,1.99569842196,3.30876393818
0.02457256,-0.00440277686976,1.995585285,3.30913643726
0.02457456,-0.00451525489915,1.99547284423,3.30950660737
0.02457656,-0.00462701991745,1.9953611174,3.30987439076
0.02457856,-0.00473805427567,1.99525012216,3.31023973006
0.02458056,-0.00484834044019,1.99513987604,3.31060256827
0.02458256,-0.00495786099555,1.99503039644,3.31096284884
0.02458456,-0.00506659864718,1.99492170066,3.3113205156
0.02458656,-0.00517453622416,1.99481380585,3.31167551282
0.02458856,-0.00528165668188,1.99470672906,3.31202778521
0.02459056,-0.00538794310478,1.99460048719,3.3123772779
0.02459256,-0.00549337870901,1.99449509702,3.31272393649
0.02459456,-0.00559794684506,1.99439057519,3.31306770702
0.02459656,-0.00570163100041,1.99428693821,3.313408536
0.02459856,-0.00580441480213,1.99418420245,3.31374637042
0.02460056,-0.00590628201946,1.99408238412,3.31408115773
0.02460256,-0.0060072165664,1.99398149931,3.3144128459
0.02460456,-0.0061072025042,1.99388156394,3.31474138336
0.02460656,-0.00620622404393,1.9937825938,3.31506671908
0.02460856,-0.00630426554894,1.99368460451,3.31538880251
0.02461056,-0.00640131153734,1.99358761156,3.31570758364
0.02461256,-0.00649734668444,1.99349163025,3.31602301297
0.02461456,-0.00659235582517,1.99339667574,3.31633504155
0.02461656,-0.00668632395651,1.99330276303,3.31664362095
0.02461856,-0.00677923623977,1.99320990694,3.3169487033
0.02462056,-0.00687107800305,1.99311812214,3.31725024129
0.02462256,-0.00696183474346,1.99302742313,3.31754818817
0.02462456,-0.00705149212946,1.99293782422,3.31784249774
0.02462656,-0.00714003600311,1.99284933957,3.3181331244
0.02462856,-0.00722745238231,1.99276198314,3.31842002311
0.02463056,-0.00731372746299,1.99267576874,3.31870314943
0.02463256,-0.00739884762132,1.99259070997,3.31898245951
0.02463456,-0.00748279941584,1.99250682027,3.31925791012
0.02463656,-0.00756556958959,1.99242411288,3.31952945861
0.02463856,-0.0076471450722,1.99234260087,3.31979706295
0.02464056,-0.00772751298195,1.99226229711,3.32006068174
0.02464256,-0.00780666062782,1.99218321427,3.32032027421
0.02464456,-0.00788457551149,1.99210536485,3.3205758002
0.02464656,-0.00796124532927,1.99202876114,3.3208272202
0.02464856,-0.00803665797414,1.99195341524,3.32107449535
0.02465056,-0.00811080153754,1.99187933904,3.32131758743
0.02465256,-0.00818366431135,1.99180654424,3.32155645887
0.02465456,-0.00825523478971,1.99173504234,3.32179107277
0.02465656,-0.00832550167079,1.99166484463,3.32202139289
0.02465856,-0.00839445385865,1.99159596218,3.32224738366
0.02466056,-0.00846208046493,1.99152840589,3.32246901018
0.02466256,-0.00852837081061,1.99146218642,3.32268623824
0.02466456,-0.00859331442768,1.99139731422,3.32289903432
0.02466656,-0.00865690106078,1.99133379954,3.32310736557
0.02466856,-0.00871912066884,1.99127165241,3.32331119985
0.02467056,-0.00877996342668,1.99121088264,3.32351050572
0.02467256,-0.00883941972652,1.99115149983,3.32370525243
0.02467456,-0.00889748017951,1.99109351336,3.32389540995
0.02467656,-0.00895413561723,1.99103693238,3.32408094897
0.02467856,-0.00900937709315,1.99098176582,3.32426184087
0.02468056,-0.00906319588398,1.99092802241,3.32443805777
0.02468256,-0.00911558349111,1.99087571062,3.32460957252
0.02468456,-0.00916653164194,1.99082483872,3.32477635869
0.02468656,-0.00921603229117,1.99077541473,3.32493839058
0.02468856,-0.00926407762206,1.99072744647,3.32509564322
0.02469056,-0.00931066004769,1.99068094151,3.3252480924
0.02469256,-0.00935577221218,1.9906359072,3.32539571464
0.02469456,-0.00939940699178,1.99059235063,3.3255384872
0.02469656,-0.00944155749605,1.9905502787,3.3256763881
0.02469856,-0.00948221706894,1.99050969804,3.32580939612
0.02470056,-0.00952137928984,1.99047061507,3.32593749077
0.02470256,-0.00955903797457,1.99043303595,3.32606065233
0.02470456,-0.0095951871764,1.99039696663,3.32617886187
0.02470656,-0.00962982118694,1.99036241279,3.32629210117
0.02470856,-0.00966293453708,1.99032937989,3.32640035282
0.02471056,-0.00969452199784,1.99029787315,3.32650360017
0.02471256,-0.00972457858119,1.99026789754,3.32660182733
0.02471456,-0.00975309954086,1.9902394578,3.32669501918
0.02471656,-0.00978008037304,1.99021255842,3.3267831614
0.02471856,-0.00980551681716,1.99018720364,3.32686624042
0.02472056,-0.00982940485651,1.99016339747,3.32694424348
0.02472256,-0.00985174071888,1.99014114367,3.32701715856
0.02472456,-0.00987252087719,1.99012044576,3.32708497447
0.02472656,-0.00989174205001,1.990101307,3.32714768078
0.02472856,-0.00990940120209,1.99008373041,3.32720526783
0.02473056,-0.00992549554484,1.99006771877,3.32725772678
0.02473256,-0.00994002253679,1.9900532746,3.32730504956
0.02473456,-0.00995297988395,1.9900404002,3.3273472289
0.02473656,-0.00996436554021,1.99002909759,3.32738425832
0.02473856,-0.00997417770764,1.99001936855,3.32741613211
0.02474056,-0.00998241483679,1.99001121463,3.32744284538
0.02474256,-0.00998907562691,1.9900046371,3.32746439403
0.02474456,-0.0099941590262,1.98999963702,3.32748077474
0.02474656,-0.00999766423192,1.98999621517,3.32749198499
0.02474856,-0.00999959069056,1.98999437208,3.32749802306
0.02475056,-0.00999993809791,1.98999410805,3.32749888803
0.02475256,-0.00999870639911,1.98999542313,3.32749457976
0.02475456,-0.00999589578866,1.9899983171,3.3274850989
0.02475656,-0.00999150671039,1.99000278951,3.32747044693
0.02475856,-0.00998553985739,1.99000883964,3.32745062609
0.02476056,-0.00997799617189,1.99001646656,3.32742563942
0.02476256,-0.00996887684512,1.99002566904,3.32739549078
0.02476456,-0.00995818331714,1.99003644564,3.32736018479
0.02476656,-0.00994591727657,1.99004879466,3.32731972687
0.02476856,-0.00993208066037,1.99006271415,3.32727412326
0.02477056,-0.00991667565349,1.9900782019,3.32722338096
0.02477256,-0.00989970468857,1.99009525548,3.32716750777
0.02477456,-0.00988117044552,1.99011387218,3.32710651228
0.02477656,-0.00986107585111,1.99013404908,3.32704040388
0.02477856,-0.00983942407851,1.99015578298,3.32696919272
0.02478056,-0.00981621854679,1.99017907044,3.32689288976
0.02478256,-0.00979146292036,1.99020390781,3.32681150672
0.02478456,-0.00976516110844,1.99023029115,3.32672505614
0.02478656,-0.00973731726437,1.99025821629,3.32663355129
0.02478856,-0.00970793578503,1.99028767883,3.32653700626
0.02479056,-0.00967702131009,1.99031867411,3.32643543591
0.02479256,-0.0096445787213,1.99035119724,3.32632885584
0.02479456,-0.00961061314173,1.99038524308,3.32621728247
0.02479656,-0.00957512993494,1.99042080626,3.32610073296
0.02479856,-0.00953813470413,1.99045788117,3.32597922525
0.02480056,-0.00949963329128,1.99049646194,3.32585277802
0.02480256,-0.00945963177622,1.99053654248,3.32572141076
0.02480456,-0.00941813647563,1.99057811647,3.32558514367
0.02480656,-0.00937515394212,1.99062117734,3.32544399774
0.02480856,-0.00933069096312,1.99066571829,3.3252979947
0.02481056,-0.00928475455985,1.99071173229,3.32514715703
0.02481256,-0.0092373519862,1.99075921207,3.32499150796
0.02481456,-0.0091884907276,1.99080815013,3.32483107146
0.02481656,-0.00913817849979,1.99085853874,3.32466587225
0.02481856,-0.00908642324766,1.99091036996,3.32449593578
0.02482056,-0.00903323314397,1.99096363559,3.32432128824
0.02482256,-0.00897861658805,1.99101832722,3.32414195653
0.02482456,-0.00892258220448,1.99107443622,3.32395796831
0.02482656,-0.00886513884176,1.99113195372,3.32376935193
0.02482856,-0.00880629557084,1.99119087064,3.32357613648
0.02483056,-0.00874606168376,1.99125117769,3.32337835175
0.02483256,-0.00868444669216,1.99131286533,3.32317602824
0.02483456,-0.00862146032575,1.99137592383,3.32296919717
0.02483656,-0.00855711253081,1.99144034322,3.32275789044
0.02483856,-0.00849141346861,1.99150611334,3.32254214067
0.02484056,-0.00842437351378,1.9915732238,3.32232198115
0.02484256,-0.00835600325272,1.991641664,3.32209744586
0.02484456,-0.00828631348188,1.99171142313,3.32186856947
0.02484656,-0.00821531520608,1.99178249018,3.32163538734
0.02484856,-0.00814301963678,1.99185485393,3.32139793547
0.02485056,-0.00806943819027,1.99192850294,3.32115625054
0.02485256,-0.00799458248594,1.9920034256,3.32091036991
0.02485456,-0.00791846434435,1.99207961006,3.32066033156
0.02485656,-0.00784109578545,1.9921570443,3.32040617416
0.02485856,-0.00776248902663,1.99223571609,3.320147937
0.02486056,-0.00768265648081,1.992315613,3.31988566001
0.02486256,-0.00760161075446,1.99239672243,3.31961938376
0.02486456,-0.00751936464566,1.99247903156,3.31934914945
0.02486656,-0.00743593114201,1.99256252739,3.31907499889
0.02486856,-0.00735132341864,1.99264719674,3.31879697453
0.02487056,-0.00726555483608,1.99273302623,3.3185151194
0.02487256,-0.00717863893818,1.99282000233,3.31822947716
0.02487456,-0.00709058944998,1.99290811128,3.31794009203
0.02487656,-0.00700142027551,1.99299733918,3.31764700887
0.02487856,-0.00691114549562,1.99308767194,3.31735027308
0.02488056,-0.00681977936573,1.99317909529,3.31704993066
0.02488256,-0.00672733631363,1.9932715948,3.31674602818
0.02488456,-0.00663383093713,1.99336515586,3.31643861276
0.02488656,-0.00653927800183,1.99345976369,3.3161277321
0.02488856,-0.00644369243873,1.99355540336,3.31581343443
0.02489056,-0.00634708934189,1.99365205976,3.31549576853
0.02489256,-0.00624948396607,1.99374971762,3.31517478371
0.02489456,-0.00615089172428,1.99384836154,3.31485052982
0.02489656,-0.00605132818538,1.99394797593,3.31452305722
0.02489856,-0.00595080907162,1.99404854506,3.31419241679
0.02490056,-0.00584935025612,1.99415005304,3.31385865991
0.02490256,-0.00574696776041,1.99425248386,3.31352183847
0.02490456,-0.00564367775186,1.99435582134,3.31318200484
0.02490656,-0.00553949654118,1.99446004915,3.31283921188
0.02490856,-0.00543444057978,1.99456515084,3.31249351291
0.02491056,-0.00532852645721,1.99467110981,3.31214496175
0.02491256,-0.00522177089854,1.99477790933,3.31179361264
0.02491456,-0.00511419076171,1.99488553254,3.31143952029
0.02491656,-0.00500580303488,1.99499396243,3.31108273987
0.02491856,-0.00489662483372,1.99510318189,3.31072332695
0.02492056,-0.00478667339874,1.99521317368,3.31036133756
0.02492256,-0.00467596609254,1.99532392041,3.30999682812
0.02492456,-0.00456452039708,1.99543540461,3.30962985548
0.02492656,-0.00445235391094,1.99554760867,3.30926047689
0.02492856,-0.00433948434651,1.99566051487,3.30888874997
0.02493056,-0.00422592952719,1.99577410537,3.30851473275
0.02493256,-0.00411170738461,1.99588836226,3.30813848363
0.02493456,-0.00399683595577,1.99600326747,3.30776006136
0.02493656,-0.0038813333802,1.99611880287,3.30737952507
0.02493856,-0.0037652178971,1.99623495021,3.30699693423
0.02494056,-0.00364850784244,1.99635169116,3.30661234865
0.02494256,-0.0035312216461,1.99646900727,3.30622582846
0.02494456,-0.00341337782892,1.99658688002,3.30583743412
0.02494656,-0.00329499499982,1.9967052908,3.30544722641
0.02494856,-0.00317609185281,1.9968242209,3.3050552664
0.02495056,-0.00305668716408,1.99694365156,3.30466161546
0.02495256,-0.00293679978901,1.9970635639,3.30426633525
0.02495456,-0.00281644865921,1.997183939,3.3038694877
0.02495656,-0.00269565277952,1.99730475785,3.303471135
0.02495856,-0.002574431225,1.99742600136,3.30307133959
0.02496056,-0.00245280313795,1.99754765039,3.30267016418
0.02496256,-0.00233078772485,1.99766968573,3.30226767171
0.02496456,-0.00220840425335,1.99779208811,3.30186392532
0.02496656,-0.00208567204922,1.9979148382,3.3014589884
0.02496856,-0.00196261049329,1.99803791662,3.30105292454
0.02497056,-0.00183923901842,1.99816130393,3.30064579752
0.02497256,-0.00171557710638,1.99828498065,3.3002376713
0.02497456,-0.00159164428483,1.99840892725,3.29982861005
0.02497656,-0.00146746012419,1.99853312415,3.29941867807
0.02497856,-0.0013430442346,1.99865755174,3.29900793985
0.02498056,-0.00121841626274,1.99878219038,3.29859646
0.02498256,-0.00109359588884,1.99890702039,3.29818430328
0.02498456,-0.000968602823466,1.99903202204,3.2977715346
0.02498656,-0.000843456804479,1.9991571756,3.29735821895
0.02498856,-0.000718177593885,1.99928246131,3.29694442145
0.02499056,-0.000592784974723,1.99940785939,3.29653020731
0.02499256,-0.000467298747942,1.99953335003,3.29611564183
0.02499456,-0.000341738729272,1.99965891341,3.2957007904
0.02499656,-0.000216124746095,1.99978452972,3.29528571845
0.02499856,-9.04766343151e-05,1.9999101791,3.29487049147
0.02500056,3.51857647741e-05,2.00003584172,3.29445517503
0.02500256,0.000160842607623,2.00016149774,3.2940398347
0.02500456,0.00028647405156,2.00028712732,3.29362453609
0.02500656,0.000412060257924,2.00041271061,3.29320934482
0.02500856,0.000537581395195,2.00053822778,3.29279432651
0.02501056,0.000663017642133,2.00066365902,3.2923795468
0.02501256,0.000788349190899,2.00078898452,3.29196507128
0.02501456,0.000913556250189,2.00091418448,3.29155096553
0.02501656,0.00103861904836,2.00103923914,3.2911372951
0.02501856,0.00116351783654,2.00116412875,3.29072412547
0.02502056,0.00128823289176,2.00128883358,3.29031152209
0.02502256,0.00141274452008,2.00141333395,3.28989955032
0.02502456,0.00153703305966,2.0015376102,3.28948827545
0.02502656,0.00166107888391,2.00166164269,3.28907776269
0.02502856,0.00178486240454,2.00178541185,3.28866807712
0.02503056,0.00190836407471,2.00190889812,3.28825928374
0.02503256,0.00203156439206,2.00203208202,3.28785144743
0.02503456,0.00215444390185,2.00215494409,3.28744463291
0.02503656,0.00227698319997,2.00227746491,3.28703890478
0.02503856,0.00239916293605,2.00239962516,3.28663432749
0.02504056,0.00252096381649,2.00252140554,3.28623096532
0.02504256,0.00264236660752,2.00264278681,3.28582888238
0.02504456,0.00276335213823,2.00276374982,3.2854281426
0.02504656,0.00288390130361,2.00288427545,3.2850288097
0.02504856,0.00300399506754,2.00300434468,3.28463094722
0.02505056,0.00312361446582,2.00312393854,3.28423461846
0.02505256,0.00324274060917,2.00324303815,3.28383988653
0.02505456,0.00336135468618,2.00336162471,3.28344681428
0.02505656,0.00347943796633,2.00347967949,3.2830554643
0.02505856,0.00359697180288,2.00359718384,3.28266589897
0.02506056,0.00371393763589,2.00371411921,3.28227818037
0.02506256,0.00383031699509,2.00383046713,3.2818923703
0.02506456,0.00394609150284,2.00394620923,3.28150853031
0.02506656,0.00406124287699,2.00406132724,3.28112672162
0.02506856,0.00417575293382,2.00417580298,3.28074700515
0.02507056,0.00428960359085,2.00428961836,3.28036944153
0.02507256,0.00440277686974,2.00440275542,3.27999409102
0.02507456,0.00451525489913,2.0045151963,3.27962101358
0.02507656,0.00462701991743,2.00462692322,3.27925026882
0.02507856,0.00473805427565,2.00473791856,3.27888191597
0.02508056,0.00484834044017,2.00484816478,3.27851601392
0.02508256,0.00495786099553,2.00495764448,3.27815262118
0.02508456,0.00506659864716,2.00506634036,3.27779179586
0.02508656,0.00517453622414,2.00517423527,3.27743359569
0.02508856,0.00528165668186,2.00528131217,3.277078078
0.02509056,0.00538794310477,2.00538755413,3.27672529969
0.02509256,0.00549337870899,2.0054929444,3.27637531725
0.02509456,0.00559794684504,2.00559746633,3.27602818673
0.02509656,0.00570163100039,2.00570110341,3.27568396374
0.02509856,0.00580441480211,2.00580383927,3.27534270345
0.02510056,0.00590628201945,2.0059056577,3.27500446055
0.02510256,0.00600721656638,2.00600654261,3.27466928928
0.02510456,0.00610720250418,2.00610647808,3.27433724338
0.02510656,0.00620622404391,2.00620544832,3.27400837611
0.02510856,0.00630426554892,2.0063034377,3.27368274026
0.02511056,0.00640131153732,2.00640043076,3.27336038807
0.02511256,0.00649734668442,2.00649641217,3.2730413713
0.02511456,0.00659235582516,2.00659136678,3.27272574117
0.02511656,0.00668632395649,2.00668527959,3.27241354837
0.02511856,0.00677923623976,2.00677813578,3.27210484306
0.02512056,0.00687107800304,2.00686992067,3.27179967484
0.02512256,0.00696183474345,2.00696061979,3.27149809276
0.02512456,0.00705149212945,2.00705021879,3.2712001453
0.02512656,0.0071400360031,2.00713870355,3.27090588038
0.02512856,0.00722745238229,2.00722606007,3.27061534531
0.02513056,0.00731372746297,2.00731227458,3.27032858685
0.02513256,0.0073988476213,2.00739733344,3.27004565112
0.02513456,0.00748279941582,2.00748122325,3.26976658367
0.02513656,0.00756556958957,2.00756393073,3.26949142941
0.02513856,0.00764714507218,2.00764544284,3.26922023266
0.02514056,0.00772751298194,2.0077257467,3.26895303708
0.02514256,0.00780666062781,2.00780482964,3.26868988571
0.02514456,0.00788457551147,2.00788267916,3.26843082095
0.02514656,0.00796124532926,2.00795928297,3.26817588453
0.02514856,0.00803665797412,2.00803462897,3.26792511757
0.02515056,0.00811080153752,2.00810870527,3.26767856046
0.02515256,0.00818366431134,2.00818150017,3.26743625297
0.02515456,0.0082552347897,2.00825300217,3.26719823418
0.02515656,0.00832550167078,2.00832319998,3.26696454246
0.02515856,0.00839445385864,2.00839208252,3.26673521553
0.02516056,0.00846208046492,2.00845963892,3.26651029038
0.02516256,0.0085283708106,2.00852585849,3.2662898033
0.02516456,0.00859331442766,2.00859073079,3.2660737899
0.02516656,0.00865690106076,2.00865424557,3.26586228503
0.02516856,0.00871912066883,2.0087163928,3.26565532285
0.02517056,0.00877996342667,2.00877716266,3.26545293677
0.02517256,0.00883941972651,2.00883654557,3.26525515948
0.02517456,0.0088974801795,2.00889453215,3.26506202293
0.02517656,0.00895413561722,2.00895111323,3.26487355832
0.02517856,0.00900937709314,2.00900627988,3.2646897961
0.02518056,0.00906319588397,2.0090600234,3.26451076597
0.02518256,0.0091155834911,2.00911233528,3.26433649687
0.02518456,0.00916653164193,2.00916320729,3.26416701695
0.02518656,0.00921603229116,2.00921263137,3.26400235362
0.02518856,0.00926407762205,2.00926059973,3.26384253351
0.02519056,0.00931066004769,2.00930710479,3.26368758245
0.02519256,0.00935577221217,2.00935213921,3.26353752551
0.02519456,0.00939940699177,2.00939569587,3.26339238695
0.02519656,0.00944155749604,2.0094377679,3.26325219026
0.02519856,0.00948221706894,2.00947834866,3.26311695811
0.02520056,0.00952137928983,2.00951743173,3.26298671238
0.02520256,0.00955903797457,2.00955501095,3.26286147416
0.02520456,0.00959518717639,2.00959108037,3.26274126369
0.02520656,0.00962982118693,2.00962563431,3.26262610045
0.02520856,0.00966293453707,2.00965866731,3.26251600306
0.02521056,0.00969452199783,2.00969017415,3.26241098935
0.02521256,0.00972457858118,2.00972014986,3.26231107632
0.02521456,0.00975309954085,2.0097485897,3.26221628015
0.02521656,0.00978008037304,2.00977548918,3.26212661618
0.02521856,0.00980551681716,2.00980084406,3.26204209892
0.02522056,0.00982940485651,2.00982465032,3.26196274208
0.02522256,0.00985174071888,2.00984690422,3.26188855849
0.02522456,0.00987252087719,2.00986760224,3.26181956017
0.02522656,0.00989174205001,2.0098867411,3.26175575829
0.02522856,0.00990940120209,2.00990431779,3.26169716319
0.02523056,0.00992549554484,2.00992032953,3.26164378436
0.02523256,0.00994002253679,2.00993477379,3.26159563044
0.02523456,0.00995297988395,2.00994764829,3.26155270924
0.02523656,0.00996436554021,2.00995895101,3.26151502771
0.02523856,0.00997417770764,2.00996868014,3.26148259194
0.02524056,0.00998241483679,2.00997683417,3.26145540721
0.02524256,0.00998907562691,2.00998341179,3.2614334779
0.02524456,0.0099941590262,2.00998841197,3.26141680757
0.02524656,0.00999766423192,2.00999183393,3.26140539893
0.02524856,0.00999959069056,2.00999367711,3.26139925382
0.02525056,0.00999993809791,2.00999394124,3.26139837323
0.02525256,0.00999870639911,2.00999262626,3.26140275731
0.02525456,0.00999589578866,2.00998973239,3.26141240536
0.02525656,0.00999150671039,2.00998526008,3.2614273158
0.02525856,0.00998553985739,2.00997921005,3.26144748621
0.02526056,0.00997799617189,2.00997158323,3.26147291334
0.02526256,0.00996887684512,2.00996238085,3.26150359307
0.02526456,0.00995818331714,2.00995160434,3.26153952042
0.02526656,0.00994591727657,2.00993925542,3.26158068957
0.02526856,0.00993208066037,2.00992533604,3.26162709385
0.02527056,0.00991667565349,2.00990984839,3.26167872575
0.02527256,0.00989970468858,2.00989279491,3.26173557691
0.02527456,0.00988117044553,2.0098741783,3.26179763811
0.02527656,0.00986107585112,2.00985400151,3.26186489931
0.02527856,0.00983942407852,2.00983226771,3.2619373496
0.02528056,0.00981621854679,2.00980898034,3.26201497727
0.02528256,0.00979146292037,2.00978414308,3.26209776973
0.02528456,0.00976516110844,2.00975775984,3.26218571358
0.02528656,0.00973731726437,2.0097298348,3.26227879458
0.02528856,0.00970793578503,2.00970037236,3.26237699766
0.02529056,0.00967702131009,2.00966937718,3.26248030693
0.02529256,0.00964457872131,2.00963685414,3.26258870564
0.02529456,0.00961061314174,2.0096028084,3.26270217627
0.02529656,0.00957512993495,2.00956724532,3.26282070045
0.02529856,0.00953813470414,2.00953017051,3.26294425898
0.02530056,0.00949963329129,2.00949158984,3.26307283188
0.02530256,0.00945963177622,2.0094515094,3.26320639834
0.02530456,0.00941813647564,2.00940993551,3.26334493676
0.02530656,0.00937515394213,2.00936687474,3.26348842471
0.02530856,0.00933069096313,2.00932233389,3.26363683898
0.02531056,0.00928475455986,2.00927631999,3.26379015558
0.02531256,0.00923735198621,2.00922884031,3.26394834971
0.02531456,0.00918849072761,2.00917990235,3.26411139577
0.02531656,0.0091381784998,2.00912951383,3.26427926742
0.02531856,0.00908642324767,2.00907768272,3.26445193751
0.02532056,0.00903323314398,2.00902441719,3.26462937812
0.02532256,0.00897861658806,2.00896972566,3.26481156059
0.02532456,0.00892258220449,2.00891361676,3.26499845547
0.02532656,0.00886513884177,2.00885609936,3.26519003255
0.02532856,0.00880629557085,2.00879718253,3.26538626089
0.02533056,0.00874606168377,2.00873687559,3.26558710879
0.02533256,0.00868444669217,2.00867518804,3.26579254381
0.02533456,0.00862146032576,2.00861212965,3.26600253277
0.02533656,0.00855711253082,2.00854771035,3.26621704178
0.02533856,0.00849141346862,2.00848194033,3.26643603619
0.02534056,0.00842437351379,2.00841482997,3.26665948066
0.02534256,0.00835600325273,2.00834638988,3.26688733913
0.02534456,0.00828631348189,2.00827663084,3.26711957484
0.02534656,0.00821531520609,2.00820556389,3.26735615032
0.02534856,0.00814301963679,2.00813320024,3.2675970274
0.02535056,0.00806943819029,2.00805955133,3.26784216725
0.02535256,0.00799458248595,2.00798462877,3.26809153033
0.02535456,0.00791846434437,2.00790844441,3.26834507644
0.02535656,0.00784109578547,2.00783101027,3.26860276473
0.02535856,0.00776248902664,2.00775233858,3.26886455365
0.02536056,0.00768265648082,2.00767244176,3.26913040104
0.02536256,0.00760161075448,2.00759133244,3.26940026407
0.02536456,0.00751936464568,2.00750902341,3.26967409928
0.02536656,0.00743593114203,2.00742552768,3.26995186256
0.02536856,0.00735132341866,2.00734085843,3.27023350922
0.02537056,0.0072655548361,2.00725502903,3.27051899392
0.02537256,0.0071786389382,2.00716805304,3.27080827071
0.02537456,0.00709058945,2.00707994418,3.27110129306
0.02537656,0.00700142027553,2.00699071638,3.27139801384
0.02537856,0.00691114549563,2.00690038372,3.27169838532
0.02538056,0.00681977936575,2.00680896047,3.27200235923
0.02538256,0.00672733631364,2.00671646106,3.27230988669
0.02538456,0.00663383093715,2.0066229001,3.2726209183
0.02538656,0.00653927800185,2.00652829237,3.27293540407
0.02538856,0.00644369243874,2.0064326528,3.2732532935
0.02539056,0.00634708934191,2.00633599651,3.27357453553
0.02539256,0.00624948396608,2.00623833874,3.2738990786
0.02539456,0.0061508917243,2.00613969492,3.27422687061
0.02539656,0.0060513281854,2.00604008063,3.27455785897
0.02539856,0.00595080907164,2.0059395116,3.27489199056
0.02540056,0.00584935025614,2.00583800371,3.27522921181
0.02540256,0.00574696776043,2.005735573,3.27556946865
0.02540456,0.00564367775188,2.00563223562,3.27591270653
0.02540656,0.0055394965412,2.00552800791,3.27625887043
0.02540856,0.0054344405798,2.00542290632,3.27660790491
0.02541056,0.00532852645723,2.00531694745,3.27695975406
0.02541256,0.00522177089856,2.00521014803,3.27731436153
0.02541456,0.00511419076173,2.00510252492,3.27767167055
0.02541656,0.0050058030349,2.00499409512,3.27803162394
0.02541856,0.00489662483374,2.00488487576,3.27839416411
0.02542056,0.00478667339876,2.00477488408,3.27875923307
0.02542256,0.00467596609256,2.00466413744,3.27912677243
0.02542456,0.0045645203971,2.00455265334,3.27949672345
0.02542656,0.00445235391096,2.00444044938,3.27986902699
0.02542856,0.00433948434653,2.00432754329,3.28024362358
0.02543056,0.00422592952721,2.00421395288,3.28062045338
0.02543256,0.00411170738463,2.00409969609,3.28099945621
0.02543456,0.00399683595579,2.00398479098,3.28138057158
0.02543656,0.00388133338022,2.00386925568,3.28176373866
0.02543856,0.00376521789712,2.00375310844,3.28214889632
0.02544056,0.00364850784246,2.00363636759,3.28253598313
0.02544256,0.00353122164612,2.00351905158,3.28292493738
0.02544456,0.00341337782894,2.00340117893,3.28331569707
0.02544656,0.00329499499984,2.00328276825,3.28370819992
0.02544856,0.00317609185283,2.00316383824,3.28410238342
0.02545056,0.0030566871641,2.00304440769,3.28449818479
0.02545256,0.00293679978903,2.00292449544,3.28489554101
0.02545456,0.00281644865923,2.00280412044,3.28529438885
0.02545656,0.00269565277954,2.0026833017,3.28569466485
0.02545856,0.00257443122502,2.00256205829,3.28609630534
0.02546056,0.00245280313797,2.00244040936,3.28649924646
0.02546256,0.00233078772487,2.00231837412,3.28690342416
0.02546456,0.00220840425337,2.00219597184,3.28730877422
0.02546656,0.00208567204924,2.00207322184,3.28771523224
0.02546856,0.00196261049331,2.00195014352,3.28812273368
0.02547056,0.00183923901844,2.00182675631,3.28853121385
0.02547256,0.0017155771064,2.00170307969,3.28894060792
0.02547456,0.00159164428485,2.00157913319,3.28935085093
0.02547656,0.00146746012422,2.00145493639,3.28976187784
0.02547856,0.00134304423462,2.0013305089,3.29017362346
0.02548056,0.00121841626277,2.00120587036,3.29058602254
0.02548256,0.00109359588886,2.00108104045,3.29099900973
0.02548456,0.000968602823489,2.0009560389,3.29141251963
0.02548656,0.000843456804502,2.00083088543,3.29182648675
0.02548856,0.000718177593908,2.00070559982,3.29224084557
0.02549056,0.000592784974746,2.00058020185,3.29265553052
0.02549256,0.000467298747965,2.00045471131,3.293070476
0.02549456,0.000341738729295,2.00032914802,3.2934856164
0.02549656,0.000216124746118,2.00020353182,3.2939008861
0.02549856,9.04766343382e-05,2.00007788253,3.29431621945
0.02550056,-3.51857647513e-05,1.99995222001,3.29473155086
0.02550256,-0.0001608426076,1.99982656409,3.29514681473
0.02550456,-0.000286474051537,1.99970093461,3.2955619455
0.02550656,-0.000412060257901,1.99957535142,3.29597687765
0.02550856,-0.000537581395172,1.99944983435,3.29639154572
0.02551056,-0.00066301764211,1.99932440321,3.29680588432
0.02551256,-0.000788349190876,1.99919907781,3.2972198281
0.02551456,-0.000913556250166,1.99907387795,3.29763331184
0.02551656,-0.00103861904833,1.99894882339,3.29804627038
0.02551856,-0.00116351783651,1.99882393388,3.29845863868
0.02552056,-0.00128823289174,1.99869922915,3.2988703518
0.02552256,-0.00141274452006,1.99857472888,3.29928134494
0.02552456,-0.00153703305964,1.99845045273,3.29969155344
0.02552656,-0.00166107888388,1.99832642034,3.30010091276
0.02552856,-0.00178486240451,1.99820265128,3.30050935853
0.02553056,-0.00190836407468,1.9980791651,3.30091682654
0.02553256,-0.00203156439204,1.9979559813,3.30132325278
0.02553456,-0.00215444390183,1.99783311934,3.30172857337
0.02553656,-0.00227698319995,1.99771059861,3.30213272468
0.02553856,-0.00239916293603,1.99758843846,3.30253564326
0.02554056,-0.00252096381647,1.99746665818,3.30293726586
0.02554256,-0.0026423666075,1.99734527701,3.30333752949
0.02554456,-0.00276335213821,1.99722431411,3.30373637136
0.02554656,-0.00288390130359,1.99710378857,3.30413372893
0.02554856,-0.00300399506751,1.99698371944,3.30452953994
0.02555056,-0.0031236144658,1.99686412568,3.30492374235
0.02555256,-0.00324274060914,1.99674502617,3.30531627442
0.02555456,-0.00336135468616,1.99662643971,3.3057070747
0.02555656,-0.0034794379663,1.99650838503,3.30609608199
0.02555856,-0.00359697180286,1.99639088078,3.30648323543
0.02556056,-0.00371393763587,1.99627394551,3.30686847444
0.02556256,-0.00383031699507,1.99615759769,3.30725173879
0.02556456,-0.00394609150282,1.99604185568,3.30763296856
0.02556656,-0.00406124287697,1.99592673777,3.30801210415
0.02556856,-0.0041757529338,1.99581226214,3.30838908634
0.02557056,-0.00428960359083,1.99569844685,3.30876385623
0.02557256,-0.00440277686972,1.99558530989,3.30913635531
0.02557456,-0.00451525489911,1.99547286912,3.30950652544
0.02557656,-0.00462701991741,1.99536114229,3.30987430884
0.02557856,-0.00473805427563,1.99525014705,3.31023964814
0.02558056,-0.00484834044015,1.99513990093,3.31060248636
0.02558256,-0.00495786099551,1.99503042133,3.31096276694
0.02558456,-0.00506659864714,1.99492172555,3.3113204337
0.02558656,-0.00517453622412,1.99481383074,3.31167543094
0.02558856,-0.00528165668184,1.99470675394,3.31202770333
0.02559056,-0.00538794310475,1.99460051207,3.31237719604
0.02559256,-0.00549337870897,1.99449512191,3.31272385463
0.02559456,-0.00559794684502,1.99439060008,3.31306762517
0.02559656,-0.00570163100037,1.9942869631,3.31340845416
0.02559856,-0.00580441480209,1.99418422733,3.31374628858
0.02560056,-0.00590628201943,1.99408240901,3.31408107591
0.02560256,-0.00600721656636,1.99398152419,3.31441276408
0.02560456,-0.00610720250417,1.99388158883,3.31474130155
0.02560656,-0.0062062240439,1.99378261869,3.31506663728
0.02560856,-0.0063042655489,1.9936846294,3.31538872072
0.02561056,-0.0064013115373,1.99358763644,3.31570750185
0.02561256,-0.0064973466844,1.99349165513,3.31602293119
0.02561456,-0.00659235582514,1.99339670062,3.31633495977
0.02561656,-0.00668632395647,1.99330278791,3.31664353918
0.02561856,-0.00677923623974,1.99320993183,3.31694862155
0.02562056,-0.00687107800302,1.99311814703,3.31725015955
0.02562256,-0.00696183474343,1.99302744801,3.31754810643
0.02562456,-0.00705149212943,1.99293784911,3.31784241601
0.02562656,-0.00714003600308,1.99284936445,3.31813304267
0.02562856,-0.00722745238228,1.99276200803,3.31841994139
0.02563056,-0.00731372746296,1.99267579362,3.31870306771
0.02563256,-0.00739884762129,1.99259073485,3.31898237781
0.02563456,-0.00748279941581,1.99250684515,3.31925782842
0.02563656,-0.00756556958956,1.99242413777,3.31952937691
0.02563856,-0.00764714507217,1.99234262575,3.31979698126
0.02564056,-0.00772751298192,1.99226232199,3.32006060006
0.02564256,-0.00780666062779,1.99218323916,3.32032019254
0.02564456,-0.00788457551146,1.99210538974,3.32057571853
0.02564656,-0.00796124532925,1.99202878603,3.32082713854
0.02564856,-0.00803665797411,1.99195344012,3.3210744137
0.02565056,-0.00811080153751,1.99187936392,3.32131750578
0.02565256,-0.00818366431133,1.99180656912,3.32155637723
0.02565456,-0.00825523478968,1.99173506722,3.32179099113
0.02565656,-0.00832550167077,1.99166486951,3.32202131126
0.02565856,-0.00839445385862,1.99159598707,3.32224730203
0.02566056,-0.00846208046491,1.99152843077,3.32246892856
0.02566256,-0.00852837081059,1.9914622113,3.32268615663
0.02566456,-0.00859331442765,1.9913973391,3.32289895271
0.02566656,-0.00865690106075,1.99133382442,3.32310728397
0.02566856,-0.00871912066882,1.99127167729,3.32331111825
0.02567056,-0.00877996342666,1.99121090752,3.32351042413
0.02567256,-0.0088394197265,1.99115152471,3.32370517084
0.02567456,-0.00889748017949,1.99109353824,3.32389532837
0.02567656,-0.00895413561721,1.99103695726,3.32408086739
0.02567856,-0.00900937709313,1.9909817907,3.32426175929
0.02568056,-0.00906319588396,1.99092804729,3.3244379762
0.02568256,-0.00911558349109,1.9908757355,3.32460949096
0.02568456,-0.00916653164192,1.9908248636,3.32477627713
0.02568656,-0.00921603229115,1.99077543961,3.32493830902
0.02568856,-0.00926407762204,1.99072747135,3.32509556167
0.02569056,-0.00931066004768,1.99068096639,3.32524801085
0.02569256,-0.00935577221216,1.99063593207,3.32539563309
0.02569456,-0.00939940699176,1.99059237551,3.32553840566
0.02569656,-0.00944155749604,1.99055030358,3.32567630657
0.02569856,-0.00948221706893,1.99050972292,3.32580931458
0.02570056,-0.00952137928983,1.99047063995,3.32593740923
0.02570256,-0.00955903797456,1.99043306083,3.32606057081
0.02570456,-0.00959518717638,1.9903969915,3.32617878034
0.02570656,-0.00962982118692,1.99036243766,3.32629201965
0.02570856,-0.00966293453706,1.99032940476,3.32640027131
0.02571056,-0.00969452199782,1.99029789802,3.32650351866
0.02571256,-0.00972457858118,1.99026792241,3.32660174581
0.02571456,-0.00975309954085,1.99023948267,3.32669493767
0.02571656,-0.00978008037303,1.99021258329,3.32678307989
0.02571856,-0.00980551681715,1.99018722851,3.32686615892
0.02572056,-0.0098294048565,1.99016342235,3.32694416198
0.02572256,-0.00985174071888,1.99014116855,3.32701707707
0.02572456,-0.00987252087719,1.99012047063,3.32708489298
0.02572656,-0.00989174205,1.99010133187,3.32714759928
0.02572856,-0.00990940120208,1.99008375528,3.32720518634
0.02573056,-0.00992549554484,1.99006774364,3.32725764529
0.02573256,-0.00994002253679,1.99005329948,3.32730496807
0.02573456,-0.00995297988395,1.99004042507,3.32734714741
0.02573656,-0.00996436554021,1.99002912246,3.32738417683
0.02573856,-0.00997417770764,1.99001939342,3.32741605062
0.02574056,-0.00998241483679,1.9900112395,3.3274427639
0.02574256,-0.00998907562691,1.99000466198,3.32746431255
0.02574456,-0.0099941590262,1.98999966189,3.32748069326
0.02574656,-0.00999766423191,1.98999624004,3.32749190351
0.02574856,-0.00999959069056,1.98999439695,3.32749794158
0.02575056,-0.00999993809791,1.98999413293,3.32749880655
0.02575256,-0.00999870639911,1.989995448,3.32749449828
0.02575456,-0.00999589578866,1.98999834197,3.32748501743
0.02575656,-0.0099915067104,1.99000281438,3.32747036545
0.02575856,-0.00998553985739,1.99000886451,3.32745054461
0.02576056,-0.00997799617189,1.99001649143,3.32742555795
0.02576256,-0.00996887684512,1.99002569391,3.3273954093
0.02576456,-0.00995818331714,1.99003647051,3.32736010331
0.02576656,-0.00994591727657,1.99004881953,3.3273196454
0.02576856,-0.00993208066037,1.99006273902,3.32727404178
0.02577056,-0.0099166756535,1.99007822677,3.32722329948
0.02577256,-0.00989970468858,1.99009528035,3.32716742629
0.02577456,-0.00988117044553,1.99011389705,3.3271064308
0.02577656,-0.00986107585112,1.99013407395,3.3270403224
0.02577856,-0.00983942407852,1.99015580784,3.32696911124
0.02578056,-0.0098162185468,1.99017909531,3.32689280827
0.02578256,-0.00979146292037,1.99020393268,3.32681142524
0.02578456,-0.00976516110845,1.99023031601,3.32672497465
0.02578656,-0.00973731726438,1.99025824115,3.3266334698
0.02578856,-0.00970793578504,1.99028770369,3.32653692478
0.02579056,-0.0096770213101,1.99031869897,3.32643535442
0.02579256,-0.00964457872131,1.9903512221,3.32632877435
0.02579456,-0.00961061314175,1.99038526795,3.32621720098
0.02579656,-0.00957512993495,1.99042083113,3.32610065147
0.02579856,-0.00953813470415,1.99045790603,3.32597914375
0.02580056,-0.0094996332913,1.9904964868,3.32585269653
0.02580256,-0.00945963177623,1.99053656735,3.32572132926
0.02580456,-0.00941813647565,1.99057814134,3.32558506217
0.02580656,-0.00937515394213,1.99062120221,3.32544391624
0.02580856,-0.00933069096313,1.99066574316,3.32529791319
0.02581056,-0.00928475455987,1.99071175715,3.32514707552
0.02581256,-0.00923735198622,1.99075923693,3.32499142644
0.02581456,-0.00918849072762,1.99080817499,3.32483098994
0.02581656,-0.00913817849981,1.99085856361,3.32466579073
0.02581856,-0.00908642324768,1.99091039482,3.32449585426
0.02582056,-0.00903323314399,1.99096366045,3.32432120671
0.02582256,-0.00897861658807,1.99101835208,3.32414187501
0.02582456,-0.0089225822045,1.99107446108,3.32395788678
0.02582656,-0.00886513884178,1.99113197858,3.3237692704
0.02582856,-0.00880629557086,1.99119089551,3.32357605494
0.02583056,-0.00874606168378,1.99125120255,3.32337827021
0.02583256,-0.00868444669218,1.99131289019,3.3231759467
0.02583456,-0.00862146032577,1.99137594869,3.32296911562
0.02583656,-0.00855711253083,1.99144036808,3.32275780889
0.02583856,-0.00849141346863,1.9915061382,3.32254205911
0.02584056,-0.00842437351381,1.99157324866,3.32232189958
0.02584256,-0.00835600325275,1.99164168886,3.32209736429
0.02584456,-0.0082863134819,1.99171144799,3.3218684879
0.02584656,-0.00821531520611,1.99178251504,3.32163530576
0.02584856,-0.0081430196368,1.99185487879,3.32139785389
0.02585056,-0.0080694381903,1.9919285278,3.32115616896
0.02585256,-0.00799458248597,1.99200345046,3.32091028832
0.02585456,-0.00791846434438,1.99207963492,3.32066024997
0.02585656,-0.00784109578548,1.99215706916,3.32040609256
0.02585856,-0.00776248902666,1.99223574095,3.32014785539
0.02586056,-0.00768265648084,1.99231563786,3.3198855784
0.02586256,-0.00760161075449,1.99239674729,3.31961930214
0.02586456,-0.00751936464569,1.99247905641,3.31934906783
0.02586656,-0.00743593114205,1.99256255224,3.31907491727
0.02586856,-0.00735132341867,1.99264722159,3.3187968929
0.02587056,-0.00726555483611,1.99273305109,3.31851503777
0.02587256,-0.00717863893822,1.99282002719,3.31822939551
0.02587456,-0.00709058945002,1.99290813614,3.31794001038
0.02587656,-0.00700142027555,1.99299736404,3.31764692721
0.02587856,-0.00691114549565,1.9930876968,3.31735019142
0.02588056,-0.00681977936577,1.99317912015,3.31704984899
0.02588256,-0.00672733631366,1.99327161966,3.31674594651
0.02588456,-0.00663383093717,1.99336518072,3.31643853109
0.02588656,-0.00653927800186,1.99345978855,3.31612765042
0.02588856,-0.00644369243876,1.99355542821,3.31581335274
0.02589056,-0.00634708934192,1.99365208461,3.31549568683
0.02589256,-0.0062494839661,1.99374974248,3.31517470201
0.02589456,-0.00615089172431,1.9938483864,3.31485044811
0.02589656,-0.00605132818542,1.99394800078,3.31452297551
0.02589856,-0.00595080907166,1.99404856991,3.31419233507
0.02590056,-0.00584935025616,1.9941500779,3.31385857819
0.02590256,-0.00574696776045,1.99425250872,3.31352175674
0.02590456,-0.0056436777519,1.99435584619,3.3131819231
0.02590656,-0.00553949654122,1.994460074,3.31283913013
0.02590856,-0.00543444057982,1.99456517569,3.31249343116
0.02591056,-0.00532852645725,1.99467113466,3.31214487999
0.02591256,-0.00522177089858,1.99477793418,3.31179353087
0.02591456,-0.00511419076175,1.99488555739,3.31143943852
0.02591656,-0.00500580303492,1.99499398729,3.31108265809
0.02591856,-0.00489662483376,1.99510320675,3.31072324516
0.02592056,-0.00478667339878,1.99521319853,3.31036125576
0.02592256,-0.00467596609258,1.99532394527,3.30999674632
0.02592456,-0.00456452039712,1.99543542946,3.30962977367
0.02592656,-0.00445235391098,1.99554763352,3.30926039507
0.02592856,-0.00433948434655,1.99566053972,3.30888866814
0.02593056,-0.00422592952723,1.99577413023,3.30851465091
0.02593256,-0.00411170738465,1.99588838711,3.30813840178
0.02593456,-0.00399683595581,1.99600329232,3.30775997951
0.02593656,-0.00388133338024,1.99611882772,3.30737944322
0.02593856,-0.00376521789714,1.99623497506,3.30699685237
0.02594056,-0.00364850784248,1.99635171601,3.30661226677
0.02594256,-0.00353122164614,1.99646903212,3.30622574657
0.02594456,-0.00341337782897,1.99658690487,3.30583735223
0.02594656,-0.00329499499986,1.99670531565,3.30544714451
0.02594856,-0.00317609185285,1.99682424575,3.30505518449
0.02595056,-0.00305668716412,1.99694367641,3.30466153355
0.02595256,-0.00293679978905,1.99706358875,3.30426625333
0.02595456,-0.00281644865925,1.99718396385,3.30386940577
0.02595656,-0.00269565277956,1.9973047827,3.30347105306
0.02595856,-0.00257443122504,1.99742602621,3.30307125765
0.02596056,-0.00245280313799,1.99754767524,3.30267008223
0.02596256,-0.0023307877249,1.99766971058,3.30226758975
0.02596456,-0.0022084042534,1.99779211296,3.30186384335
0.02596656,-0.00208567204926,1.99791486305,3.30145890643
0.02596856,-0.00196261049334,1.99803794147,3.30105284256
0.02597056,-0.00183923901846,1.99816132878,3.30064571553
0.02597256,-0.00171557710642,1.9982850055,3.3002375893
0.02597456,-0.00159164428487,1.99840895209,3.29982852804
0.02597656,-0.00146746012424,1.998533149,3.29941859605
0.02597856,-0.00134304423464,1.99865757659,3.29900785782
0.02598056,-0.00121841626279,1.99878221523,3.29859637796
0.02598256,-0.00109359588888,1.99890704523,3.29818422124
0.02598456,-0.000968602823512,1.99903204688,3.29777145255
0.02598656,-0.000843456804525,1.99915720045,3.29735813689
0.02598856,-0.000718177593931,1.99928248616,3.29694433938
0.02599056,-0.000592784974769,1.99940788424,3.29653012523
0.02599256,-0.000467298747988,1.99953337487,3.29611555975
0.02599456,-0.000341738729318,1.99965893826,3.29570070831
0.02599656,-0.000216124746141,1.99978455456,3.29528563634
0.02599856,-9.0476634361e-05,1.99991020394,3.29487040936
0.02600056,3.51857647282e-05,2.00003586657,3.29445509292
0.02600256,0.000160842607577,2.00016152259,3.29403975258
0.02600456,0.000286474051514,2.00028715216,3.29362445396
0.02600656,0.000412060257877,2.00041273545,3.29320926268
0.02600856,0.000537581395149,2.00053825263,3.29279424436
0.02601056,0.000663017642087,2.00066368387,3.29237946464
0.02601256,0.000788349190853,2.00078900936,3.29196498911
0.02601456,0.000913556250143,2.00091420933,3.29155088335
0.02601656,0.00103861904831,2.00103926398,3.29113721291
0.02601856,0.00116351783649,2.00116415359,3.29072404328
0.02602056,0.00128823289172,2.00128885843,3.29031143989
0.02602256,0.00141274452003,2.00141335879,3.28989946811
0.02602456,0.00153703305962,2.00153763504,3.28948819324
0.02602656,0.00166107888386,2.00166166753,3.28907768046
0.02602856,0.00178486240449,2.00178543669,3.28866799489
0.02603056,0.00190836407466,2.00190892297,3.2882592015
0.02603256,0.00203156439202,2.00203210686,3.28785136518
0.02603456,0.00215444390181,2.00215496893,3.28744455065
0.02603656,0.00227698319993,2.00227748976,3.28703882251
0.02603856,0.00239916293601,2.00239965,3.28663424522
0.02604056,0.00252096381645,2.00252143038,3.28623088304
0.02604256,0.00264236660748,2.00264281165,3.28582880009
0.02604456,0.00276335213819,2.00276377466,3.2854280603
0.02604656,0.00288390130356,2.00288430029,3.28502872739
0.02604856,0.00300399506749,2.00300436952,3.2846308649
0.02605056,0.00312361446577,2.00312396338,3.28423453614
0.02605256,0.00324274060912,2.00324306299,3.2838398042
0.02605456,0.00336135468614,2.00336164955,3.28344673194
0.02605656,0.00347943796628,2.00347970433,3.28305538196
0.02605856,0.00359697180284,2.00359720868,3.28266581662
0.02606056,0.00371393763585,2.00371414404,3.282278098
0.02606256,0.00383031699505,2.00383049197,3.28189228793
0.02606456,0.0039460915028,2.00394623407,3.28150844793
0.02606656,0.00406124287695,2.00406135208,3.28112663923
0.02606856,0.00417575293378,2.00417582782,3.28074692276
0.02607056,0.00428960359081,2.0042896432,3.28036935913
0.02607256,0.0044027768697,2.00440278026,3.27999400861
0.02607456,0.00451525489909,2.00451522113,3.27962093117
0.02607656,0.00462701991739,2.00462694806,3.2792501864
0.02607856,0.00473805427561,2.0047379434,3.27888183354
0.02608056,0.00484834044013,2.00484818962,3.27851593148
0.02608256,0.00495786099549,2.00495766932,3.27815253873
0.02608456,0.00506659864712,2.0050663652,3.27779171341
0.02608656,0.0051745362241,2.00517426011,3.27743351323
0.02608856,0.00528165668182,2.005281337,3.27707799553
0.02609056,0.00538794310473,2.00538757897,3.27672521722
0.02609256,0.00549337870896,2.00549296924,3.27637523477
0.02609456,0.005597946845,2.00559749117,3.27602810424
0.02609656,0.00570163100035,2.00570112824,3.27568388125
0.02609856,0.00580441480207,2.00580386411,3.27534262095
0.02610056,0.00590628201941,2.00590568253,3.27500437805
0.02610256,0.00600721656634,2.00600656745,3.27466920677
0.02610456,0.00610720250415,2.00610650291,3.27433716086
0.02610656,0.00620622404388,2.00620547315,3.27400829359
0.02610856,0.00630426554889,2.00630346254,3.27368265773
0.02611056,0.00640131153728,2.00640045559,3.27336030553
0.02611256,0.00649734668438,2.006496437,3.27304128875
0.02611456,0.00659235582512,2.00659139161,3.27272565862
0.02611656,0.00668632395645,2.00668530442,3.27241346581
0.02611856,0.00677923623972,2.00677816061,3.27210476049
0.02612056,0.006871078003,2.00686994551,3.27179959227
0.02612256,0.00696183474341,2.00696064462,3.27149801019
0.02612456,0.00705149212941,2.00705024363,3.27120006272
0.02612656,0.00714003600306,2.00713872838,3.27090579779
0.02612856,0.00722745238226,2.0072260849,3.27061526272
0.02613056,0.00731372746294,2.00731229941,3.27032850425
0.02613256,0.00739884762127,2.00739735828,3.27004556852
0.02613456,0.00748279941579,2.00748124808,3.26976650106
0.02613656,0.00756556958954,2.00756395556,3.2694913468
0.02613856,0.00764714507215,2.00764546767,3.26922015004
0.02614056,0.00772751298191,2.00772577154,3.26895295446
0.02614256,0.00780666062778,2.00780485447,3.26868980308
0.02614456,0.00788457551144,2.00788270399,3.26843073831
0.02614656,0.00796124532923,2.0079593078,3.2681758019
0.02614856,0.00803665797409,2.0080346538,3.26792503492
0.02615056,0.0081108015375,2.0081087301,3.26767847781
0.02615256,0.00818366431132,2.008181525,3.26743617032
0.02615456,0.00825523478967,2.008253027,3.26719815152
0.02615656,0.00832550167075,2.00832322481,3.2669644598
0.02615856,0.00839445385861,2.00839210735,3.26673513286
0.02616056,0.00846208046489,2.00845966374,3.26651020771
0.02616256,0.00852837081057,2.00852588332,3.26628972063
0.02616456,0.00859331442764,2.00859075561,3.26607370722
0.02616656,0.00865690106074,2.00865427039,3.26586220235
0.02616856,0.00871912066881,2.00871641762,3.26565524016
0.02617056,0.00877996342665,2.00877718749,3.26545285408
0.02617256,0.00883941972649,2.0088365704,3.26525507679
0.02617456,0.00889748017948,2.00889455697,3.26506194024
0.02617656,0.0089541356172,2.00895113805,3.26487347562
0.02617856,0.00900937709312,2.00900630471,3.2646897134
0.02618056,0.00906319588395,2.00906004822,3.26451068327
0.02618256,0.00911558349108,2.00911236011,3.26433641416
0.02618456,0.00916653164192,2.00916323211,3.26416693424
0.02618656,0.00921603229114,2.0092126562,3.26400227091
0.02618856,0.00926407762203,2.00926062456,3.26384245079
0.02619056,0.00931066004767,2.00930712962,3.26368749973
0.02619256,0.00935577221216,2.00935216403,3.26353744279
0.02619456,0.00939940699175,2.0093957207,3.26339230423
0.02619656,0.00944155749603,2.00943779273,3.26325210754
0.02619856,0.00948221706892,2.00947837348,3.26311687538
0.02620056,0.00952137928982,2.00951745655,3.26298662965
0.02620256,0.00955903797455,2.00955503577,3.26286139142
0.02620456,0.00959518717638,2.0095911052,3.26274118096
0.02620656,0.00962982118692,2.00962565914,3.26262601771
0.02620856,0.00966293453706,2.00965869214,3.26251592032
0.02621056,0.00969452199782,2.00969019898,3.26241090661
0.02621256,0.00972457858117,2.00972017468,3.26231099358
0.02621456,0.00975309954084,2.00974861452,3.26221619741
0.02621656,0.00978008037303,2.009775514,3.26212653343
0.02621856,0.00980551681715,2.00980086888,3.26204201618
0.02622056,0.0098294048565,2.00982467515,3.26196265933
0.02622256,0.00985174071887,2.00984692904,3.26188847574
0.02622456,0.00987252087718,2.00986762706,3.26181947742
0.02622656,0.00989174205,2.00988676592,3.26175567554
0.02622856,0.00990940120208,2.00990434261,3.26169708044
0.02623056,0.00992549554484,2.00992035435,3.26164370161
0.02623256,0.00994002253678,2.00993479861,3.26159554769
0.02623456,0.00995297988395,2.00994767312,3.26155262649
0.02623656,0.00996436554021,2.00995897583,3.26151494496
0.02623856,0.00997417770764,2.00996870496,3.2614825092
0.02624056,0.00998241483679,2.00997685899,3.26145532446
0.02624256,0.00998907562691,2.00998343661,3.26143339515
0.02624456,0.0099941590262,2.00998843679,3.26141672482
0.02624656,0.00999766423191,2.00999185875,3.26140531618
0.02624856,0.00999959069055,2.00999370193,3.26139917107
0.02625056,0.00999993809791,2.00999396606,3.26139829048
0.02625256,0.00999870639911,2.00999265108,3.26140267457
0.02625456,0.00999589578866,2.00998975721,3.26141232261
0.02625656,0.0099915067104,2.0099852849,3.26142723305
0.02625856,0.00998553985739,2.00997923486,3.26144740347
0.02626056,0.00997799617189,2.00997160805,3.2614728306
0.02626256,0.00996887684513,2.00996240566,3.26150351033
0.02626456,0.00995818331714,2.00995162916,3.26153943768
0.02626656,0.00994591727658,2.00993928024,3.26158060683
0.02626856,0.00993208066037,2.00992536086,3.26162701112
0.02627056,0.0099166756535,2.0099098732,3.26167864302
0.02627256,0.00989970468858,2.00989281973,3.26173549418
0.02627456,0.00988117044553,2.00987420312,3.26179755538
0.02627656,0.00986107585112,2.00985402633,3.26186481658
0.02627856,0.00983942407853,2.00983229253,3.26193726688
0.02628056,0.0098162185468,2.00980900516,3.26201489455
0.02628256,0.00979146292038,2.00978416789,3.26209768701
0.02628456,0.00976516110845,2.00975778465,3.26218563086
0.02628656,0.00973731726438,2.00972985961,3.26227871187
0.02628856,0.00970793578504,2.00970039717,3.26237691495
0.02629056,0.0096770213101,2.00966940199,3.26248022422
0.02629256,0.00964457872132,2.00963687896,3.26258862294
0.02629456,0.00961061314175,2.00960283321,3.26270209357
0.02629656,0.00957512993496,2.00956727013,3.26282061775
0.02629856,0.00953813470415,2.00953019533,3.26294417628
0.02630056,0.00949963329131,2.00949161466,3.26307274919
0.02630256,0.00945963177624,2.00945153421,3.26320631565
0.02630456,0.00941813647565,2.00940996032,3.26334485407
0.02630656,0.00937515394214,2.00936689955,3.26348834202
0.02630856,0.00933069096314,2.0093223587,3.26363675631
0.02631056,0.00928475455988,2.0092763448,3.26379007291
0.02631256,0.00923735198623,2.00922886513,3.26394826703
0.02631456,0.00918849072762,2.00917992716,3.2641113131
0.02631656,0.00913817849982,2.00912953865,3.26427918476
0.02631856,0.00908642324769,2.00907770753,3.26445185485
0.02632056,0.009033233144,2.009024442,3.26462929547
0.02632256,0.00897861658808,2.00896975047,3.26481147794
0.02632456,0.00892258220451,2.00891364157,3.26499837282
0.02632656,0.00886513884179,2.00885612417,3.26518994991
0.02632856,0.00880629557087,2.00879720734,3.26538617826
0.02633056,0.00874606168379,2.0087369004,3.26558702616
0.02633256,0.00868444669219,2.00867521285,3.26579246119
0.02633456,0.00862146032578,2.00861215446,3.26600245016
0.02633656,0.00855711253085,2.00854773516,3.26621695916
0.02633856,0.00849141346864,2.00848196514,3.26643595358
0.02634056,0.00842437351382,2.00841485478,3.26665939806
0.02634256,0.00835600325276,2.00834641469,3.26688725654
0.02634456,0.00828631348192,2.00827665565,3.26711949225
0.02634656,0.00821531520612,2.0082055887,3.26735606773
0.02634856,0.00814301963682,2.00813322505,3.26759694482
0.02635056,0.00806943819032,2.00805957614,3.26784208467
0.02635256,0.00799458248598,2.00798465358,3.26809144776
0.02635456,0.00791846434439,2.00790846922,3.26834499388
0.02635656,0.0078410957855,2.00783103508,3.26860268217
0.02635856,0.00776248902667,2.00775236339,3.2688644711
0.02636056,0.00768265648085,2.00767246657,3.2691303185
0.02636256,0.00760161075451,2.00759135725,3.26940018153
0.02636456,0.00751936464571,2.00750904822,3.26967401675
0.02636656,0.00743593114206,2.00742555249,3.26995178004
0.02636856,0.00735132341869,2.00734088324,3.27023342671
0.02637056,0.00726555483613,2.00725505384,3.27051891141
0.02637256,0.00717863893823,2.00716807784,3.27080818821
0.02637456,0.00709058945003,2.00707996899,3.27110121056
0.02637656,0.00700142027556,2.00699074119,3.27139793135
0.02637856,0.00691114549567,2.00690040853,3.27169830284
0.02638056,0.00681977936578,2.00680898527,3.27200227675
0.02638256,0.00672733631368,2.00671648587,3.27230980423
0.02638456,0.00663383093718,2.00662292491,3.27262083584
0.02638656,0.00653927800188,2.00652831718,3.27293532162
0.02638856,0.00644369243878,2.00643267761,3.27325321105
0.02639056,0.00634708934194,2.00633602131,3.2735744531
0.02639256,0.00624948396612,2.00623836354,3.27389899617
0.02639456,0.00615089172433,2.00613971972,3.27422678819
0.02639656,0.00605132818544,2.00604010544,3.27455777655
0.02639856,0.00595080907168,2.00593953641,3.27489190816
0.02640056,0.00584935025618,2.00583802852,3.27522912942
0.02640256,0.00574696776046,2.0057355978,3.27556938626
0.02640456,0.00564367775192,2.00563226042,3.27591262414
0.02640656,0.00553949654124,2.00552803271,3.27625878806
0.02640856,0.00543444057983,2.00542293112,3.27660782255
0.02641056,0.00532852645727,2.00531697225,3.2769596717
0.02641256,0.0052217708986,2.00521017283,3.27731427918
0.02641456,0.00511419076177,2.00510254972,3.27767158821
0.02641656,0.00500580303494,2.00499411993,3.27803154161
0.02641856,0.00489662483378,2.00488490056,3.27839408179
0.02642056,0.0047866733988,2.00477490888,3.27875915075
0.02642256,0.0046759660926,2.00466416224,3.27912669013
0.02642456,0.00456452039714,2.00455267814,3.27949664115
0.02642656,0.004452353911,2.00444047418,3.27986894471
0.02642856,0.00433948434657,2.00432756809,3.2802435413
0.02643056,0.00422592952725,2.00421397768,3.28062037111
0.02643256,0.00411170738467,2.00409972089,3.28099937395
0.02643456,0.00399683595583,2.00398481578,3.28138048932
0.02643656,0.00388133338026,2.00386928048,3.28176365641
0.02643856,0.00376521789716,2.00375313324,3.28214881408
0.02644056,0.0036485078425,2.00363639239,3.28253590091
0.02644256,0.00353122164616,2.00351907638,3.28292485517
0.02644456,0.00341337782899,2.00340120373,3.28331561486
0.02644656,0.00329499499989,2.00328279305,3.28370811772
0.02644856,0.00317609185288,2.00316386304,3.28410230123
0.02645056,0.00305668716414,2.00304443249,3.28449810261
0.02645256,0.00293679978908,2.00292452024,3.28489545884
0.02645456,0.00281644865928,2.00280414524,3.28529430669
0.02645656,0.00269565277958,2.0026833265,3.28569458269
0.02645856,0.00257443122507,2.00256208309,3.28609622319
0.02646056,0.00245280313802,2.00244043416,3.28649916432
0.02646256,0.00233078772492,2.00231839891,3.28690334203
0.02646456,0.00220840425342,2.00219599663,3.2873086921
0.02646656,0.00208567204929,2.00207324664,3.28771515013
0.02646856,0.00196261049336,2.00195016832,3.28812265158
0.02647056,0.00183923901848,2.00182678111,3.28853113176
0.02647256,0.00171557710645,2.00170310449,3.28894052584
0.02647456,0.0015916442849,2.00157915799,3.28935076887
0.02647656,0.00146746012426,2.00145496119,3.28976179578
0.02647856,0.00134304423466,2.00133053369,3.29017354141
0.02648056,0.00121841626281,2.00120589515,3.2905859405
0.02648256,0.00109359588891,2.00108106525,3.2909989277
0.02648456,0.000968602823534,2.00095606369,3.29141243761
0.02648656,0.000843456804548,2.00083091023,3.29182640474
0.02648856,0.000718177593954,2.00070562462,3.29224076357
0.02649056,0.000592784974792,2.00058022664,3.29265544853
0.02649256,0.000467298748011,2.0004547361,3.29307039402
0.02649456,0.000341738729341,2.00032917282,3.29348553443
0.02649656,0.000216124746164,2.00020355661,3.29390080413
0.02649856,9.04766343844e-05,2.00007790733,3.2943161375
0.02650056,-3.5185764705e-05,1.9999522448,3.29473146892
0.02650256,-0.000160842607554,1.99982658888,3.2951467328
0.02650456,-0.000286474051491,1.99970095941,3.29556186357
0.02650656,-0.000412060257855,1.99957537622,3.29597679574
0.02650856,-0.000537581395126,1.99944985914,3.29639146382
0.02651056,-0.000663017642064,1.999324428,3.29680580242
0.02651256,-0.00078834919083,1.9991991026,3.29721974622
0.02651456,-0.00091355625012,1.99907390274,3.29763322997
0.02651656,-0.00103861904829,1.99894884818,3.29804618851
0.02651856,-0.00116351783647,1.99882395867,3.29845855682
0.02652056,-0.00128823289169,1.99869925394,3.29887026995
0.02652256,-0.00141274452001,1.99857475367,3.29928126311
0.02652456,-0.00153703305959,1.99845047752,3.29969147161
0.02652656,-0.00166107888384,1.99832644513,3.30010083094
0.02652856,-0.00178486240447,1.99820267607,3.30050927672
0.02653056,-0.00190836407464,1.99807918989,3.30091674475
0.02653256,-0.002031564392,1.99795600609,3.30132317099
0.02653456,-0.00215444390178,1.99783314413,3.30172849159
0.02653656,-0.00227698319991,1.9977106234,3.30213264291
0.02653856,-0.00239916293599,1.99758846325,3.3025355615
0.02654056,-0.00252096381643,1.99746668297,3.30293718411
0.02654256,-0.00264236660746,1.9973453018,3.30333744775
0.02654456,-0.00276335213817,1.99722433889,3.30373628963
0.02654656,-0.00288390130354,1.99710381336,3.30413364721
0.02654856,-0.00300399506747,1.99698374423,3.30452945822
0.02655056,-0.00312361446575,1.99686415047,3.30492366065
0.02655256,-0.0032427406091,1.99674505095,3.30531619273
0.02655456,-0.00336135468612,1.9966264645,3.30570699301
0.02655656,-0.00347943796626,1.99650840982,3.30609600031
0.02655856,-0.00359697180281,1.99639090557,3.30648315376
0.02656056,-0.00371393763582,1.9962739703,3.30686839279
0.02656256,-0.00383031699503,1.99615762248,3.30725165715
0.02656456,-0.00394609150278,1.99604188047,3.30763288692
0.02656656,-0.00406124287693,1.99592676256,3.30801202252
0.02656856,-0.00417575293376,1.99581228692,3.30838900471
0.02657056,-0.00428960359079,1.99569847164,3.30876377462
0.02657256,-0.00440277686968,1.99558533468,3.30913627371
0.02657456,-0.00451525489907,1.9954728939,3.30950644384
0.02657656,-0.00462701991737,1.99536116708,3.30987422725
0.02657856,-0.00473805427559,1.99525017184,3.31023956656
0.02658056,-0.00484834044011,1.99513992572,3.31060240479
0.02658256,-0.00495786099547,1.99503044612,3.31096268538
0.02658456,-0.0050665986471,1.99492175033,3.31132035215
0.02658656,-0.00517453622408,1.99481385552,3.31167534939
0.02658856,-0.0052816566818,1.99470677873,3.3120276218
0.02659056,-0.00538794310471,1.99460053686,3.31237711451
0.02659256,-0.00549337870894,1.99449514669,3.31272377312
0.02659456,-0.00559794684499,1.99439062486,3.31306754366
0.02659656,-0.00570163100034,1.99428698788,3.31340837266
0.02659856,-0.00580441480205,1.99418425212,3.31374620709
0.02660056,-0.00590628201939,1.99408243379,3.31408099442
0.02660256,-0.00600721656633,1.99398154898,3.3144126826
0.02660456,-0.00610720250413,1.99388161361,3.31474122008
0.02660656,-0.00620622404386,1.99378264347,3.31506655582
0.02660856,-0.00630426554887,1.99368465418,3.31538863926
0.02661056,-0.00640131153727,1.99358766123,3.31570742041
0.02661256,-0.00649734668437,1.99349167992,3.31602284975
0.02661456,-0.0065923558251,1.99339672541,3.31633487834
0.02661656,-0.00668632395644,1.99330281269,3.31664345776
0.02661856,-0.00677923623971,1.99320995661,3.31694854013
0.02662056,-0.00687107800299,1.99311817181,3.31725007814
0.02662256,-0.0069618347434,1.9930274728,3.31754802503
0.02662456,-0.0070514921294,1.99293787389,3.31784233461
0.02662656,-0.00714003600305,1.99284938923,3.31813296128
0.02662856,-0.00722745238224,1.99276203281,3.31841986
0.02663056,-0.00731372746292,1.9926758184,3.31870298634
0.02663256,-0.00739884762126,1.99259075963,3.31898229644
0.02663456,-0.00748279941578,1.99250686993,3.31925774706
0.02663656,-0.00756556958953,1.99242416254,3.31952929556
0.02663856,-0.00764714507214,1.99234265053,3.31979689992
0.02664056,-0.00772751298189,1.99226234677,3.32006051872
0.02664256,-0.00780666062777,1.99218326393,3.3203201112
0.02664456,-0.00788457551143,1.99210541451,3.3205756372
0.02664656,-0.00796124532922,1.9920288108,3.32082705722
0.02664856,-0.00803665797408,1.9919534649,3.32107433238
0.02665056,-0.00811080153748,1.9918793887,3.32131742447
0.02665256,-0.0081836643113,1.9918065939,3.32155629592
0.02665456,-0.00825523478966,1.991735092,3.32179090983
0.02665656,-0.00832550167074,1.99166489428,3.32202122996
0.02665856,-0.0083944538586,1.99159601184,3.32224722074
0.02666056,-0.00846208046488,1.99152845555,3.32246884728
0.02666256,-0.00852837081056,1.99146223608,3.32268607535
0.02666456,-0.00859331442763,1.99139736388,3.32289887144
0.02666656,-0.00865690106073,1.9913338492,3.3231072027
0.02666856,-0.0087191206688,1.99127170207,3.32331103699
0.02667056,-0.00877996342664,1.9912109323,3.32351034287
0.02667256,-0.00883941972647,1.99115154949,3.32370508959
0.02667456,-0.00889748017947,1.99109356301,3.32389524712
0.02667656,-0.00895413561719,1.99103698203,3.32408078615
0.02667856,-0.00900937709311,1.99098181548,3.32426167806
0.02668056,-0.00906319588394,1.99092807206,3.32443789497
0.02668256,-0.00911558349107,1.99087576027,3.32460940973
0.02668456,-0.00916653164191,1.99082488837,3.32477619591
0.02668656,-0.00921603229113,1.99077546439,3.3249382278
0.02668856,-0.00926407762202,1.99072749613,3.32509548045
0.02669056,-0.00931066004766,1.99068099116,3.32524792964
0.02669256,-0.00935577221215,1.99063595685,3.32539555189
0.02669456,-0.00939940699175,1.99059240028,3.32553832446
0.02669656,-0.00944155749602,1.99055032835,3.32567622537
0.02669856,-0.00948221706892,1.99050974769,3.32580923339
0.02670056,-0.00952137928981,1.99047066472,3.32593732804
0.02670256,-0.00955903797455,1.9904330856,3.32606048962
0.02670456,-0.00959518717637,1.99039701628,3.32617869916
0.02670656,-0.00962982118691,1.99036246243,3.32629193847
0.02670856,-0.00966293453705,1.99032942953,3.32640019013
0.02671056,-0.00969452199781,1.99029792279,3.32650343748
0.02671256,-0.00972457858117,1.99026794719,3.32660166464
0.02671456,-0.00975309954083,1.99023950744,3.3266948565
0.02671656,-0.00978008037302,1.99021260806,3.32678299872
0.02671856,-0.00980551681715,1.99018725329,3.32686607775
0.02672056,-0.00982940485649,1.99016344712,3.32694408081
0.02672256,-0.00985174071887,1.99014119332,3.3270169959
0.02672456,-0.00987252087718,1.9901204954,3.32708481182
0.02672656,-0.00989174205,1.99010135664,3.32714751812
0.02672856,-0.00990940120208,1.99008378005,3.32720510518
0.02673056,-0.00992549554483,1.99006776841,3.32725756414
0.02673256,-0.00994002253678,1.99005332425,3.32730488692
0.02673456,-0.00995297988395,1.99004044984,3.32734706627
0.02673656,-0.00996436554021,1.99002914723,3.32738409568
0.02673856,-0.00997417770764,1.99001941819,3.32741596948
0.02674056,-0.00998241483678,1.99001126427,3.32744268275
0.02674256,-0.00998907562691,1.99000468675,3.3274642314
0.02674456,-0.00999415902619,1.98999968666,3.32748061211
0.02674656,-0.00999766423191,1.98999626481,3.32749182237
0.02674856,-0.00999959069055,1.98999442172,3.32749786044
0.02675056,-0.00999993809791,1.98999415769,3.32749872541
0.02675256,-0.00999870639911,1.98999547277,3.32749441714
0.02675456,-0.00999589578866,1.98999836674,3.32748493629
0.02675656,-0.0099915067104,1.99000283914,3.32747028431
0.02675856,-0.0099855398574,1.99000888928,3.32745046347
0.02676056,-0.00997799617189,1.99001651619,3.32742547681
0.02676256,-0.00996887684513,1.99002571868,3.32739532816
0.02676456,-0.00995818331715,1.99003649528,3.32736002217
0.02676656,-0.00994591727658,1.9900488443,3.32731956426
0.02676856,-0.00993208066038,1.99006276378,3.32727396064
0.02677056,-0.0099166756535,1.99007825154,3.32722321834
0.02677256,-0.00989970468859,1.99009530511,3.32716734515
0.02677456,-0.00988117044554,1.99011392182,3.32710634966
0.02677656,-0.00986107585113,1.99013409871,3.32704024126
0.02677856,-0.00983942407853,1.99015583261,3.32696903009
0.02678056,-0.00981621854681,1.99017912008,3.32689272713
0.02678256,-0.00979146292038,1.99020395744,3.32681134409
0.02678456,-0.00976516110846,1.99023034078,3.3267248935
0.02678656,-0.00973731726439,1.99025826592,3.32663338866
0.02678856,-0.00970793578505,1.99028772846,3.32653684363
0.02679056,-0.00967702131011,1.99031872374,3.32643527327
0.02679256,-0.00964457872133,1.99035124687,3.3263286932
0.02679456,-0.00961061314176,1.99038529271,3.32621711983
0.02679656,-0.00957512993497,1.99042085589,3.32610057031
0.02679856,-0.00953813470416,1.9904579308,3.32597906259
0.02680056,-0.00949963329131,1.99049651157,3.32585261537
0.02680256,-0.00945963177625,1.99053659211,3.3257212481
0.02680456,-0.00941813647566,1.9905781661,3.32558498101
0.02680656,-0.00937515394215,1.99062122697,3.32544383507
0.02680856,-0.00933069096315,1.99066576792,3.32529783202
0.02681056,-0.00928475455988,1.99071178191,3.32514699435
0.02681256,-0.00923735198624,1.99075926169,3.32499134527
0.02681456,-0.00918849072763,1.99080819975,3.32483090877
0.02681656,-0.00913817849983,1.99085858837,3.32466570955
0.02681856,-0.0090864232477,1.99091041958,3.32449577308
0.02682056,-0.00903323314401,1.99096368521,3.32432112553
0.02682256,-0.00897861658809,1.99101837684,3.32414179382
0.02682456,-0.00892258220452,1.99107448584,3.32395780559
0.02682656,-0.0088651388418,1.99113200334,3.3237691892
0.02682856,-0.00880629557088,1.99119092027,3.32357597374
0.02683056,-0.00874606168381,1.99125122731,3.323378189
0.02683256,-0.0086844466922,1.99131291495,3.32317586549
0.02683456,-0.0086214603258,1.99137597345,3.32296903441
0.02683656,-0.00855711253086,1.99144039284,3.32275772767
0.02683856,-0.00849141346866,1.99150616296,3.32254197789
0.02684056,-0.00842437351383,1.99157327342,3.32232181836
0.02684256,-0.00835600325277,1.99164171362,3.32209728306
0.02684456,-0.00828631348193,1.99171147275,3.32186840667
0.02684656,-0.00821531520613,1.9917825398,3.32163522453
0.02684856,-0.00814301963683,1.99185490355,3.32139777264
0.02685056,-0.00806943819033,1.99192855256,3.32115608771
0.02685256,-0.00799458248599,1.99200347522,3.32091020706
0.02685456,-0.00791846434441,1.99207965968,3.32066016871
0.02685656,-0.00784109578551,1.99215709392,3.3204060113
0.02685856,-0.00776248902669,1.9922357657,3.32014777413
0.02686056,-0.00768265648087,1.99231566262,3.31988549713
0.02686256,-0.00760161075452,1.99239677204,3.31961922087
0.02686456,-0.00751936464572,1.99247908117,3.31934898655
0.02686656,-0.00743593114208,1.992562577,3.31907483598
0.02686856,-0.0073513234187,1.99264724635,3.31879681161
0.02687056,-0.00726555483614,1.99273307585,3.31851495647
0.02687256,-0.00717863893825,1.99282005194,3.31822931421
0.02687456,-0.00709058945005,1.99290816089,3.31793992908
0.02687656,-0.00700142027558,1.9929973888,3.3176468459
0.02687856,-0.00691114549568,1.99308772155,3.3173501101
0.02688056,-0.0068197793658,1.99317914491,3.31704976767
0.02688256,-0.00672733631369,1.99327164441,3.31674586518
0.02688456,-0.0066338309372,1.99336520547,3.31643844975
0.02688656,-0.0065392780019,1.9934598133,3.31612756908
0.02688856,-0.0064436924388,1.99355545297,3.31581327139
0.02689056,-0.00634708934196,1.99365210937,3.31549560548
0.02689256,-0.00624948396614,1.99374976723,3.31517462065
0.02689456,-0.00615089172435,1.99384841115,3.31485036674
0.02689656,-0.00605132818546,1.99394802554,3.31452289413
0.02689856,-0.00595080907169,1.99404859466,3.31419225369
0.02690056,-0.0058493502562,1.99415010265,3.3138584968
0.02690256,-0.00574696776048,1.99425253347,3.31352167534
0.02690456,-0.00564367775194,1.99435587094,3.3131818417
0.02690656,-0.00553949654126,1.99446009875,3.31283904872
0.02690856,-0.00543444057985,1.99456520044,3.31249334974
0.02691056,-0.00532852645728,1.99467115941,3.31214479856
0.02691256,-0.00522177089862,1.99477795894,3.31179344944
0.02691456,-0.00511419076179,1.99488558214,3.31143935708
0.02691656,-0.00500580303496,1.99499401204,3.31108257664
0.02691856,-0.0048966248338,1.9951032315,3.31072316371
0.02692056,-0.00478667339882,1.99521322328,3.3103611743
0.02692256,-0.00467596609262,1.99532397002,3.30999666485
0.02692456,-0.00456452039716,1.99543545421,3.3096296922
0.02692656,-0.00445235391102,1.99554765827,3.30926031359
0.02692856,-0.00433948434659,1.99566056447,3.30888858665
0.02693056,-0.00422592952727,1.99577415498,3.30851456942
0.02693256,-0.00411170738469,1.99588841186,3.30813832028
0.02693456,-0.00399683595585,1.99600331707,3.307759898
0.02693656,-0.00388133338029,1.99611885247,3.3073793617
0.02693856,-0.00376521789718,1.99623499981,3.30699677084
0.02694056,-0.00364850784252,1.99635174076,3.30661218524
0.02694256,-0.00353122164618,1.99646905687,3.30622566503
0.02694456,-0.00341337782901,1.99658692962,3.30583727068
0.02694656,-0.00329499499991,1.99670534039,3.30544706295
0.02694856,-0.0031760918529,1.9968242705,3.30505510293
0.02695056,-0.00305668716417,1.99694370116,3.30466145198
0.02695256,-0.0029367997891,1.9970636135,3.30426617175
0.02695456,-0.0028164486593,1.9971839886,3.30386932418
0.02695656,-0.00269565277961,1.99730480744,3.30347097146
0.02695856,-0.00257443122509,1.99742605095,3.30307117604
0.02696056,-0.00245280313804,1.99754769998,3.30267000062
0.02696256,-0.00233078772494,1.99766973532,3.30226750813
0.02696456,-0.00220840425344,1.9977921377,3.30186376172
0.02696656,-0.00208567204931,1.99791488779,3.30145882479
0.02696856,-0.00196261049338,1.99803796621,3.30105276091
0.02697056,-0.00183923901851,1.99816135352,3.30064563387
0.02697256,-0.00171557710647,1.99828503024,3.30023750764
0.02697456,-0.00159164428492,1.99840897684,3.29982844637
0.02697656,-0.00146746012429,1.99853317374,3.29941851438
0.02697856,-0.00134304423469,1.99865760134,3.29900777613
0.02698056,-0.00121841626283,1.99878223997,3.29859629627
0.02698256,-0.00109359588893,1.99890706998,3.29818413954
0.02698456,-0.000968602823557,1.99903207163,3.29777137084
0.02698656,-0.000843456804571,1.99915722519,3.29735805517
0.02698856,-0.000718177593977,1.9992825109,3.29694425765
0.02699056,-0.000592784974815,1.99940790898,3.2965300435
0.02699256,-0.000467298748035,1.99953339962,3.29611547801
0.02699456,-0.000341738729364,1.999658963,3.29570062655
0.02699656,-0.000216124746187,1.9997845793,3.29528555458
0.02699856,-9.04766344073e-05,1.99991022869,3.2948703276
0.02700056,3.51857646819e-05,2.00003589131,3.29445501114
0.02700256,0.000160842607531,2.00016154733,3.29403967079
0.02700456,0.000286474051468,2.0002871769,3.29362437216
0.02700656,0.000412060257831,2.00041276019,3.29320918087
0.02700856,0.000537581395103,2.00053827737,3.29279416255
0.02701056,0.000663017642041,2.00066370861,3.29237938282
0.02701256,0.000788349190807,2.0007890341,3.29196490728
0.02701456,0.000913556250097,2.00091423407,3.29155080152
0.02701656,0.00103861904826,2.00103928872,3.29113713107
0.02701856,0.00116351783644,2.00116417833,3.29072396143
0.02702056,0.00128823289167,2.00128888317,3.29031135803
0.02702256,0.00141274451999,2.00141338353,3.28989938624
0.02702456,0.00153703305957,2.00153765978,3.28948811136
0.02702656,0.00166107888381,2.00166169227,3.28907759858
0.02702856,0.00178486240445,2.00178546143,3.28866791299
0.02703056,0.00190836407461,2.00190894771,3.2882591196
0.02703256,0.00203156439197,2.0020321316,3.28785128327
0.02703456,0.00215444390176,2.00215499367,3.28744446873
0.02703656,0.00227698319988,2.00227751449,3.28703874059
0.02703856,0.00239916293596,2.00239967474,3.28663416328
0.02704056,0.0025209638164,2.00252145512,3.2862308011
0.02704256,0.00264236660743,2.00264283639,3.28582871814
0.02704456,0.00276335213815,2.00276379939,3.28542797834
0.02704656,0.00288390130352,2.00288432503,3.28502864543
0.02704856,0.00300399506745,2.00300439425,3.28463078293
0.02705056,0.00312361446573,2.00312398812,3.28423445416
0.02705256,0.00324274060908,2.00324308773,3.28383972221
0.02705456,0.00336135468609,2.00336167429,3.28344664994
0.02705656,0.00347943796624,2.00347972906,3.28305529995
0.02705856,0.00359697180279,2.00359723341,3.2826657346
0.02706056,0.0037139376358,2.00371416878,3.28227801598
0.02706256,0.00383031699501,2.0038305167,3.28189220591
0.02706456,0.00394609150275,2.00394625881,3.2815083659
0.02706656,0.00406124287691,2.00406137682,3.28112655719
0.02706856,0.00417575293373,2.00417585255,3.28074684071
0.02707056,0.00428960359076,2.00428966794,3.28036927707
0.02707256,0.00440277686966,2.004402805,3.27999392655
0.02707456,0.00451525489905,2.00451524587,3.2796208491
0.02707656,0.00462701991735,2.00462697279,3.27925010432
0.02707856,0.00473805427557,2.00473796813,3.27888175145
0.02708056,0.00484834044009,2.00484821435,3.27851584939
0.02708256,0.00495786099545,2.00495769405,3.27815245663
0.02708456,0.00506659864708,2.00506638993,3.2777916313
0.02708656,0.00517453622406,2.00517428484,3.27743343112
0.02708856,0.00528165668178,2.00528136173,3.27707791341
0.02709056,0.00538794310469,2.0053876037,3.27672513509
0.02709256,0.00549337870892,2.00549299397,3.27637515263
0.02709456,0.00559794684497,2.0055975159,3.2760280221
0.02709656,0.00570163100032,2.00570115297,3.2756837991
0.02709856,0.00580441480204,2.00580388884,3.2753425388
0.02710056,0.00590628201937,2.00590570727,3.27500429588
0.02710256,0.00600721656631,2.00600659218,3.2746691246
0.02710456,0.00610720250411,2.00610652765,3.27433707868
0.02710656,0.00620622404384,2.00620549788,3.27400821141
0.02710856,0.00630426554885,2.00630348727,3.27368257554
0.02711056,0.00640131153725,2.00640048032,3.27336022334
0.02711256,0.00649734668435,2.00649646173,3.27304120655
0.02711456,0.00659235582509,2.00659141634,3.27272557641
0.02711656,0.00668632395642,2.00668532915,3.2724133836
0.02711856,0.00677923623969,2.00677818534,3.27210467828
0.02712056,0.00687107800297,2.00686997023,3.27179951005
0.02712256,0.00696183474338,2.00696066935,3.27149792796
0.02712456,0.00705149212938,2.00705026835,3.27119998049
0.02712656,0.00714003600303,2.00713875311,3.27090571555
0.02712856,0.00722745238223,2.00722610963,3.27061518048
0.02713056,0.00731372746291,2.00731232414,3.270328422
0.02713256,0.00739884762124,2.007397383,3.27004548626
0.02713456,0.00748279941576,2.0074812728,3.2697664188
0.02713656,0.00756556958951,2.00756398029,3.26949126453
0.02713856,0.00764714507212,2.0076454924,3.26922006777
0.02714056,0.00772751298188,2.00772579626,3.26895287218
0.02714256,0.00780666062775,2.0078048792,3.2686897208
0.02714456,0.00788457551141,2.00788272872,3.26843065602
0.02714656,0.0079612453292,2.00795933253,3.2681757196
0.02714856,0.00803665797407,2.00803467853,3.26792495263
0.02715056,0.00811080153747,2.00810875483,3.26767839551
0.02715256,0.00818366431129,2.00818154972,3.26743608801
0.02715456,0.00825523478964,2.00825305173,3.26719806921
0.02715656,0.00832550167073,2.00832324954,3.26696437749
0.02715856,0.00839445385859,2.00839213208,3.26673505054
0.02716056,0.00846208046487,2.00845968847,3.26651012538
0.02716256,0.00852837081055,2.00852590804,3.2662896383
0.02716456,0.00859331442762,2.00859078034,3.26607362489
0.02716656,0.00865690106072,2.00865429512,3.26586212001
0.02716856,0.00871912066879,2.00871644235,3.26565515782
0.02717056,0.00877996342663,2.00877721222,3.26545277174
0.02717256,0.00883941972646,2.00883659512,3.26525499444
0.02717456,0.00889748017945,2.0088945817,3.26506185789
0.02717656,0.00895413561718,2.00895116278,3.26487339327
0.02717856,0.0090093770931,2.00900632943,3.26468963105
0.02718056,0.00906319588393,2.00906007295,3.26451060091
0.02718256,0.00911558349106,2.00911238483,3.2643363318
0.02718456,0.0091665316419,2.00916325684,3.26416685187
0.02718656,0.00921603229112,2.00921268092,3.26400218854
0.02718856,0.00926407762201,2.00926064928,3.26384236842
0.02719056,0.00931066004765,2.00930715434,3.26368741736
0.02719256,0.00935577221214,2.00935218875,3.26353736041
0.02719456,0.00939940699174,2.00939574542,3.26339222185
0.02719656,0.00944155749601,2.00943781745,3.26325202515
0.02719856,0.00948221706891,2.0094783982,3.263116793
0.02720056,0.00952137928981,2.00951748128,3.26298654727
0.02720256,0.00955903797454,2.00955506049,3.26286130904
0.02720456,0.00959518717636,2.00959112992,3.26274109857
0.02720656,0.0096298211869,2.00962568386,3.26262593532
0.02720856,0.00966293453705,2.00965871686,3.26251583793
0.02721056,0.00969452199781,2.0096902237,3.26241082422
0.02721256,0.00972457858116,2.0097201994,3.26231091118
0.02721456,0.00975309954083,2.00974863924,3.26221611501
0.02721656,0.00978008037302,2.00977553872,3.26212645103
0.02721856,0.00980551681714,2.0098008936,3.26204193378
0.02722056,0.00982940485649,2.00982469987,3.26196257693
0.02722256,0.00985174071886,2.00984695376,3.26188839334
0.02722456,0.00987252087717,2.00986765178,3.26181939502
0.02722656,0.00989174204999,2.00988679064,3.26175559314
0.02722856,0.00990940120207,2.00990436733,3.26169699804
0.02723056,0.00992549554483,2.00992037907,3.26164361921
0.02723256,0.00994002253678,2.00993482333,3.26159546529
0.02723456,0.00995297988394,2.00994769783,3.26155254409
0.02723656,0.0099643655402,2.00995900055,3.26151486255
0.02723856,0.00997417770764,2.00996872968,3.26148242679
0.02724056,0.00998241483678,2.0099768837,3.26145524205
0.02724256,0.00998907562691,2.00998346133,3.26143331274
0.02724456,0.00999415902619,2.00998846151,3.26141664242
0.02724656,0.00999766423191,2.00999188346,3.26140523378
0.02724856,0.00999959069055,2.00999372665,3.26139908867
0.02725056,0.00999993809791,2.00999399077,3.26139820808
0.02725256,0.00999870639911,2.0099926758,3.26140259217
0.02725456,0.00999589578866,2.00998978193,3.26141224021
0.02725656,0.0099915067104,2.00998530962,3.26142715065
0.02725856,0.0099855398574,2.00997925958,3.26144732107
0.02726056,0.0099779961719,2.00997163276,3.2614727482
0.02726256,0.00996887684513,2.00996243038,3.26150342793
0.02726456,0.00995818331715,2.00995165388,3.26153935528
0.02726656,0.00994591727658,2.00993930496,3.26158052444
0.02726856,0.00993208066038,2.00992538557,3.26162692872
0.02727056,0.00991667565351,2.00990989792,3.26167856063
0.02727256,0.00989970468859,2.00989284444,3.26173541179
0.02727456,0.00988117044554,2.00987422783,3.261797473
0.02727656,0.00986107585113,2.00985405104,3.2618647342
0.02727856,0.00983942407853,2.00983231724,3.2619371845
0.02728056,0.00981621854681,2.00980902987,3.26201481217
0.02728256,0.00979146292039,2.0097841926,3.26209760463
0.02728456,0.00976516110846,2.00975780937,3.26218554849
0.02728656,0.0097373172644,2.00972988432,3.2622786295
0.02728856,0.00970793578505,2.00970042189,3.26237683258
0.02729056,0.00967702131012,2.0096694267,3.26248014185
0.02729256,0.00964457872133,2.00963690367,3.26258854057
0.02729456,0.00961061314177,2.00960285793,3.26270201121
0.02729656,0.00957512993497,2.00956729484,3.26282053539
0.02729856,0.00953813470417,2.00953022004,3.26294409393
0.02730056,0.00949963329132,2.00949163937,3.26307266684
0.02730256,0.00945963177625,2.00945155892,3.26320623331
0.02730456,0.00941813647567,2.00940998503,3.26334477173
0.02730656,0.00937515394216,2.00936692426,3.26348825969
0.02730856,0.00933069096316,2.00932238341,3.26363667397
0.02731056,0.00928475455989,2.00927636951,3.26378999058
0.02731256,0.00923735198625,2.00922888984,3.26394818471
0.02731456,0.00918849072764,2.00917995187,3.26411123078
0.02731656,0.00913817849983,2.00912956336,3.26427910244
0.02731856,0.00908642324771,2.00907773224,3.26445177253
0.02732056,0.00903323314402,2.00902446671,3.26462921316
0.02732256,0.0089786165881,2.00896977518,3.26481139564
0.02732456,0.00892258220454,2.00891366628,3.26499829052
0.02732656,0.00886513884181,2.00885614888,3.26518986761
0.02732856,0.00880629557089,2.00879723205,3.26538609597
0.02733056,0.00874606168382,2.0087369251,3.26558694388
0.02733256,0.00868444669221,2.00867523756,3.26579237891
0.02733456,0.00862146032581,2.00861217916,3.26600236788
0.02733656,0.00855711253087,2.00854775987,3.26621687689
0.02733856,0.00849141346867,2.00848198985,3.26643587131
0.02734056,0.00842437351384,2.00841487949,3.2666593158
0.02734256,0.00835600325278,2.00834643939,3.26688717428
0.02734456,0.00828631348194,2.00827668036,3.26711941
0.02734656,0.00821531520615,2.00820561341,3.26735598549
0.02734856,0.00814301963684,2.00813324976,3.26759686258
0.02735056,0.00806943819034,2.00805960084,3.26784200244
0.02735256,0.00799458248601,2.00798467829,3.26809136553
0.02735456,0.00791846434442,2.00790849392,3.26834491166
0.02735656,0.00784109578552,2.00783105978,3.26860259996
0.02735856,0.0077624890267,2.00775238809,3.2688643889
0.02736056,0.00768265648088,2.00767249128,3.2691302363
0.02736256,0.00760161075454,2.00759138195,3.26940009934
0.02736456,0.00751936464574,2.00750907292,3.26967393456
0.02736656,0.00743593114209,2.00742557719,3.26995169786
0.02736856,0.00735132341872,2.00734090794,3.27023334453
0.02737056,0.00726555483616,2.00725507854,3.27051882924
0.02737256,0.00717863893827,2.00716810255,3.27080810605
0.02737456,0.00709058945007,2.00707999369,3.27110112841
0.02737656,0.0070014202756,2.00699076589,3.2713978492
0.02737856,0.0069111454957,2.00690043323,3.2716982207
0.02738056,0.00681977936582,2.00680900998,3.27200219462
0.02738256,0.00672733631371,2.00671651057,3.2723097221
0.02738456,0.00663383093722,2.00662294961,3.27262075372
0.02738656,0.00653927800192,2.00652834188,3.27293523951
0.02738856,0.00644369243881,2.00643270231,3.27325312895
0.02739056,0.00634708934198,2.00633604601,3.273574371
0.02739256,0.00624948396616,2.00623838824,3.27389891409
0.02739456,0.00615089172437,2.00613974443,3.27422670611
0.02739656,0.00605132818548,2.00604013014,3.27455769448
0.02739856,0.00595080907171,2.00593956111,3.27489182609
0.02740056,0.00584935025621,2.00583805322,3.27522904736
0.02740256,0.0057469677605,2.0057356225,3.27556930421
0.02740456,0.00564367775196,2.00563228512,3.2759125421
0.02740656,0.00553949654128,2.00552805741,3.27625870603
0.02740856,0.00543444057987,2.00542295582,3.27660774053
0.02741056,0.0053285264573,2.00531699695,3.27695958969
0.02741256,0.00522177089864,2.00521019753,3.27731419717
0.02741456,0.00511419076181,2.00510257442,3.27767150621
0.02741656,0.00500580303498,2.00499414462,3.27803145962
0.02741856,0.00489662483382,2.00488492526,3.27839399981
0.02742056,0.00478667339884,2.00477493358,3.27875906878
0.02742256,0.00467596609264,2.00466418694,3.27912660816
0.02742456,0.00456452039718,2.00455270284,3.2794965592
0.02742656,0.00445235391104,2.00444049888,3.27986886276
0.02742856,0.00433948434661,2.00432759278,3.28024345936
0.02743056,0.00422592952729,2.00421400238,3.28062028918
0.02743256,0.00411170738471,2.00409974559,3.28099929203
0.02743456,0.00399683595588,2.00398484048,3.28138040741
0.02743656,0.00388133338031,2.00386930518,3.28176357451
0.02743856,0.0037652178972,2.00375315793,3.28214873219
0.02744056,0.00364850784255,2.00363641709,3.28253581902
0.02744256,0.00353122164621,2.00351910108,3.28292477329
0.02744456,0.00341337782903,2.00340122843,3.28331553299
0.02744656,0.00329499499993,2.00328281775,3.28370803587
0.02744856,0.00317609185292,2.00316388774,3.28410221938
0.02745056,0.00305668716419,2.00304445718,3.28449802077
0.02745256,0.00293679978912,2.00292454494,3.28489537701
0.02745456,0.00281644865932,2.00280416994,3.28529422487
0.02745656,0.00269565277963,2.00268335119,3.28569450088
0.02745856,0.00257443122511,2.00256210778,3.28609614139
0.02746056,0.00245280313806,2.00244045885,3.28649908253
0.02746256,0.00233078772496,2.00231842361,3.28690326025
0.02746456,0.00220840425346,2.00219602133,3.28730861033
0.02746656,0.00208567204933,2.00207327133,3.28771506837
0.02746856,0.0019626104934,2.00195019301,3.28812256983
0.02747056,0.00183923901853,2.0018268058,3.28853105002
0.02747256,0.00171557710649,2.00170312918,3.2889404441
0.02747456,0.00159164428494,2.00157918268,3.28935068714
0.02747656,0.00146746012431,2.00145498588,3.28976171406
0.02747856,0.00134304423471,2.00133055838,3.2901734597
0.02748056,0.00121841626286,2.00120591984,3.2905858588
0.02748256,0.00109359588895,2.00108108994,3.29099884602
0.02748456,0.00096860282358,2.00095608839,3.29141235593
0.02748656,0.000843456804594,2.00083093492,3.29182632307
0.02748856,0.000718177594,2.00070564931,3.29224068191
0.02749056,0.000592784974838,2.00058025133,3.29265536688
0.02749256,0.000467298748057,2.00045476079,3.29307031238
0.02749456,0.000341738729387,2.00032919751,3.2934854528
0.02749656,0.00021612474621,2.0002035813,3.29390072251
0.02749856,9.04766344304e-05,2.00007793202,3.29431605589
0.02750056,-3.51857646588e-05,1.99995226949,3.29473138732
0.02750256,-0.000160842607508,1.99982661357,3.2951466512
0.02750456,-0.000286474051445,1.9997009841,3.29556178199
0.02750656,-0.000412060257808,1.99957540091,3.29597671416
0.02750856,-0.00053758139508,1.99944988383,3.29639138226
0.02751056,-0.000663017642018,1.99932445269,3.29680572087
0.02751256,-0.000788349190784,1.99919912729,3.29721966468
0.02751456,-0.000913556250074,1.99907392743,3.29763314843
0.02751656,-0.00103861904824,1.99894887287,3.29804610699
0.02751856,-0.00116351783642,1.99882398336,3.29845847531
0.02752056,-0.00128823289165,1.99869927863,3.29887018845
0.02752256,-0.00141274451997,1.99857477836,3.29928118161
0.02752456,-0.00153703305955,1.99845050221,3.29969139013
0.02752656,-0.00166107888379,1.99832646982,3.30010074946
0.02752856,-0.00178486240442,1.99820270076,3.30050919525
0.02753056,-0.00190836407459,1.99807921458,3.30091666329
0.02753256,-0.00203156439195,1.99795603078,3.30132308954
0.02753456,-0.00215444390174,1.99783316882,3.30172841016
0.02753656,-0.00227698319986,1.99771064809,3.30213256149
0.02753856,-0.00239916293594,1.99758848794,3.30253548008
0.02754056,-0.00252096381638,1.99746670766,3.3029371027
0.02754256,-0.00264236660741,1.99734532648,3.30333736635
0.02754456,-0.00276335213812,1.99722436358,3.30373620823
0.02754656,-0.0028839013035,1.99710383805,3.30413356583
0.02754856,-0.00300399506743,1.99698376892,3.30452937685
0.02755056,-0.00312361446571,1.99686417515,3.30492357928
0.02755256,-0.00324274060906,1.99674507564,3.30531611138
0.02755456,-0.00336135468607,1.99662648918,3.30570691167
0.02755656,-0.00347943796622,1.9965084345,3.30609591898
0.02755856,-0.00359697180277,1.99639093025,3.30648307243
0.02756056,-0.00371393763578,1.99627399498,3.30686831147
0.02756256,-0.00383031699499,1.99615764716,3.30725157584
0.02756456,-0.00394609150273,1.99604190515,3.30763280562
0.02756656,-0.00406124287689,1.99592678724,3.30801194123
0.02756856,-0.00417575293371,1.99581231161,3.30838892343
0.02757056,-0.00428960359074,1.99569849632,3.30876369334
0.02757256,-0.00440277686964,1.99558535936,3.30913619244
0.02757456,-0.00451525489903,1.99547291859,3.30950636259
0.02757656,-0.00462701991733,1.99536119176,3.30987414601
0.02757856,-0.00473805427555,1.99525019652,3.31023948532
0.02758056,-0.00484834044007,1.9951399504,3.31060232356
0.02758256,-0.00495786099543,1.9950304708,3.31096260415
0.02758456,-0.00506659864706,1.99492177501,3.31132027094
0.02758656,-0.00517453622404,1.9948138802,3.31167526819
0.02758856,-0.00528165668176,1.99470680341,3.3120275406
0.02759056,-0.00538794310467,1.99460056154,3.31237703332
0.02759256,-0.0054933787089,1.99449517137,3.31272369194
0.02759456,-0.00559794684495,1.99439064954,3.31306746249
0.02759656,-0.0057016310003,1.99428701256,3.3134082915
0.02759856,-0.00580441480202,1.9941842768,3.31374612594
0.02760056,-0.00590628201935,1.99408245847,3.31408091327
0.02760256,-0.00600721656629,1.99398157366,3.31441260146
0.02760456,-0.00610720250409,1.99388163829,3.31474113895
0.02760656,-0.00620622404382,1.99378266815,3.31506647469
0.02760856,-0.00630426554883,1.99368467886,3.31538855815
0.02761056,-0.00640131153723,1.99358768591,3.3157073393
0.02761256,-0.00649734668433,1.99349170459,3.31602276865
0.02761456,-0.00659235582507,1.99339675008,3.31633479725
0.02761656,-0.0066863239564,1.99330283737,3.31664337667
0.02761856,-0.00677923623967,1.99320998129,3.31694845905
0.02762056,-0.00687107800295,1.99311819649,3.31724999706
0.02762256,-0.00696183474336,1.99302749747,3.31754794396
0.02762456,-0.00705149212937,1.99293789857,3.31784225355
0.02762656,-0.00714003600302,1.99284941391,3.31813288023
0.02762856,-0.00722745238221,1.99276205748,3.31841977896
0.02763056,-0.00731372746289,1.99267584308,3.3187029053
0.02763256,-0.00739884762122,1.99259078431,3.31898221541
0.02763456,-0.00748279941575,1.99250689461,3.31925766604
0.02763656,-0.0075655695895,1.99242418722,3.31952921454
0.02763856,-0.00764714507211,1.99234267521,3.31979681891
0.02764056,-0.00772751298186,1.99226237145,3.32006043772
0.02764256,-0.00780666062774,1.99218328861,3.3203200302
0.02764456,-0.0078845755114,1.99210543919,3.32057555621
0.02764656,-0.00796124532919,1.99202883548,3.32082697623
0.02764856,-0.00803665797405,1.99195348957,3.3210742514
0.02765056,-0.00811080153746,1.99187941337,3.3213173435
0.02765256,-0.00818366431128,1.99180661858,3.32155621496
0.02765456,-0.00825523478963,1.99173511667,3.32179082887
0.02765656,-0.00832550167072,1.99166491896,3.32202114901
0.02765856,-0.00839445385857,1.99159603652,3.32224713979
0.02766056,-0.00846208046486,1.99152848022,3.32246876633
0.02766256,-0.00852837081054,1.99146226075,3.32268599441
0.02766456,-0.0085933144276,1.99139738855,3.32289879051
0.02766656,-0.00865690106071,1.99133387387,3.32310712177
0.02766856,-0.00871912066878,1.99127172674,3.32331095607
0.02767056,-0.00877996342662,1.99121095697,3.32351026195
0.02767256,-0.00883941972645,1.99115157416,3.32370500868
0.02767456,-0.00889748017944,1.99109358769,3.32389516622
0.02767656,-0.00895413561717,1.9910370067,3.32408070524
0.02767856,-0.00900937709309,1.99098184015,3.32426159716
0.02768056,-0.00906319588392,1.99092809673,3.32443781408
0.02768256,-0.00911558349106,1.99087578494,3.32460932884
0.02768456,-0.00916653164189,1.99082491304,3.32477611502
0.02768656,-0.00921603229111,1.99077548906,3.32493814692
0.02768856,-0.009264077622,1.9907275208,3.32509539958
0.02769056,-0.00931066004764,1.99068101584,3.32524784877
0.02769256,-0.00935577221213,1.99063598152,3.32539547102
0.02769456,-0.00939940699173,1.99059242495,3.32553824359
0.02769656,-0.009441557496,1.99055035302,3.32567614451
0.02769856,-0.0094822170689,1.99050977236,3.32580915253
0.02770056,-0.0095213792898,1.99047068939,3.32593724719
0.02770256,-0.00955903797453,1.99043311027,3.32606040877
0.02770456,-0.00959518717636,1.99039704095,3.32617861831
0.02770656,-0.0096298211869,1.9903624871,3.32629185762
0.02770856,-0.00966293453704,1.9903294542,3.32640010929
0.02771056,-0.0096945219978,1.99029794746,3.32650335664
0.02771256,-0.00972457858116,1.99026797185,3.32660158381
0.02771456,-0.00975309954082,1.99023953211,3.32669477567
0.02771656,-0.00978008037301,1.99021263273,3.32678291789
0.02771856,-0.00980551681714,1.99018727795,3.32686599693
0.02772056,-0.00982940485648,1.99016347179,3.32694399999
0.02772256,-0.00985174071886,1.99014121799,3.32701691508
0.02772456,-0.00987252087717,1.99012052007,3.327084731
0.02772656,-0.00989174204999,1.99010138131,3.3271474373
0.02772856,-0.00990940120207,1.99008380472,3.32720502436
0.02773056,-0.00992549554483,1.99006779308,3.32725748332
0.02773256,-0.00994002253678,1.99005334891,3.32730480611
0.02773456,-0.00995297988394,1.99004047451,3.32734698545
0.02773656,-0.0099643655402,1.99002917189,3.32738401487
0.02773856,-0.00997417770763,1.99001944286,3.32741588867
0.02774056,-0.00998241483678,1.99001128893,3.32744260194
0.02774256,-0.00998907562691,1.99000471141,3.3274641506
0.02774456,-0.00999415902619,1.98999971133,3.32748053131
0.02774656,-0.00999766423191,1.98999628947,3.32749174156
0.02774856,-0.00999959069055,1.98999444638,3.32749777964
0.02775056,-0.00999993809791,1.98999418236,3.32749864461
0.02775256,-0.00999870639911,1.98999549743,3.32749433633
0.02775456,-0.00999589578867,1.9899983914,3.32748485548
0.02775656,-0.0099915067104,1.99000286381,3.32747020351
0.02775856,-0.0099855398574,1.99000891395,3.32745038267
0.02776056,-0.0099779961719,1.99001654086,3.32742539601
0.02776256,-0.00996887684513,1.99002574334,3.32739524736
0.02776456,-0.00995818331715,1.99003651994,3.32735994137
0.02776656,-0.00994591727658,1.99004886896,3.32731948345
0.02776856,-0.00993208066038,1.99006278845,3.32727387984
0.02777056,-0.00991667565351,1.9900782762,3.32722313754
0.02777256,-0.00989970468859,1.99009532977,3.32716726435
0.02777456,-0.00988117044554,1.99011394648,3.32710626886
0.02777656,-0.00986107585114,1.99013412337,3.32704016045
0.02777856,-0.00983942407854,1.99015585727,3.32696894929
0.02778056,-0.00981621854682,1.99017914474,3.32689264632
0.02778256,-0.00979146292039,1.9902039821,3.32681126329
0.02778456,-0.00976516110847,1.99023036544,3.3267248127
0.02778656,-0.0097373172644,1.99025829058,3.32663330785
0.02778856,-0.00970793578506,1.99028775312,3.32653676282
0.02779056,-0.00967702131012,1.9903187484,3.32643519245
0.02779256,-0.00964457872134,1.99035127153,3.32632861239
0.02779456,-0.00961061314177,1.99038531737,3.32621703901
0.02779656,-0.00957512993498,1.99042088055,3.32610048949
0.02779856,-0.00953813470417,1.99045795546,3.32597898177
0.02780056,-0.00949963329133,1.99049653622,3.32585253454
0.02780256,-0.00945963177626,1.99053661677,3.32572116727
0.02780456,-0.00941813647568,1.99057819076,3.32558490018
0.02780656,-0.00937515394217,1.99062125163,3.32544375424
0.02780856,-0.00933069096317,1.99066579258,3.32529775119
0.02781056,-0.0092847545599,1.99071180657,3.32514691351
0.02781256,-0.00923735198626,1.99075928635,3.32499126443
0.02781456,-0.00918849072765,1.99080822441,3.32483082793
0.02781656,-0.00913817849984,1.99085861303,3.32466562871
0.02781856,-0.00908642324772,1.99091044424,3.32449569223
0.02782056,-0.00903323314403,1.99096370987,3.32432104468
0.02782256,-0.00897861658811,1.9910184015,3.32414171296
0.02782456,-0.00892258220455,1.9910745105,3.32395772473
0.02782656,-0.00886513884182,1.991132028,3.32376910834
0.02782856,-0.0088062955709,1.99119094492,3.32357589288
0.02783056,-0.00874606168383,1.99125125197,3.32337810814
0.02783256,-0.00868444669223,1.99131293961,3.32317578462
0.02783456,-0.00862146032582,1.9913759981,3.32296895353
0.02783656,-0.00855711253088,1.9914404175,3.3227576468
0.02783856,-0.00849141346868,1.99150618762,3.32254189701
0.02784056,-0.00842437351386,1.99157329807,3.32232173747
0.02784256,-0.0083560032528,1.99164173827,3.32209720217
0.02784456,-0.00828631348196,1.9917114974,3.32186832578
0.02784656,-0.00821531520616,1.99178256445,3.32163514363
0.02784856,-0.00814301963686,1.9918549282,3.32139769174
0.02785056,-0.00806943819036,1.99192857722,3.3211560068
0.02785256,-0.00799458248602,1.99200349987,3.32091012615
0.02785456,-0.00791846434444,1.99207968433,3.32066008779
0.02785656,-0.00784109578554,1.99215711857,3.32040593038
0.02785856,-0.00776248902672,1.99223579036,3.3201476932
0.02786056,-0.00768265648089,1.99231568727,3.31988541619
0.02786256,-0.00760161075455,1.9923967967,3.31961913993
0.02786456,-0.00751936464575,1.99247910582,3.3193489056
0.02786656,-0.00743593114211,1.99256260165,3.31907475504
0.02786856,-0.00735132341873,1.992647271,3.31879673066
0.02787056,-0.00726555483617,1.9927331005,3.31851487551
0.02787256,-0.00717863893828,1.99282007659,3.31822923325
0.02787456,-0.00709058945008,1.99290818555,3.31793984811
0.02787656,-0.00700142027561,1.99299741345,3.31764676492
0.02787856,-0.00691114549572,1.99308774621,3.31735002912
0.02788056,-0.00681977936583,1.99317916956,3.31704968668
0.02788256,-0.00672733631373,1.99327166906,3.31674578418
0.02788456,-0.00663383093723,1.99336523012,3.31643836875
0.02788656,-0.00653927800193,1.99345983795,3.31612748807
0.02788856,-0.00644369243883,1.99355547762,3.31581319038
0.02789056,-0.00634708934199,1.99365213402,3.31549552446
0.02789256,-0.00624948396617,1.99374979188,3.31517453962
0.02789456,-0.00615089172439,1.9938484358,3.31485028571
0.02789656,-0.00605132818549,1.99394805019,3.31452281309
0.02789856,-0.00595080907173,1.99404861931,3.31419217264
0.02790056,-0.00584935025623,1.9941501273,3.31385841575
0.02790256,-0.00574696776052,1.99425255812,3.31352159429
0.02790456,-0.00564367775198,1.99435589559,3.31318176064
0.02790656,-0.0055394965413,1.9944601234,3.31283896765
0.02790856,-0.00543444057989,1.99456522509,3.31249326867
0.02791056,-0.00532852645732,1.99467118406,3.31214471748
0.02791256,-0.00522177089866,1.99477798358,3.31179336835
0.02791456,-0.00511419076183,1.99488560679,3.31143927598
0.02791656,-0.005005803035,1.99499403668,3.31108249554
0.02791856,-0.00489662483384,1.99510325615,3.3107230826
0.02792056,-0.00478667339886,1.99521324793,3.31036109318
0.02792256,-0.00467596609266,1.99532399466,3.30999658373
0.02792456,-0.0045645203972,1.99543547886,3.30962961106
0.02792656,-0.00445235391107,1.99554768292,3.30926023244
0.02792856,-0.00433948434663,1.99566058911,3.3088885055
0.02793056,-0.00422592952731,1.99577417962,3.30851448826
0.02793256,-0.00411170738474,1.9958884365,3.30813823912
0.02793456,-0.0039968359559,1.99600334172,3.30775981683
0.02793656,-0.00388133338033,1.99611887712,3.30737928052
0.02793856,-0.00376521789722,1.99623502446,3.30699668966
0.02794056,-0.00364850784257,1.9963517654,3.30661210405
0.02794256,-0.00353122164623,1.99646908151,3.30622558383
0.02794456,-0.00341337782905,1.99658695426,3.30583718947
0.02794656,-0.00329499499995,1.99670536504,3.30544698174
0.02794856,-0.00317609185294,1.99682429515,3.3050550217
0.02795056,-0.00305668716421,1.9969437258,3.30466137075
0.02795256,-0.00293679978914,1.99706363814,3.30426609051
0.02795456,-0.00281644865934,1.99718401324,3.30386924294
0.02795656,-0.00269565277965,1.99730483209,3.30347089021
0.02795856,-0.00257443122513,1.99742607559,3.30307109478
0.02796056,-0.00245280313808,1.99754772462,3.30266991935
0.02796256,-0.00233078772499,1.99766975996,3.30226742685
0.02796456,-0.00220840425349,1.99779216234,3.30186368044
0.02796656,-0.00208567204935,1.99791491244,3.30145874349
0.02796856,-0.00196261049343,1.99803799085,3.30105267961
0.02797056,-0.00183923901855,1.99816137817,3.30064555256
0.02797256,-0.00171557710651,1.99828505488,3.30023742632
0.02797456,-0.00159164428496,1.99840900148,3.29982836504
0.02797656,-0.00146746012433,1.99853319838,3.29941843304
0.02797856,-0.00134304423473,1.99865762598,3.29900769479
0.02798056,-0.00121841626288,1.99878226462,3.29859621491
0.02798256,-0.00109359588898,1.99890709462,3.29818405818
0.02798456,-0.000968602823604,1.99903209627,3.29777128947
0.02798656,-0.000843456804617,1.99915724983,3.29735797379
0.02798856,-0.000718177594023,1.99928253554,3.29694417627
0.02799056,-0.000592784974861,1.99940793362,3.2965299621
0.02799256,-0.000467298748081,1.99953342426,3.2961153966
0.02799456,-0.000341738729411,1.99965898764,3.29570054514
0.02799656,-0.000216124746233,1.99978460394,3.29528547316
0.02799856,-9.04766344535e-05,1.99991025333,3.29487024617
0.02800056,3.51857646359e-05,2.00003591595,3.2944549297
0.02800256,0.000160842607485,2.00016157197,3.29403958935
0.02800456,0.000286474051422,2.00028720154,3.29362429071
0.02800656,0.000412060257785,2.00041278483,3.29320909941
0.02800856,0.000537581395057,2.00053830201,3.29279408108
0.02801056,0.000663017641995,2.00066373325,3.29237930134
0.02801256,0.000788349190761,2.00078905874,3.2919648258
0.02801456,0.000913556250051,2.0009142587,3.29155072002
0.02801656,0.00103861904822,2.00103931336,3.29113704957
0.02801856,0.0011635178364,2.00116420297,3.29072387992
0.02802056,0.00128823289162,2.0012889078,3.29031127651
0.02802256,0.00141274451994,2.00141340817,3.28989930472
0.02802456,0.00153703305953,2.00153768441,3.28948802982
0.02802656,0.00166107888377,2.00166171691,3.28907751703
0.02802856,0.0017848624044,2.00178548607,3.28866783144
0.02803056,0.00190836407457,2.00190897234,3.28825903804
0.02803256,0.00203156439193,2.00203215624,3.2878512017
0.02803456,0.00215444390172,2.0021550183,3.28744438716
0.02803656,0.00227698319984,2.00227753913,3.287038659
0.02803856,0.00239916293592,2.00239969938,3.28663408169
0.02804056,0.00252096381636,2.00252147975,3.2862307195
0.02804256,0.00264236660739,2.00264286103,3.28582863653
0.02804456,0.0027633521381,2.00276382403,3.28542789673
0.02804656,0.00288390130348,2.00288434966,3.2850285638
0.02804856,0.0030039950674,2.00300441889,3.2846307013
0.02805056,0.00312361446569,2.00312401275,3.28423437252
0.02805256,0.00324274060903,2.00324311236,3.28383964057
0.02805456,0.00336135468605,2.00336169892,3.28344656828
0.02805656,0.0034794379662,2.0034797537,3.28305521829
0.02805856,0.00359697180275,2.00359725804,3.28266565293
0.02806056,0.00371393763576,2.00371419341,3.28227793431
0.02806256,0.00383031699496,2.00383054134,3.28189212422
0.02806456,0.00394609150271,2.00394628344,3.2815082842
0.02806656,0.00406124287687,2.00406140145,3.28112647549
0.02806856,0.00417575293369,2.00417587718,3.280746759
0.02807056,0.00428960359072,2.00428969257,3.28036919535
0.02807256,0.00440277686962,2.00440282963,3.27999384483
0.02807456,0.00451525489901,2.0045152705,3.27962076737
0.02807656,0.00462701991731,2.00462699742,3.27925002258
0.02807856,0.00473805427552,2.00473799276,3.27888166971
0.02808056,0.00484834044005,2.00484823898,3.27851576764
0.02808256,0.00495786099541,2.00495771868,3.27815237487
0.02808456,0.00506659864704,2.00506641456,3.27779154953
0.02808656,0.00517453622402,2.00517430947,3.27743334934
0.02808856,0.00528165668174,2.00528138636,3.27707783163
0.02809056,0.00538794310465,2.00538762833,3.2767250533
0.02809256,0.00549337870888,2.0054930186,3.27637507084
0.02809456,0.00559794684493,2.00559754053,3.2760279403
0.02809656,0.00570163100028,2.0057011776,3.27568371729
0.02809856,0.005804414802,2.00580391347,3.27534245698
0.02810056,0.00590628201933,2.0059057319,3.27500421406
0.02810256,0.00600721656627,2.00600661681,3.27466904277
0.02810456,0.00610720250407,2.00610655227,3.27433699685
0.02810656,0.00620622404381,2.00620552251,3.27400812957
0.02810856,0.00630426554881,2.0063035119,3.27368249369
0.02811056,0.00640131153721,2.00640050495,3.27336014148
0.02811256,0.00649734668431,2.00649648636,3.27304112469
0.02811456,0.00659235582505,2.00659144097,3.27272549454
0.02811656,0.00668632395638,2.00668535378,3.27241330173
0.02811856,0.00677923623965,2.00677820997,3.2721045964
0.02812056,0.00687107800294,2.00686999486,3.27179942816
0.02812256,0.00696183474335,2.00696069397,3.27149784607
0.02812456,0.00705149212935,2.00705029298,3.27119989859
0.02812656,0.007140036003,2.00713877773,3.27090563365
0.02812856,0.0072274523822,2.00722613426,3.27061509857
0.02813056,0.00731372746288,2.00731234876,3.27032834009
0.02813256,0.00739884762121,2.00739740763,3.27004540435
0.02813456,0.00748279941573,2.00748129743,3.26976633688
0.02813656,0.00756556958948,2.00756400492,3.26949118261
0.02813856,0.00764714507209,2.00764551702,3.26921998584
0.02814056,0.00772751298185,2.00772582089,3.26895279024
0.02814256,0.00780666062772,2.00780490382,3.26868963886
0.02814456,0.00788457551139,2.00788275334,3.26843057408
0.02814656,0.00796124532918,2.00795935715,3.26817563765
0.02814856,0.00803665797404,2.00803470315,3.26792487067
0.02815056,0.00811080153744,2.00810877945,3.26767831355
0.02815256,0.00818366431126,2.00818157435,3.26743600605
0.02815456,0.00825523478962,2.00825307635,3.26719798724
0.02815656,0.0083255016707,2.00832327416,3.26696429551
0.02815856,0.00839445385856,2.0083921567,3.26673496857
0.02816056,0.00846208046484,2.00845971309,3.2665100434
0.02816256,0.00852837081053,2.00852593266,3.26628955632
0.02816456,0.00859331442759,2.00859080496,3.2660735429
0.02816656,0.00865690106069,2.00865431974,3.26586203802
0.02816856,0.00871912066876,2.00871646697,3.26565507582
0.02817056,0.00877996342661,2.00877723684,3.26545268973
0.02817256,0.00883941972644,2.00883661975,3.26525491244
0.02817456,0.00889748017943,2.00889460632,3.26506177588
0.02817656,0.00895413561716,2.0089511874,3.26487331126
0.02817856,0.00900937709308,2.00900635405,3.26468954903
0.02818056,0.00906319588391,2.00906009757,3.26451051889
0.02818256,0.00911558349105,2.00911240945,3.26433624978
0.02818456,0.00916653164188,2.00916328146,3.26416676985
0.02818656,0.0092160322911,2.00921270554,3.26400210651
0.02818856,0.00926407762199,2.0092606739,3.26384228639
0.02819056,0.00931066004764,2.00930717896,3.26368733533
0.02819256,0.00935577221212,2.00935221337,3.26353727838
0.02819456,0.00939940699172,2.00939577004,3.26339213981
0.02819656,0.009441557496,2.00943784207,3.26325194311
0.02819856,0.00948221706889,2.00947842282,3.26311671096
0.02820056,0.00952137928979,2.00951750589,3.26298646523
0.02820256,0.00955903797453,2.00955508511,3.26286122699
0.02820456,0.00959518717635,2.00959115454,3.26274101652
0.02820656,0.00962982118689,2.00962570848,3.26262585327
0.02820856,0.00966293453703,2.00965874147,3.26251575588
0.02821056,0.0096945219978,2.00969024831,3.26241074216
0.02821256,0.00972457858115,2.00972022402,3.26231082913
0.02821456,0.00975309954082,2.00974866386,3.26221603295
0.02821656,0.00978008037301,2.00977556334,3.26212636898
0.02821856,0.00980551681713,2.00980091822,3.26204185172
0.02822056,0.00982940485648,2.00982472448,3.26196249487
0.02822256,0.00985174071886,2.00984697838,3.26188831128
0.02822456,0.00987252087717,2.00986767639,3.26181931296
0.02822656,0.00989174204999,2.00988681526,3.26175551108
0.02822856,0.00990940120207,2.00990439194,3.26169691598
0.02823056,0.00992549554482,2.00992040368,3.26164353714
0.02823256,0.00994002253677,2.00993484795,3.26159538323
0.02823456,0.00995297988394,2.00994772245,3.26155246203
0.02823656,0.0099643655402,2.00995902516,3.26151478049
0.02823856,0.00997417770763,2.0099687543,3.26148234473
0.02824056,0.00998241483678,2.00997690832,3.26145515999
0.02824256,0.00998907562691,2.00998348594,3.26143323068
0.02824456,0.00999415902619,2.00998848612,3.26141656036
0.02824656,0.00999766423191,2.00999190808,3.26140515172
0.02824856,0.00999959069055,2.00999375126,3.2613990066
0.02825056,0.00999993809791,2.00999401539,3.26139812602
0.02825256,0.00999870639911,2.00999270041,3.26140251011
0.02825456,0.00999589578867,2.00998980654,3.26141215815
0.02825656,0.0099915067104,2.00998533423,3.26142706859
0.02825856,0.0099855398574,2.00997928419,3.26144723901
0.02826056,0.0099779961719,2.00997165738,3.26147266615
0.02826256,0.00996887684513,2.00996245499,3.26150334588
0.02826456,0.00995818331715,2.00995167849,3.26153927323
0.02826656,0.00994591727659,2.00993932957,3.26158044238
0.02826856,0.00993208066039,2.00992541018,3.26162684667
0.02827056,0.00991667565351,2.00990992253,3.26167847858
0.02827256,0.0098997046886,2.00989286905,3.26173532974
0.02827456,0.00988117044555,2.00987425245,3.26179739095
0.02827656,0.00986107585114,2.00985407565,3.26186465215
0.02827856,0.00983942407854,2.00983234185,3.26193710246
0.02828056,0.00981621854682,2.00980905448,3.26201473013
0.02828256,0.0097914629204,2.00978421721,3.2620975226
0.02828456,0.00976516110847,2.00975783398,3.26218546646
0.02828656,0.00973731726441,2.00972990893,3.26227854747
0.02828856,0.00970793578507,2.0097004465,3.26237675056
0.02829056,0.00967702131013,2.00966945131,3.26248005983
0.02829256,0.00964457872134,2.00963692828,3.26258845855
0.02829456,0.00961061314178,2.00960288254,3.26270192919
0.02829656,0.00957512993499,2.00956731945,3.26282045337
0.02829856,0.00953813470418,2.00953024465,3.26294401192
0.02830056,0.00949963329133,2.00949166398,3.26307258483
0.02830256,0.00945963177627,2.00945158353,3.2632061513
0.02830456,0.00941813647569,2.00941000964,3.26334468973
0.02830656,0.00937515394217,2.00936694887,3.26348817769
0.02830856,0.00933069096318,2.00932240802,3.26363659198
0.02831056,0.00928475455991,2.00927639412,3.26378990859
0.02831256,0.00923735198627,2.00922891444,3.26394810272
0.02831456,0.00918849072766,2.00917997648,3.2641111488
0.02831656,0.00913817849985,2.00912958796,3.26427902046
0.02831856,0.00908642324773,2.00907775685,3.26445169056
0.02832056,0.00903323314404,2.00902449132,3.26462913119
0.02832256,0.00897861658812,2.00896979978,3.26481131367
0.02832456,0.00892258220456,2.00891369089,3.26499820856
0.02832656,0.00886513884183,2.00885617348,3.26518978566
0.02832856,0.00880629557091,2.00879725666,3.26538601402
0.02833056,0.00874606168384,2.00873694971,3.26558686193
0.02833256,0.00868444669224,2.00867526217,3.26579229697
0.02833456,0.00862146032583,2.00861220377,3.26600228595
0.02833656,0.00855711253089,2.00854778447,3.26621679496
0.02833856,0.00849141346869,2.00848201445,3.26643578939
0.02834056,0.00842437351387,2.0084149041,3.26665923388
0.02834256,0.00835600325281,2.008346464,3.26688709237
0.02834456,0.00828631348197,2.00827670496,3.2671193281
0.02834656,0.00821531520617,2.00820563801,3.26735590359
0.02834856,0.00814301963687,2.00813327436,3.26759678069
0.02835056,0.00806943819037,2.00805962544,3.26784192055
0.02835256,0.00799458248604,2.00798470289,3.26809128365
0.02835456,0.00791846434445,2.00790851853,3.26834482978
0.02835656,0.00784109578555,2.00783108439,3.26860251809
0.02835856,0.00776248902673,2.0077524127,3.26886430703
0.02836056,0.00768265648091,2.00767251588,3.26913015444
0.02836256,0.00760161075457,2.00759140655,3.26940001749
0.02836456,0.00751936464577,2.00750909753,3.26967385271
0.02836656,0.00743593114212,2.00742560179,3.26995161602
0.02836856,0.00735132341875,2.00734093254,3.2702332627
0.02837056,0.00726555483619,2.00725510314,3.27051874742
0.02837256,0.0071786389383,2.00716812715,3.27080802423
0.02837456,0.0070905894501,2.00708001829,3.2711010466
0.02837656,0.00700142027563,2.00699079049,3.2713977674
0.02837856,0.00691114549573,2.00690045783,3.27169813891
0.02838056,0.00681977936585,2.00680903458,3.27200211283
0.02838256,0.00672733631375,2.00671653517,3.27230964032
0.02838456,0.00663383093725,2.00662297421,3.27262067195
0.02838656,0.00653927800195,2.00652836648,3.27293515774
0.02838856,0.00644369243885,2.00643272691,3.27325304719
0.02839056,0.00634708934201,2.00633607061,3.27357428925
0.02839256,0.00624948396619,2.00623841284,3.27389883234
0.02839456,0.00615089172441,2.00613976902,3.27422662437
0.02839656,0.00605132818551,2.00604015474,3.27455761275
0.02839856,0.00595080907175,2.00593958571,3.27489174437
0.02840056,0.00584935025625,2.00583807782,3.27522896565
0.02840256,0.00574696776054,2.0057356471,3.27556922251
0.02840456,0.005643677752,2.00563230972,3.27591246041
0.02840656,0.00553949654131,2.00552808201,3.27625862434
0.02840856,0.00543444057991,2.00542298042,3.27660765884
0.02841056,0.00532852645734,2.00531702155,3.27695950801
0.02841256,0.00522177089868,2.00521022212,3.27731411551
0.02841456,0.00511419076185,2.00510259902,3.27767142455
0.02841656,0.00500580303502,2.00499416922,3.27803137797
0.02841856,0.00489662483386,2.00488494986,3.27839391817
0.02842056,0.00478667339888,2.00477495817,3.27875898715
0.02842256,0.00467596609268,2.00466421154,3.27912652654
0.02842456,0.00456452039722,2.00455272744,3.27949647758
0.02842656,0.00445235391109,2.00444052348,3.27986878115
0.02842856,0.00433948434665,2.00432761738,3.28024337777
0.02843056,0.00422592952734,2.00421402697,3.28062020759
0.02843256,0.00411170738476,2.00409977019,3.28099921045
0.02843456,0.00399683595592,2.00398486507,3.28138032584
0.02843656,0.00388133338035,2.00386932977,3.28176349295
0.02843856,0.00376521789725,2.00375318253,3.28214865064
0.02844056,0.00364850784259,2.00363644168,3.28253573748
0.02844256,0.00353122164625,2.00351912567,3.28292469176
0.02844456,0.00341337782908,2.00340125302,3.28331545147
0.02844656,0.00329499499997,2.00328284234,3.28370795435
0.02844856,0.00317609185296,2.00316391233,3.28410213787
0.02845056,0.00305668716423,2.00304448177,3.28449793927
0.02845256,0.00293679978916,2.00292456953,3.28489529552
0.02845456,0.00281644865936,2.00280419453,3.28529414339
0.02845656,0.00269565277967,2.00268337578,3.28569441941
0.02845856,0.00257443122516,2.00256213237,3.28609605993
0.02846056,0.00245280313811,2.00244048344,3.28649900108
0.02846256,0.00233078772501,2.0023184482,3.28690317881
0.02846456,0.00220840425351,2.00219604592,3.28730852889
0.02846656,0.00208567204938,2.00207329593,3.28771498695
0.02846856,0.00196261049345,2.0019502176,3.28812248842
0.02847056,0.00183923901857,2.00182683039,3.28853096861
0.02847256,0.00171557710654,2.00170315377,3.28894036271
0.02847456,0.00159164428499,2.00157920727,3.28935060575
0.02847656,0.00146746012435,2.00145501047,3.28976163269
0.02847856,0.00134304423476,2.00133058297,3.29017337834
0.02848056,0.0012184162629,2.00120594443,3.29058577744
0.02848256,0.001093595889,2.00108111453,3.29099876467
0.02848456,0.000968602823627,2.00095611298,3.29141227459
0.02848656,0.00084345680464,2.00083095951,3.29182624174
0.02848856,0.000718177594046,2.0007056739,3.29224060059
0.02849056,0.000592784974885,2.00058027592,3.29265528557
0.02849256,0.000467298748104,2.00045478538,3.29307023108
0.02849456,0.000341738729433,2.0003292221,3.29348537151
0.02849656,0.000216124746256,2.00020360589,3.29390064123
0.02849856,9.04766344764e-05,2.00007795661,3.29431597462
0.02850056,-3.51857646128e-05,1.99995229408,3.29473130606
0.02850256,-0.000160842607462,1.99982663816,3.29514656995
0.02850456,-0.000286474051399,1.99970100868,3.29556170075
0.02850656,-0.000412060257762,1.99957542549,3.29597663293
0.02850856,-0.000537581395034,1.99944990842,3.29639130103
0.02851056,-0.000663017641972,1.99932447728,3.29680563966
0.02851256,-0.000788349190738,1.99919915188,3.29721958347
0.02851456,-0.000913556250028,1.99907395202,3.29763306724
0.02851656,-0.0010386190482,1.99894889746,3.29804602581
0.02851856,-0.00116351783638,1.99882400795,3.29845839413
0.02852056,-0.0012882328916,1.99869930321,3.29887010728
0.02852256,-0.00141274451992,1.99857480294,3.29928110046
0.02852456,-0.0015370330595,1.9984505268,3.29969130898
0.02852656,-0.00166107888375,1.9983264944,3.30010066833
0.02852856,-0.00178486240438,1.99820272534,3.30050911413
0.02853056,-0.00190836407455,1.99807923916,3.30091658217
0.02853256,-0.0020315643919,1.99795605537,3.30132300843
0.02853456,-0.00215444390169,1.9978331934,3.30172832906
0.02853656,-0.00227698319982,1.99771067267,3.3021324804
0.02853856,-0.0023991629359,1.99758851252,3.302535399
0.02854056,-0.00252096381634,1.99746673224,3.30293702163
0.02854256,-0.00264236660737,1.99734535107,3.30333728529
0.02854456,-0.00276335213808,1.99722438816,3.30373612718
0.02854656,-0.00288390130345,1.99710386263,3.30413348479
0.02854856,-0.00300399506738,1.9969837935,3.30452929582
0.02855056,-0.00312361446566,1.99686419974,3.30492349826
0.02855256,-0.00324274060901,1.99674510022,3.30531603036
0.02855456,-0.00336135468603,1.99662651376,3.30570683066
0.02855656,-0.00347943796617,1.99650845909,3.30609583798
0.02855856,-0.00359697180273,1.99639095484,3.30648299144
0.02856056,-0.00371393763574,1.99627401957,3.30686823049
0.02856256,-0.00383031699494,1.99615767174,3.30725149487
0.02856456,-0.00394609150269,1.99604192973,3.30763272466
0.02856656,-0.00406124287685,1.99592681182,3.30801186028
0.02856856,-0.00417575293367,1.99581233619,3.30838884249
0.02857056,-0.0042896035907,1.9956985209,3.30876361241
0.02857256,-0.0044027768696,1.99558538394,3.30913611152
0.02857456,-0.00451525489899,1.99547294317,3.30950628167
0.02857656,-0.00462701991729,1.99536121634,3.3098740651
0.02857856,-0.0047380542755,1.9952502211,3.31023940442
0.02858056,-0.00484834044003,1.99513997498,3.31060224267
0.02858256,-0.00495786099539,1.99503049538,3.31096252327
0.02858456,-0.00506659864702,1.99492179959,3.31132019007
0.02858656,-0.005174536224,1.99481390478,3.31167518732
0.02858856,-0.00528165668172,1.99470682799,3.31202745975
0.02859056,-0.00538794310463,1.99460058612,3.31237695247
0.02859256,-0.00549337870886,1.99449519595,3.31272361109
0.02859456,-0.00559794684491,1.99439067412,3.31306738166
0.02859656,-0.00570163100026,1.99428703714,3.31340821067
0.02859856,-0.00580441480198,1.99418430138,3.31374604512
0.02860056,-0.00590628201932,1.99408248305,3.31408083247
0.02860256,-0.00600721656625,1.99398159823,3.31441252066
0.02860456,-0.00610720250406,1.99388166287,3.31474105816
0.02860656,-0.00620622404379,1.99378269272,3.31506639391
0.02860856,-0.0063042655488,1.99368470344,3.31538847737
0.02861056,-0.0064013115372,1.99358771048,3.31570725853
0.02861256,-0.0064973466843,1.99349172917,3.31602268789
0.02861456,-0.00659235582503,1.99339677466,3.31633471649
0.02861656,-0.00668632395637,1.99330286195,3.31664329592
0.02861856,-0.00677923623964,1.99321000586,3.31694837831
0.02862056,-0.00687107800292,1.99311822106,3.31724991633
0.02862256,-0.00696183474333,1.99302752205,3.31754786323
0.02862456,-0.00705149212933,1.99293792314,3.31784217283
0.02862656,-0.00714003600298,1.99284943849,3.31813279952
0.02862856,-0.00722745238218,1.99276208206,3.31841969826
0.02863056,-0.00731372746286,1.99267586765,3.3187028246
0.02863256,-0.00739884762119,1.99259080888,3.31898213472
0.02863456,-0.00748279941572,1.99250691918,3.31925758535
0.02863656,-0.00756556958947,1.9924242118,3.31952913386
0.02863856,-0.00764714507208,1.99234269978,3.31979673823
0.02864056,-0.00772751298183,1.99226239602,3.32006035705
0.02864256,-0.00780666062771,1.99218331318,3.32031994954
0.02864456,-0.00788457551137,1.99210546376,3.32057547556
0.02864656,-0.00796124532916,1.99202886005,3.32082689559
0.02864856,-0.00803665797403,1.99195351415,3.32107417076
0.02865056,-0.00811080153743,1.99187943795,3.32131726286
0.02865256,-0.00818366431125,1.99180664315,3.32155613433
0.02865456,-0.0082552347896,1.99173514125,3.32179074825
0.02865656,-0.00832550167069,1.99166494353,3.32202106839
0.02865856,-0.00839445385855,1.99159606109,3.32224705918
0.02866056,-0.00846208046483,1.9915285048,3.32246868573
0.02866256,-0.00852837081051,1.99146228532,3.32268591381
0.02866456,-0.00859331442758,1.99139741312,3.32289870991
0.02866656,-0.00865690106068,1.99133389844,3.32310704118
0.02866856,-0.00871912066875,1.99127175131,3.32331087549
0.02867056,-0.0087799634266,1.99121098154,3.32351018137
0.02867256,-0.00883941972643,1.99115159873,3.3237049281
0.02867456,-0.00889748017942,1.99109361226,3.32389508564
0.02867656,-0.00895413561715,1.99103703127,3.32408062468
0.02867856,-0.00900937709307,1.99098186472,3.3242615166
0.02868056,-0.0090631958839,1.9909281213,3.32443773352
0.02868256,-0.00911558349104,1.99087580951,3.32460924829
0.02868456,-0.00916653164187,1.99082493761,3.32477603447
0.02868656,-0.00921603229109,1.99077551363,3.32493806638
0.02868856,-0.00926407762199,1.99072754537,3.32509531904
0.02869056,-0.00931066004763,1.9906810404,3.32524776823
0.02869256,-0.00935577221212,1.99063600609,3.32539539049
0.02869456,-0.00939940699172,1.99059244952,3.32553816306
0.02869656,-0.00944155749599,1.99055037759,3.32567606398
0.02869856,-0.00948221706889,1.99050979693,3.32580907201
0.02870056,-0.00952137928979,1.99047071396,3.32593716667
0.02870256,-0.00955903797452,1.99043313484,3.32606032825
0.02870456,-0.00959518717635,1.99039706551,3.3261785378
0.02870656,-0.00962982118689,1.99036251167,3.32629177711
0.02870856,-0.00966293453703,1.99032947877,3.32640002878
0.02871056,-0.00969452199779,1.99029797203,3.32650327614
0.02871256,-0.00972457858115,1.99026799642,3.32660150331
0.02871456,-0.00975309954081,1.99023955668,3.32669469517
0.02871656,-0.009780080373,1.9902126573,3.3267828374
0.02871856,-0.00980551681713,1.99018730252,3.32686591643
0.02872056,-0.00982940485648,1.99016349635,3.3269439195
0.02872256,-0.00985174071885,1.99014124255,3.32701683459
0.02872456,-0.00987252087716,1.99012054464,3.32708465051
0.02872656,-0.00989174204998,1.99010140587,3.32714735682
0.02872856,-0.00990940120206,1.99008382928,3.32720494388
0.02873056,-0.00992549554482,1.99006781764,3.32725740284
0.02873256,-0.00994002253677,1.99005337348,3.32730472563
0.02873456,-0.00995297988394,1.99004049907,3.32734690498
0.02873656,-0.0099643655402,1.99002919646,3.3273839344
0.02873856,-0.00997417770763,1.99001946742,3.32741580819
0.02874056,-0.00998241483678,1.9900113135,3.32744252147
0.02874256,-0.0099890756269,1.99000473597,3.32746407012
0.02874456,-0.00999415902619,1.98999973589,3.32748045084
0.02874656,-0.00999766423191,1.98999631403,3.32749166109
0.02874856,-0.00999959069055,1.98999447095,3.32749769917
0.02875056,-0.00999993809791,1.98999420692,3.32749856414
0.02875256,-0.00999870639911,1.98999552199,3.32749425587
0.02875456,-0.00999589578867,1.98999841596,3.32748477502
0.02875656,-0.0099915067104,1.99000288837,3.32747012305
0.02875856,-0.0099855398574,1.99000893851,3.3274503022
0.02876056,-0.0099779961719,1.99001656542,3.32742531554
0.02876256,-0.00996887684514,1.9900257679,3.32739516689
0.02876456,-0.00995818331715,1.9900365445,3.3273598609
0.02876656,-0.00994591727659,1.99004889352,3.32731940299
0.02876856,-0.00993208066039,1.99006281301,3.32727379938
0.02877056,-0.00991667565352,1.99007830076,3.32722305707
0.02877256,-0.0098997046886,1.99009535433,3.32716718388
0.02877456,-0.00988117044555,1.99011397104,3.32710618839
0.02877656,-0.00986107585114,1.99013414793,3.32704007998
0.02877856,-0.00983942407855,1.99015588183,3.32696886882
0.02878056,-0.00981621854682,1.9901791693,3.32689256585
0.02878256,-0.0097914629204,1.99020400666,3.32681118281
0.02878456,-0.00976516110848,1.99023039,3.32672473222
0.02878656,-0.00973731726441,1.99025831514,3.32663322737
0.02878856,-0.00970793578507,1.99028777768,3.32653668234
0.02879056,-0.00967702131013,1.99031877296,3.32643511198
0.02879256,-0.00964457872135,1.99035129609,3.32632853191
0.02879456,-0.00961061314178,1.99038534193,3.32621695853
0.02879656,-0.00957512993499,1.99042090511,3.32610040901
0.02879856,-0.00953813470419,1.99045798001,3.32597890129
0.02880056,-0.00949963329134,1.99049656078,3.32585245406
0.02880256,-0.00945963177628,1.99053664133,3.32572108678
0.02880456,-0.00941813647569,1.99057821531,3.32558481969
0.02880656,-0.00937515394218,1.99062127618,3.32544367375
0.02880856,-0.00933069096318,1.99066581713,3.3252976707
0.02881056,-0.00928475455992,1.99071183113,3.32514683301
0.02881256,-0.00923735198627,1.99075931091,3.32499118393
0.02881456,-0.00918849072767,1.99080824897,3.32483074742
0.02881656,-0.00913817849986,1.99085863758,3.3246655482
0.02881856,-0.00908642324774,1.9909104688,3.32449561172
0.02882056,-0.00903323314405,1.99096373442,3.32432096416
0.02882256,-0.00897861658813,1.99101842605,3.32414163245
0.02882456,-0.00892258220457,1.99107453505,3.32395764421
0.02882656,-0.00886513884184,1.99113205255,3.32376902782
0.02882856,-0.00880629557092,1.99119096948,3.32357581235
0.02883056,-0.00874606168385,1.99125127652,3.32337802761
0.02883256,-0.00868444669225,1.99131296416,3.32317570408
0.02883456,-0.00862146032584,1.99137602266,3.322968873
0.02883656,-0.00855711253091,1.99144044205,3.32275756625
0.02883856,-0.00849141346871,1.99150621217,3.32254181646
0.02884056,-0.00842437351388,1.99157332263,3.32232165692
0.02884256,-0.00835600325282,1.99164176282,3.32209712162
0.02884456,-0.00828631348198,1.99171152196,3.32186824522
0.02884656,-0.00821531520619,1.99178258901,3.32163506306
0.02884856,-0.00814301963688,1.99185495275,3.32139761117
0.02885056,-0.00806943819038,1.99192860177,3.32115592623
0.02885256,-0.00799458248605,1.99200352442,3.32091004558
0.02885456,-0.00791846434447,1.99207970888,3.32066000721
0.02885656,-0.00784109578557,1.99215714312,3.32040584979
0.02885856,-0.00776248902675,1.99223581491,3.32014761261
0.02886056,-0.00768265648092,1.99231571182,3.3198853356
0.02886256,-0.00760161075458,1.99239682125,3.31961905933
0.02886456,-0.00751936464578,1.99247913037,3.319348825
0.02886656,-0.00743593114214,1.9925626262,3.31907467442
0.02886856,-0.00735132341877,1.99264729555,3.31879665004
0.02887056,-0.00726555483621,1.99273312505,3.31851479489
0.02887256,-0.00717863893831,1.99282010114,3.31822915262
0.02887456,-0.00709058945011,1.9929082101,3.31793976747
0.02887656,-0.00700142027565,1.992997438,3.31764668428
0.02887856,-0.00691114549575,1.99308777076,3.31734994847
0.02888056,-0.00681977936587,1.99317919411,3.31704960603
0.02888256,-0.00672733631376,1.99327169361,3.31674570353
0.02888456,-0.00663383093727,1.99336525467,3.31643828809
0.02888656,-0.00653927800197,1.9934598625,3.3161274074
0.02888856,-0.00644369243887,1.99355550217,3.31581310971
0.02889056,-0.00634708934203,1.99365215856,3.31549544378
0.02889256,-0.00624948396621,1.99374981643,3.31517445894
0.02889456,-0.00615089172442,1.99384846035,3.31485020502
0.02889656,-0.00605132818553,1.99394807473,3.31452273239
0.02889856,-0.00595080907177,1.99404864386,3.31419209194
0.02890056,-0.00584935025627,1.99415015185,3.31385833503
0.02890256,-0.00574696776056,1.99425258267,3.31352151357
0.02890456,-0.00564367775202,1.99435592014,3.31318167991
0.02890656,-0.00553949654133,1.99446014795,3.31283888692
0.02890856,-0.00543444057993,1.99456524964,3.31249318793
0.02891056,-0.00532852645736,1.99467120861,3.31214463673
0.02891256,-0.0052217708987,1.99477800813,3.31179328759
0.02891456,-0.00511419076187,1.99488563133,3.31143919522
0.02891656,-0.00500580303504,1.99499406123,3.31108241477
0.02891856,-0.00489662483388,1.99510328069,3.31072300182
0.02892056,-0.0047866733989,1.99521327247,3.3103610124
0.02892256,-0.0046759660927,1.99532401921,3.30999650294
0.02892456,-0.00456452039724,1.99543550341,3.30962953027
0.02892656,-0.00445235391111,1.99554770746,3.30926015164
0.02892856,-0.00433948434667,1.99566061366,3.30888842469
0.02893056,-0.00422592952736,1.99577420417,3.30851440744
0.02893256,-0.00411170738478,1.99588846105,3.30813815829
0.02893456,-0.00399683595594,1.99600336626,3.307759736
0.02893656,-0.00388133338037,1.99611890166,3.30737919968
0.02893856,-0.00376521789727,1.996235049,3.30699660881
0.02894056,-0.00364850784261,1.99635178994,3.30661202319
0.02894256,-0.00353122164627,1.99646910605,3.30622550297
0.02894456,-0.0034133778291,1.9965869788,3.3058371086
0.02894656,-0.00329499499999,1.99670538958,3.30544690086
0.02894856,-0.00317609185299,1.99682431969,3.30505494082
0.02895056,-0.00305668716425,1.99694375034,3.30466128985
0.02895256,-0.00293679978919,1.99706366269,3.30426600961
0.02895456,-0.00281644865939,1.99718403778,3.30386916202
0.02895656,-0.00269565277969,1.99730485663,3.30347080929
0.02895856,-0.00257443122518,1.99742610014,3.30307101385
0.02896056,-0.00245280313813,1.99754774916,3.30266983841
0.02896256,-0.00233078772503,1.9976697845,3.3022673459
0.02896456,-0.00220840425353,1.99779218688,3.30186359948
0.02896656,-0.0020856720494,1.99791493698,3.30145866254
0.02896856,-0.00196261049347,1.99803801539,3.30105259864
0.02897056,-0.0018392390186,1.99816140271,3.30064547158
0.02897256,-0.00171557710656,1.99828507942,3.30023734534
0.02897456,-0.00159164428501,1.99840902602,3.29982828405
0.02897656,-0.00146746012438,1.99853322292,3.29941835204
0.02897856,-0.00134304423478,1.99865765052,3.29900761378
0.02898056,-0.00121841626293,1.99878228915,3.2985961339
0.02898256,-0.00109359588902,1.99890711916,3.29818397715
0.02898456,-0.00096860282365,1.99903212081,3.29777120843
0.02898656,-0.000843456804663,1.99915727437,3.29735789275
0.02898856,-0.000718177594069,1.99928256008,3.29694409522
0.02899056,-0.000592784974907,1.99940795816,3.29652988105
0.02899256,-0.000467298748127,1.99953344879,3.29611531554
0.02899456,-0.000341738729457,1.99965901218,3.29570046407
0.02899656,-0.00021612474628,1.99978462848,3.29528539208
0.02899856,-9.04766344998e-05,1.99991027786,3.29487016508
0.02900056,3.51857645897e-05,2.00003594049,3.2944548486
0.02900256,0.000160842607439,2.00016159651,3.29403950824
0.02900456,0.000286474051376,2.00028722608,3.29362420959
0.02900656,0.000412060257739,2.00041280937,3.29320901829
0.02900856,0.000537581395011,2.00053832654,3.29279399995
0.02901056,0.000663017641949,2.00066375778,3.2923792202
0.02901256,0.000788349190715,2.00078908328,3.29196474465
0.02901456,0.000913556250005,2.00091428324,3.29155063887
0.02901656,0.00103861904817,2.0010393379,3.2911369684
0.02901856,0.00116351783635,2.0011642275,3.29072379874
0.02902056,0.00128823289158,2.00128893234,3.29031119533
0.02902256,0.0014127445199,2.00141343271,3.28989922353
0.02902456,0.00153703305948,2.00153770895,3.28948794863
0.02902656,0.00166107888372,2.00166174144,3.28907743583
0.02902856,0.00178486240436,2.0017855106,3.28866775023
0.02903056,0.00190836407452,2.00190899688,3.28825895682
0.02903256,0.00203156439188,2.00203218077,3.28785112047
0.02903456,0.00215444390167,2.00215504283,3.28744430592
0.02903656,0.00227698319979,2.00227756366,3.28703857776
0.02903856,0.00239916293587,2.00239972391,3.28663400044
0.02904056,0.00252096381632,2.00252150429,3.28623063824
0.02904256,0.00264236660734,2.00264288556,3.28582855527
0.02904456,0.00276335213806,2.00276384856,3.28542781545
0.02904656,0.00288390130343,2.00288437419,3.28502848252
0.02904856,0.00300399506736,2.00300444342,3.28463062
0.02905056,0.00312361446564,2.00312403728,3.28423429122
0.02905256,0.00324274060899,2.0032431369,3.28383955926
0.02905456,0.00336135468601,2.00336172345,3.28344648697
0.02905656,0.00347943796615,2.00347977823,3.28305513697
0.02905856,0.00359697180271,2.00359728258,3.2826655716
0.02906056,0.00371393763572,2.00371421794,3.28227785297
0.02906256,0.00383031699492,2.00383056587,3.28189204287
0.02906456,0.00394609150267,2.00394630797,3.28150820285
0.02906656,0.00406124287682,2.00406142598,3.28112639413
0.02906856,0.00417575293365,2.00417590171,3.28074667764
0.02907056,0.00428960359068,2.0042897171,3.28036911398
0.02907256,0.00440277686958,2.00440285416,3.27999376344
0.02907456,0.00451525489897,2.00451529503,3.27962068598
0.02907656,0.00462701991727,2.00462702195,3.27924994118
0.02907856,0.00473805427548,2.00473801729,3.2788815883
0.02908056,0.00484834044001,2.00484826351,3.27851568623
0.02908256,0.00495786099537,2.00495774321,3.27815229345
0.02908456,0.005066598647,2.00506643909,3.2777914681
0.02908656,0.00517453622398,2.005174334,3.27743326791
0.02908856,0.0052816566817,2.00528141089,3.27707775019
0.02909056,0.00538794310461,2.00538765286,3.27672497185
0.02909256,0.00549337870884,2.00549304313,3.27637498938
0.02909456,0.00559794684489,2.00559756505,3.27602785884
0.02909656,0.00570163100024,2.00570120213,3.27568363583
0.02909856,0.00580441480196,2.00580393799,3.27534237551
0.02910056,0.0059062820193,2.00590575642,3.27500413258
0.02910256,0.00600721656623,2.00600664133,3.27466896128
0.02910456,0.00610720250404,2.0061065768,3.27433691536
0.02910656,0.00620622404377,2.00620554704,3.27400804807
0.02910856,0.00630426554878,2.00630353642,3.27368241219
0.02911056,0.00640131153718,2.00640052948,3.27336005997
0.02911256,0.00649734668428,2.00649651089,3.27304104318
0.02911456,0.00659235582502,2.00659146549,3.27272541302
0.02911656,0.00668632395635,2.00668537831,3.2724132202
0.02911856,0.00677923623962,2.00677823449,3.27210451486
0.02912056,0.0068710780029,2.00687001939,3.27179934662
0.02912256,0.00696183474331,2.0069607185,3.27149776452
0.02912456,0.00705149212932,2.0070503175,3.27119981704
0.02912656,0.00714003600297,2.00713880226,3.27090555209
0.02912856,0.00722745238216,2.00722615878,3.27061501701
0.02913056,0.00731372746285,2.00731237329,3.27032825852
0.02913256,0.00739884762118,2.00739743215,3.27004532277
0.02913456,0.0074827994157,2.00748132195,3.2697662553
0.02913656,0.00756556958945,2.00756402944,3.26949110102
0.02913856,0.00764714507206,2.00764554155,3.26921990425
0.02914056,0.00772751298182,2.00772584541,3.26895270864
0.02914256,0.00780666062769,2.00780492834,3.26868955725
0.02914456,0.00788457551136,2.00788277786,3.26843049247
0.02914656,0.00796124532915,2.00795938167,3.26817555604
0.02914856,0.00803665797401,2.00803472767,3.26792478905
0.02915056,0.00811080153742,2.00810880397,3.26767823193
0.02915256,0.00818366431124,2.00818159887,3.26743592443
0.02915456,0.00825523478959,2.00825310087,3.26719790561
0.02915656,0.00832550167068,2.00832329868,3.26696421388
0.02915856,0.00839445385854,2.00839218122,3.26673488693
0.02916056,0.00846208046482,2.00845973761,3.26650996176
0.02916256,0.0085283708105,2.00852595718,3.26628947467
0.02916456,0.00859331442757,2.00859082948,3.26607346125
0.02916656,0.00865690106067,2.00865434426,3.26586195637
0.02916856,0.00871912066874,2.00871649149,3.26565499417
0.02917056,0.00877996342658,2.00877726136,3.26545260807
0.02917256,0.00883941972642,2.00883664427,3.26525483077
0.02917456,0.00889748017941,2.00889463084,3.26506169421
0.02917656,0.00895413561714,2.00895121192,3.26487322959
0.02917856,0.00900937709306,2.00900637857,3.26468946736
0.02918056,0.00906319588389,2.00906012208,3.26451043722
0.02918256,0.00911558349103,2.00911243397,3.2643361681
0.02918456,0.00916653164186,2.00916330597,3.26416668817
0.02918656,0.00921603229109,2.00921273006,3.26400202483
0.02918856,0.00926407762198,2.00926069841,3.2638422047
0.02919056,0.00931066004762,2.00930720347,3.26368725364
0.02919256,0.00935577221211,2.00935223789,3.26353719668
0.02919456,0.00939940699171,2.00939579455,3.26339205812
0.02919656,0.00944155749598,2.00943786658,3.26325186142
0.02919856,0.00948221706888,2.00947844734,3.26311662926
0.02920056,0.00952137928978,2.00951753041,3.26298638352
0.02920256,0.00955903797451,2.00955510963,3.26286114529
0.02920456,0.00959518717634,2.00959117905,3.26274093481
0.02920656,0.00962982118688,2.00962573299,3.26262577156
0.02920856,0.00966293453702,2.00965876599,3.26251567417
0.02921056,0.00969452199778,2.00969027283,3.26241066045
0.02921256,0.00972457858114,2.00972024854,3.26231074742
0.02921456,0.00975309954081,2.00974868837,3.26221595124
0.02921656,0.009780080373,2.00977558786,3.26212628726
0.02921856,0.00980551681712,2.00980094273,3.26204177001
0.02922056,0.00982940485647,2.009824749,3.26196241315
0.02922256,0.00985174071885,2.00984700289,3.26188822956
0.02922456,0.00987252087716,2.00986770091,3.26181923124
0.02922656,0.00989174204998,2.00988683977,3.26175542936
0.02922856,0.00990940120206,2.00990441646,3.26169683426
0.02923056,0.00992549554482,2.0099204282,3.26164345542
0.02923256,0.00994002253677,2.00993487246,3.26159530151
0.02923456,0.00995297988393,2.00994774696,3.2615523803
0.02923656,0.0099643655402,2.00995904967,3.26151469877
0.02923856,0.00997417770763,2.00996877881,3.26148226301
0.02924056,0.00998241483678,2.00997693283,3.26145507827
0.02924256,0.0099890756269,2.00998351045,3.26143314896
0.02924456,0.00999415902619,2.00998851063,3.26141647864
0.02924656,0.00999766423191,2.00999193259,3.26140507
0.02924856,0.00999959069055,2.00999377577,3.26139892489
0.02925056,0.00999993809791,2.0099940399,3.2613980443
0.02925256,0.00999870639911,2.00999272492,3.26140242839
0.02925456,0.00999589578867,2.00998983105,3.26141207643
0.02925656,0.0099915067104,2.00998535874,3.26142698688
0.02925856,0.0099855398574,2.0099793087,3.2614471573
0.02926056,0.0099779961719,2.00997168189,3.26147258444
0.02926256,0.00996887684514,2.0099624795,3.26150326417
0.02926456,0.00995818331716,2.009951703,3.26153919152
0.02926656,0.00994591727659,2.00993935408,3.26158036067
0.02926856,0.00993208066039,2.00992543469,3.26162676497
0.02927056,0.00991667565352,2.00990994704,3.26167839688
0.02927256,0.0098997046886,2.00989289356,3.26173524804
0.02927456,0.00988117044555,2.00987427695,3.26179730925
0.02927656,0.00986107585115,2.00985410016,3.26186457045
0.02927856,0.00983942407855,2.00983236636,3.26193702076
0.02928056,0.00981621854683,2.00980907899,3.26201464843
0.02928256,0.00979146292041,2.00978424172,3.2620974409
0.02928456,0.00976516110848,2.00975785849,3.26218538477
0.02928656,0.00973731726442,2.00972993344,3.26227846578
0.02928856,0.00970793578508,2.009700471,3.26237666887
0.02929056,0.00967702131014,2.00966947582,3.26247997814
0.02929256,0.00964457872136,2.00963695279,3.26258837687
0.02929456,0.00961061314179,2.00960290704,3.26270184752
0.02929656,0.009575129935,2.00956734396,3.2628203717
0.02929856,0.00953813470419,2.00953026915,3.26294393025
0.02930056,0.00949963329135,2.00949168848,3.26307250316
0.02930256,0.00945963177628,2.00945160804,3.26320606964
0.02930456,0.0094181364757,2.00941003415,3.26334460807
0.02930656,0.00937515394219,2.00936697338,3.26348809603
0.02930856,0.00933069096319,2.00932243252,3.26363651033
0.02931056,0.00928475455993,2.00927641863,3.26378982694
0.02931256,0.00923735198628,2.00922893895,3.26394802108
0.02931456,0.00918849072768,2.00918000098,3.26411106716
0.02931656,0.00913817849987,2.00912961247,3.26427893883
0.02931856,0.00908642324775,2.00907778135,3.26445160893
0.02932056,0.00903323314406,2.00902451582,3.26462904957
0.02932256,0.00897861658814,2.00896982429,3.26481123205
0.02932456,0.00892258220458,2.00891371539,3.26499812695
0.02932656,0.00886513884185,2.00885619799,3.26518970405
0.02932856,0.00880629557093,2.00879728116,3.26538593241
0.02933056,0.00874606168386,2.00873697421,3.26558678033
0.02933256,0.00868444669226,2.00867528667,3.26579221537
0.02933456,0.00862146032585,2.00861222827,3.26600220435
0.02933656,0.00855711253092,2.00854780898,3.26621671338
0.02933856,0.00849141346872,2.00848203896,3.26643570781
0.02934056,0.00842437351389,2.0084149286,3.2666591523
0.02934256,0.00835600325283,2.0083464885,3.2668870108
0.02934456,0.00828631348199,2.00827672946,3.26711924653
0.02934656,0.0082153152062,2.00820566251,3.26735582203
0.02934856,0.0081430196369,2.00813329886,3.26759669913
0.02935056,0.0080694381904,2.00805964995,3.267841839
0.02935256,0.00799458248606,2.00798472739,3.26809120211
0.02935456,0.00791846434448,2.00790854303,3.26834474825
0.02935656,0.00784109578558,2.00783110889,3.26860243656
0.02935856,0.00776248902676,2.0077524372,3.26886422551
0.02936056,0.00768265648094,2.00767254038,3.26913007292
0.02936256,0.0076016107546,2.00759143105,3.26939993598
0.02936456,0.0075193646458,2.00750912202,3.26967377121
0.02936656,0.00743593114215,2.00742562629,3.26995153453
0.02936856,0.00735132341878,2.00734095704,3.27023318121
0.02937056,0.00726555483622,2.00725512764,3.27051866593
0.02937256,0.00717863893833,2.00716815165,3.27080794275
0.02937456,0.00709058945013,2.00708004279,3.27110096513
0.02937656,0.00700142027566,2.00699081499,3.27139768593
0.02937856,0.00691114549577,2.00690048233,3.27169805745
0.02938056,0.00681977936588,2.00680905908,3.27200203138
0.02938256,0.00672733631378,2.00671655967,3.27230955888
0.02938456,0.00663383093729,2.00662299871,3.27262059051
0.02938656,0.00653927800199,2.00652839098,3.27293507631
0.02938856,0.00644369243888,2.00643275141,3.27325296577
0.02939056,0.00634708934205,2.00633609511,3.27357420784
0.02939256,0.00624948396623,2.00623843734,3.27389875093
0.02939456,0.00615089172444,2.00613979352,3.27422654298
0.02939656,0.00605132818555,2.00604017923,3.27455753136
0.02939856,0.00595080907179,2.0059396102,3.27489166299
0.02940056,0.00584935025629,2.00583810231,3.27522888427
0.02940256,0.00574696776058,2.00573567159,3.27556914114
0.02940456,0.00564367775204,2.00563233422,3.27591237905
0.02940656,0.00553949654135,2.00552810651,3.27625854299
0.02940856,0.00543444057995,2.00542300491,3.2766075775
0.02941056,0.00532852645738,2.00531704604,3.27695942668
0.02941256,0.00522177089872,2.00521024662,3.27731403418
0.02941456,0.00511419076189,2.00510262351,3.27767134324
0.02941656,0.00500580303506,2.00499419371,3.27803129666
0.02941856,0.0048966248339,2.00488497435,3.27839383687
0.02942056,0.00478667339892,2.00477498267,3.27875890586
0.02942256,0.00467596609272,2.00466423603,3.27912644526
0.02942456,0.00456452039727,2.00455275193,3.27949639631
0.02942656,0.00445235391113,2.00444054797,3.27986869989
0.02942856,0.00433948434669,2.00432764187,3.28024329651
0.02943056,0.00422592952738,2.00421405146,3.28062012634
0.02943256,0.0041117073848,2.00409979468,3.28099912921
0.02943456,0.00399683595596,2.00398488956,3.28138024461
0.02943656,0.00388133338039,2.00386935426,3.28176341172
0.02943856,0.00376521789729,2.00375320702,3.28214856942
0.02944056,0.00364850784263,2.00363646617,3.28253565627
0.02944256,0.00353122164629,2.00351915016,3.28292461056
0.02944456,0.00341337782912,2.00340127751,3.28331537028
0.02944656,0.00329499500002,2.00328286683,3.28370787317
0.02944856,0.00317609185301,2.00316393682,3.28410205671
0.02945056,0.00305668716428,2.00304450627,3.28449785811
0.02945256,0.00293679978921,2.00292459402,3.28489521437
0.02945456,0.00281644865941,2.00280421902,3.28529406224
0.02945656,0.00269565277972,2.00268340027,3.28569433828
0.02945856,0.0025744312252,2.00256215686,3.28609597881
0.02946056,0.00245280313815,2.00244050793,3.28649891996
0.02946256,0.00233078772505,2.00231847269,3.2869030977
0.02946456,0.00220840425355,2.00219607041,3.2873084478
0.02946656,0.00208567204942,2.00207332041,3.28771490586
0.02946856,0.00196261049349,2.00195024209,3.28812240734
0.02947056,0.00183923901862,2.00182685488,3.28853088754
0.02947256,0.00171557710658,2.00170317826,3.28894028165
0.02947456,0.00159164428503,2.00157923176,3.28935052471
0.02947656,0.0014674601244,2.00145503496,3.28976155165
0.02947856,0.0013430442348,2.00133060746,3.29017329731
0.02948056,0.00121841626295,2.00120596892,3.29058569642
0.02948256,0.00109359588904,2.00108113902,3.29099868366
0.02948456,0.000968602823672,2.00095613746,3.29141219359
0.02948656,0.000843456804686,2.000830984,3.29182616075
0.02948856,0.000718177594092,2.00070569838,3.29224051961
0.02949056,0.00059278497493,2.00058030041,3.2926552046
0.02949256,0.00046729874815,2.00045480987,3.29307015012
0.02949456,0.00034173872948,2.00032924658,3.29348529056
0.02949656,0.000216124746303,2.00020363038,3.29390056029
0.02949856,9.04766345226e-05,2.00007798109,3.29431589369
0.02950056,-3.51857645665e-05,1.99995231857,3.29473122513
0.02950256,-0.000160842607416,1.99982666265,3.29514648904
0.02950456,-0.000286474051353,1.99970103317,3.29556161985
0.02950656,-0.000412060257716,1.99957544998,3.29597655204
0.02950856,-0.000537581394988,1.9994499329,3.29639122015
0.02951056,-0.000663017641926,1.99932450176,3.29680555878
0.02951256,-0.000788349190692,1.99919917636,3.29721950261
0.02951456,-0.000913556249982,1.9990739765,3.29763298638
0.02951656,-0.00103861904815,1.99894892194,3.29804594496
0.02951856,-0.00116351783633,1.99882403243,3.29845831329
0.02952056,-0.00128823289156,1.99869932769,3.29887002646
0.02952256,-0.00141274451987,1.99857482742,3.29928101964
0.02952456,-0.00153703305946,1.99845055128,3.29969122817
0.02952656,-0.0016610788837,1.99832651888,3.30010058753
0.02952856,-0.00178486240433,1.99820274982,3.30050903334
0.02953056,-0.0019083640745,1.99807926365,3.30091650139
0.02953256,-0.00203156439186,1.99795607985,3.30132292766
0.02953456,-0.00215444390165,1.99783321788,3.3017282483
0.02953656,-0.00227698319977,1.99771069715,3.30213239964
0.02953856,-0.00239916293585,1.997588537,3.30253531826
0.02954056,-0.00252096381629,1.99746675672,3.3029369409
0.02954256,-0.00264236660732,1.99734537555,3.30333720456
0.02954456,-0.00276335213803,1.99722441264,3.30373604647
0.02954656,-0.00288390130341,1.99710388711,3.30413340408
0.02954856,-0.00300399506734,1.99698381798,3.30452921512
0.02955056,-0.00312361446562,1.99686422422,3.30492341757
0.02955256,-0.00324274060897,1.9967451247,3.30531594968
0.02955456,-0.00336135468599,1.99662653824,3.30570674999
0.02955656,-0.00347943796613,1.99650848357,3.30609575732
0.02955856,-0.00359697180269,1.99639097932,3.30648291079
0.02956056,-0.0037139376357,1.99627404404,3.30686814985
0.02956256,-0.0038303169949,1.99615769622,3.30725141423
0.02956456,-0.00394609150265,1.99604195421,3.30763264403
0.02956656,-0.0040612428768,1.9959268363,3.30801177966
0.02956856,-0.00417575293363,1.99581236067,3.30838876188
0.02957056,-0.00428960359066,1.99569854538,3.30876353181
0.02957256,-0.00440277686956,1.99558540842,3.30913603093
0.02957456,-0.00451525489895,1.99547296765,3.30950620109
0.02957656,-0.00462701991725,1.99536124082,3.30987398452
0.02957856,-0.00473805427546,1.99525024558,3.31023932386
0.02958056,-0.00484834043999,1.99513999945,3.31060216212
0.02958256,-0.00495786099535,1.99503051986,3.31096244272
0.02958456,-0.00506659864699,1.99492182407,3.31132010953
0.02958656,-0.00517453622396,1.99481392926,3.31167510679
0.02958856,-0.00528165668168,1.99470685247,3.31202737922
0.02959056,-0.00538794310459,1.99460061059,3.31237687196
0.02959256,-0.00549337870882,1.99449522042,3.31272353059
0.02959456,-0.00559794684487,1.9943906986,3.31306730116
0.02959656,-0.00570163100022,1.99428706162,3.31340813018
0.02959856,-0.00580441480194,1.99418432585,3.31374596464
0.02960056,-0.00590628201928,1.99408250752,3.31408075199
0.02960256,-0.00600721656622,1.99398162271,3.3144124402
0.02960456,-0.00610720250402,1.99388168734,3.3147409777
0.02960656,-0.00620622404375,1.9937827172,3.31506631346
0.02960856,-0.00630426554876,1.99368472791,3.31538839693
0.02961056,-0.00640131153716,1.99358773496,3.31570717809
0.02961256,-0.00649734668426,1.99349175364,3.31602260746
0.02961456,-0.006592355825,1.99339679913,3.31633463607
0.02961656,-0.00668632395633,1.99330288642,3.31664321551
0.02961856,-0.0067792362396,1.99321003033,3.3169482979
0.02962056,-0.00687107800289,1.99311824554,3.31724983593
0.02962256,-0.0069618347433,1.99302754652,3.31754778284
0.02962456,-0.0070514921293,1.99293794761,3.31784209245
0.02962656,-0.00714003600295,1.99284946296,3.31813271914
0.02962856,-0.00722745238215,1.99276210653,3.31841961788
0.02963056,-0.00731372746283,1.99267589213,3.31870274424
0.02963256,-0.00739884762116,1.99259083336,3.31898205436
0.02963456,-0.00748279941569,1.99250694365,3.319257505
0.02963656,-0.00756556958944,1.99242423627,3.31952905352
0.02963856,-0.00764714507205,1.99234272426,3.3197966579
0.02964056,-0.0077275129818,1.99226242049,3.32006027672
0.02964256,-0.00780666062768,1.99218333765,3.32031986922
0.02964456,-0.00788457551134,1.99210548823,3.32057539524
0.02964656,-0.00796124532913,1.99202888452,3.32082681527
0.02964856,-0.008036657974,1.99195353862,3.32107409045
0.02965056,-0.0081108015374,1.99187946242,3.32131718256
0.02965256,-0.00818366431122,1.99180666762,3.32155605403
0.02965456,-0.00825523478958,1.99173516571,3.32179066796
0.02965656,-0.00832550167066,1.991664968,3.32202098811
0.02965856,-0.00839445385852,1.99159608556,3.3222469789
0.02966056,-0.00846208046481,1.99152852927,3.32246860545
0.02966256,-0.00852837081049,1.99146230979,3.32268583355
0.02966456,-0.00859331442756,1.99139743759,3.32289862965
0.02966656,-0.00865690106066,1.99133392291,3.32310696093
0.02966856,-0.00871912066873,1.99127177578,3.32331079523
0.02967056,-0.00877996342657,1.99121100601,3.32351010113
0.02967256,-0.00883941972641,1.9911516232,3.32370484786
0.02967456,-0.0088974801794,1.99109363672,3.32389500541
0.02967656,-0.00895413561713,1.99103705574,3.32408054444
0.02967856,-0.00900937709305,1.99098188919,3.32426143637
0.02968056,-0.00906319588388,1.99092814577,3.3244376533
0.02968256,-0.00911558349102,1.99087583398,3.32460916807
0.02968456,-0.00916653164185,1.99082496208,3.32477595426
0.02968656,-0.00921603229108,1.99077553809,3.32493798617
0.02968856,-0.00926407762197,1.99072756983,3.32509523883
0.02969056,-0.00931066004761,1.99068106487,3.32524768803
0.02969256,-0.0093557722121,1.99063603055,3.32539531029
0.02969456,-0.0093994069917,1.99059247399,3.32553808287
0.02969656,-0.00944155749597,1.99055040205,3.32567598379
0.02969856,-0.00948221706887,1.9905098214,3.32580899182
0.02970056,-0.00952137928977,1.99047073842,3.32593708649
0.02970256,-0.00955903797451,1.99043315931,3.32606024807
0.02970456,-0.00959518717633,1.99039708998,3.32617845762
0.02970656,-0.00962982118687,1.99036253613,3.32629169694
0.02970856,-0.00966293453702,1.99032950323,3.32639994861
0.02971056,-0.00969452199778,1.99029799649,3.32650319597
0.02971256,-0.00972457858114,1.99026802088,3.32660142314
0.02971456,-0.0097530995408,1.99023958114,3.32669461501
0.02971656,-0.00978008037299,1.99021268176,3.32678275724
0.02971856,-0.00980551681712,1.99018732698,3.32686583628
0.02972056,-0.00982940485647,1.99016352081,3.32694383934
0.02972256,-0.00985174071884,1.99014126702,3.32701675444
0.02972456,-0.00987252087716,1.9901205691,3.32708457036
0.02972656,-0.00989174204998,1.99010143033,3.32714727667
0.02972856,-0.00990940120206,1.99008385374,3.32720486374
0.02973056,-0.00992549554482,1.9900678421,3.3272573227
0.02973256,-0.00994002253677,1.99005339794,3.32730464549
0.02973456,-0.00995297988393,1.99004052353,3.32734682484
0.02973656,-0.00996436554019,1.99002922092,3.32738385426
0.02973856,-0.00997417770763,1.99001949188,3.32741572806
0.02974056,-0.00998241483678,1.99001133796,3.32744244134
0.02974256,-0.0099890756269,1.99000476043,3.32746398999
0.02974456,-0.00999415902619,1.98999976035,3.3274803707
0.02974656,-0.00999766423191,1.98999633849,3.32749158096
0.02974856,-0.00999959069055,1.98999449541,3.32749761904
0.02975056,-0.00999993809791,1.98999423138,3.32749848401
0.02975256,-0.00999870639911,1.98999554645,3.32749417574
0.02975456,-0.00999589578867,1.98999844042,3.32748469489
0.02975656,-0.0099915067104,1.99000291283,3.32747004291
0.02975856,-0.0099855398574,1.99000896297,3.32745022207
0.02976056,-0.0099779961719,1.99001658988,3.32742523541
0.02976256,-0.00996887684514,1.99002579236,3.32739508676
0.02976456,-0.00995818331716,1.99003656896,3.32735978077
0.02976656,-0.00994591727659,1.99004891798,3.32731932286
0.02976856,-0.00993208066039,1.99006283746,3.32727371924
0.02977056,-0.00991667565352,1.99007832522,3.32722297694
0.02977256,-0.00989970468861,1.99009537879,3.32716710375
0.02977456,-0.00988117044556,1.9901139955,3.32710610826
0.02977656,-0.00986107585115,1.99013417239,3.32703999985
0.02977856,-0.00983942407855,1.99015590629,3.32696878868
0.02978056,-0.00981621854683,1.99017919376,3.32689248572
0.02978256,-0.00979146292041,1.99020403112,3.32681110268
0.02978456,-0.00976516110849,1.99023041445,3.32672465208
0.02978656,-0.00973731726442,1.99025833959,3.32663314723
0.02978856,-0.00970793578508,1.99028780213,3.3265366022
0.02979056,-0.00967702131014,1.99031879741,3.32643503183
0.02979256,-0.00964457872136,1.99035132054,3.32632845176
0.02979456,-0.0096106131418,1.99038536639,3.32621687838
0.02979656,-0.00957512993501,1.99042092957,3.32610032886
0.02979856,-0.0095381347042,1.99045800447,3.32597882114
0.02980056,-0.00949963329136,1.99049658524,3.32585237391
0.02980256,-0.00945963177629,1.99053666578,3.32572100663
0.02980456,-0.00941813647571,1.99057823977,3.32558473953
0.02980656,-0.0093751539422,1.99062130064,3.32544359359
0.02980856,-0.0093306909632,1.99066584159,3.32529759053
0.02981056,-0.00928475455994,1.99071185558,3.32514675285
0.02981256,-0.00923735198629,1.99075933536,3.32499110376
0.02981456,-0.00918849072769,1.99080827342,3.32483066725
0.02981656,-0.00913817849988,1.99085866204,3.32466546803
0.02981856,-0.00908642324776,1.99091049325,3.32449553155
0.02982056,-0.00903323314407,1.99096375888,3.32432088399
0.02982256,-0.00897861658815,1.99101845051,3.32414155227
0.02982456,-0.00892258220459,1.9910745595,3.32395756403
0.02982656,-0.00886513884186,1.991132077,3.32376894763
0.02982856,-0.00880629557095,1.99119099393,3.32357573216
0.02983056,-0.00874606168387,1.99125130097,3.32337794741
0.02983256,-0.00868444669227,1.99131298861,3.32317562389
0.02983456,-0.00862146032587,1.99137604711,3.32296879279
0.02983656,-0.00855711253093,1.9914404665,3.32275748605
0.02983856,-0.00849141346873,1.99150623662,3.32254173625
0.02984056,-0.00842437351391,1.99157334708,3.32232157671
0.02984256,-0.00835600325285,1.99164178727,3.3220970414
0.02984456,-0.00828631348201,1.99171154641,3.32186816499
0.02984656,-0.00821531520621,1.99178261346,3.32163498284
0.02984856,-0.00814301963691,1.9918549772,3.32139753094
0.02985056,-0.00806943819041,1.99192862622,3.32115584599
0.02985256,-0.00799458248608,1.99200354887,3.32090996533
0.02985456,-0.00791846434449,1.99207973333,3.32065992697
0.02985656,-0.0078410957856,1.99215716757,3.32040576954
0.02985856,-0.00776248902678,1.99223583936,3.32014753235
0.02986056,-0.00768265648095,1.99231573627,3.31988525534
0.02986256,-0.00760161075461,1.9923968457,3.31961897906
0.02986456,-0.00751936464581,1.99247915482,3.31934874473
0.02986656,-0.00743593114217,1.99256265065,3.31907459415
0.02986856,-0.0073513234188,1.99264732,3.31879656976
0.02987056,-0.00726555483624,1.9927331495,3.3185147146
0.02987256,-0.00717863893835,1.99282012559,3.31822907233
0.02987456,-0.00709058945015,1.99290823454,3.31793968717
0.02987656,-0.00700142027568,1.99299746244,3.31764660398
0.02987856,-0.00691114549578,1.9930877952,3.31734986816
0.02988056,-0.0068197793659,1.99317921855,3.31704952571
0.02988256,-0.0067273363138,1.99327171806,3.3167456232
0.02988456,-0.0066338309373,1.99336527912,3.31643820776
0.02988656,-0.006539278002,1.99345988695,3.31612732707
0.02988856,-0.0064436924389,1.99355552661,3.31581302937
0.02989056,-0.00634708934207,1.99365218301,3.31549536343
0.02989256,-0.00624948396625,1.99374984088,3.31517437858
0.02989456,-0.00615089172446,1.99384848479,3.31485012466
0.02989656,-0.00605132818557,1.99394809918,3.31452265203
0.02989856,-0.00595080907181,1.99404866831,3.31419201157
0.02990056,-0.00584935025631,1.99415017629,3.31385825466
0.02990256,-0.0057469677606,1.99425260711,3.31352143318
0.02990456,-0.00564367775205,1.99435594458,3.31318159952
0.02990656,-0.00553949654137,1.99446017239,3.31283880652
0.02990856,-0.00543444057997,1.99456527408,3.31249310752
0.02991056,-0.0053285264574,1.99467123305,3.31214455632
0.02991256,-0.00522177089874,1.99477803257,3.31179320718
0.02991456,-0.00511419076191,1.99488565578,3.3114391148
0.02991656,-0.00500580303508,1.99499408567,3.31108233434
0.02991856,-0.00489662483392,1.99510330513,3.31072292139
0.02992056,-0.00478667339894,1.99521329692,3.31036093196
0.02992256,-0.00467596609274,1.99532404365,3.30999642248
0.02992456,-0.00456452039729,1.99543552785,3.30962944981
0.02992656,-0.00445235391115,1.9955477319,3.30926007117
0.02992856,-0.00433948434671,1.9956606381,3.30888834422
0.02993056,-0.0042259295274,1.99577422861,3.30851432696
0.02993256,-0.00411170738482,1.99588848549,3.3081380778
0.02993456,-0.00399683595598,1.9960033907,3.3077596555
0.02993656,-0.00388133338041,1.9961189261,3.30737911917
0.02993856,-0.00376521789731,1.99623507344,3.30699652829
0.02994056,-0.00364850784265,1.99635181438,3.30661194267
0.02994256,-0.00353122164631,1.99646913049,3.30622542244
0.02994456,-0.00341337782914,1.99658700324,3.30583702806
0.02994656,-0.00329499500004,1.99670541402,3.30544682031
0.02994856,-0.00317609185303,1.99682434413,3.30505486027
0.02995056,-0.0030566871643,1.99694377478,3.30466120929
0.02995256,-0.00293679978923,1.99706368713,3.30426592904
0.02995456,-0.00281644865943,1.99718406222,3.30386908145
0.02995656,-0.00269565277974,1.99730488107,3.30347072871
0.02995856,-0.00257443122522,1.99742612457,3.30307093326
0.02996056,-0.00245280313817,1.9975477736,3.30266975781
0.02996256,-0.00233078772508,1.99766980894,3.3022672653
0.02996456,-0.00220840425358,1.99779221132,3.30186351887
0.02996656,-0.00208567204944,1.99791496141,3.30145858191
0.02996856,-0.00196261049352,1.99803803983,3.30105251801
0.02997056,-0.00183923901864,1.99816142714,3.30064539095
0.02997256,-0.00171557710661,1.99828510386,3.30023726469
0.02997456,-0.00159164428506,1.99840905046,3.2998282034
0.02997656,-0.00146746012442,1.99853324736,3.29941827138
0.02997856,-0.00134304423482,1.99865767495,3.29900753311
0.02998056,-0.00121841626297,1.99878231359,3.29859605322
0.02998256,-0.00109359588907,1.99890714359,3.29818389646
0.02998456,-0.000968602823695,1.99903214524,3.29777112774
0.02998656,-0.000843456804709,1.99915729881,3.29735781205
0.02998856,-0.000718177594115,1.99928258452,3.29694401451
0.02999056,-0.000592784974954,1.99940798259,3.29652980033
0.02999256,-0.000467298748173,1.99953347323,3.29611523481
0.02999456,-0.000341738729503,1.99965903661,3.29570038333
0.02999656,-0.000216124746326,1.99978465291,3.29528531134
0.02999856,-9.04766345458e-05,1.9999103023,3.29487008433
0.03,-2.15587355101e-16,2.0000007792,3.29457106169
