time_s,vin_V,vout_V
0,0,0
1e-07,0,0
2e-07,0,0
4e-07,0,0
8e-07,0,0
1.6e-06,0,0
3.2e-06,0,0
6.4e-06,0,0
1.28e-05,0,0
2.28e-05,0,0
3.28e-05,0,0
4.28e-05,0,0
5.28e-05,0,0
6.28e-05,0,0
7.28e-05,0,0
8.28e-05,0,0
9.28e-05,0,0
0.0001028,0,0
0.0001128,0,0
0.0001228,0,0
0.0001328,0,0
0.0001428,0,0
0.0001528,0,0
0.0001628,0,0
0.0001728,0,0
0.0001828,0,0
0.0001928,0,0
0.0002028,0,0
0.0002128,0,0
0.0002228,0,0
0.0002328,0,0
0.0002428,0,0
0.0002528,0,0
0.0002628,0,0
0.0002728,0,0
0.0002828,0,0
0.0002928,0,0
0.0003028,0,0
0.0003128,0,0
0.0003228,0,0
0.0003328,0,0
0.0003428,0,0
0.0003528,0,0
0.0003628,0,0
0.0003728,0,0
0.0003828,0,0
0.0003928,0,0
0.0004028,0,0
0.0004128,0,0
0.0004228,0,0
0.0004328,0,0
0.0004428,0,0
0.0004528,0,0
0.0004628,0,0
0.0004728,0,0
0.0004828,0,0
0.0004928,0,0
0.0005028,0,0
0.0005128,0,0
0.0005228,0,0
0.0005328,0,0
0.0005428,0,0
0.0005528,0,0
0.0005628,0,0
0.0005728,0,0
0.0005828,0,0
0.0005928,0,0
0.0006028,0,0
0.0006128,0,0
0.0006228,0,0
0.0006328,0,0
0.0006428,0,0
0.0006528,0,0
0.0006628,0,0
0.0006728,0,0
0.0006828,0,0
0.0006928,0,0
0.0007028,0,0
0.0007128,0,0
0.0007228,0,0
0.0007328,0,0
0.0007428,0,0
0.0007528,0,0
0.0007628,0,0
0.0007728,0,0
0.0007828,0,0
0.0007928,0,0
0.0008028,0,0
0.0008128,0,0
0.0008228,0,0
0.0008328,0,0
0.0008428,0,0
0.0008528,0,0
0.0008628,0,0
0.0008728,0,0
0.0008828,0,0
0.0008928,0,0
0.0009028,0,0
0.0009128,0,0
0.0009228,0,0
0.0009328,0,0
0.0009428,0,0
0.0009528,0,0
0.0009628,0,0
0.0009728,0,0
0.0009828,0,0
0.0009928,0,0
0.001,0,0
0.00100000002044,2.0441021922e-05,4.17835370269e-13
0.00100000006132,6.13230659828e-05,2.08917683869e-12
0.00100000014309,0.000143087153888,1.0445883929e-11
0.001000000237,0.000237002016753,2.8293893288e-11
0.00100000042483,0.000424831742485,9.04499089075e-11
0.00100000080049,0.000800491194164,3.20601902943e-10
0.00100000155181,0.00155181009752,1.20426554349e-09
0.00100000305445,0.00305444790424,4.66502984406e-09
0.00100000605972,0.00605972351746,1.83602937998e-08
0.00100001207027,0.0120702747441,7.2845661345e-08
0.00100002409138,0.0240913771972,2.90194940701e-07
0.00100004813358,0.0481335821034,1.1584011624e-06
0.00100009621799,0.0962179919157,4.62879214662e-06
0.00100019229284,0.192292839589,1.8486998818e-05
0.00100030956665,0.309566650507,4.79105929433e-05
0.00100045707368,0.457073684778,0.000104441777525
0.00100064483441,0.644834413422,0.00020785999223
0.00100087979679,0.879796793114,0.00038690560668
0.001001,1,0.000499831113794
0.00100100006391,1,0.000499894996676
0.00100100019174,1,0.000500022762431
0.0010010004474,1,0.000500278293894
0.00100100095872,1,0.000500789356622
0.00100100198136,1,0.000501811481294
0.00100100402663,1,0.000503855727503
0.00100100811718,1,0.000507944207379
0.00100101629828,1,0.000516121116957
0.00100103266048,1,0.000532474735427
0.00100106538487,1,0.000565181169637
0.00100113083366,1,0.000630590827268
0.00100126173124,1,0.000761397300421
0.00100152352639,1,0.0010229588867
0.0010020471167,1,0.00154587668635
0.00100309429732,1,0.00259089133143
0.00100518865855,1,0.00467764109859
0.00100937738102,1,0.00883805681172
0.00101775482595,1,0.0171068258326
0.0010276043483,1,0.0267404110118
0.0010376043483,1,0.0364245860266
0.0010476043483,1,0.046012401091
0.0010576043483,1,0.0555048150105
0.0010676043483,1,0.0649027770502
0.0010776043483,1,0.0742072270298
0.0010876043483,1,0.0834190954176
0.0010976043483,1,0.0925393034234
0.0011076043483,1,0.101568763091
0.0011176043483,1,0.110508377388
0.0011276043483,1,0.1193590403
0.0011376043483,1,0.128121636914
0.0011476043483,1,0.136797043512
0.0011576043483,1,0.145386127656
0.0011676043483,1,0.153889748276
0.0011776043483,1,0.162308755756
0.0011876043483,1,0.170643992017
0.0011976043483,1,0.178896290604
0.0012076043483,1,0.187066476767
0.0012176043483,1,0.195155367546
0.0012276043483,1,0.203163771849
0.0012376043483,1,0.211092490537
0.0012476043483,1,0.218942316502
0.0012576043483,1,0.226714034745
0.0012676043483,1,0.234408422459
0.0012776043483,1,0.242026249102
0.0012876043483,1,0.249568276474
0.0012976043483,1,0.257035258797
0.0013076043483,1,0.264427942789
0.0013176043483,1,0.271747067737
0.0013276043483,1,0.27899336557
0.0013376043483,1,0.286167560938
0.0013476043483,1,0.293270371277
0.0013576043483,1,0.300302506886
0.0013676043483,1,0.307264670996
0.0013776043483,1,0.314157559842
0.0013876043483,1,0.320981862729
0.0013976043483,1,0.327738262105
0.0014076043483,1,0.334427433627
0.0014176043483,1,0.341050046227
0.0014276043483,1,0.347606762185
0.0014376043483,1,0.354098237188
0.0014476043483,1,0.3605251204
0.0014576043483,1,0.366888054526
0.0014676043483,1,0.373187675874
0.0014776043483,1,0.379424614422
0.0014876043483,1,0.385599493881
0.0014976043483,1,0.391712931753
0.0015076043483,1,0.397765539397
0.0015176043483,1,0.403757922089
0.0015276043483,1,0.409690679084
0.0015376043483,1,0.41556440367
0.0015476043483,1,0.421379683235
0.0015576043483,1,0.427137099322
0.0015676043483,1,0.432837227687
0.0015776043483,1,0.438480638357
0.0015876043483,1,0.444067895687
0.0015976043483,1,0.449599558416
0.0016076043483,1,0.455076179726
0.0016176043483,1,0.460498307291
0.0016276043483,1,0.465866483338
0.0016376043483,1,0.471181244697
0.0016476043483,1,0.47644312286
0.0016576043483,1,0.481652644025
0.0016676043483,1,0.486810329159
0.0016776043483,1,0.491916694043
0.0016876043483,1,0.496972249326
0.0016976043483,1,0.501977500577
0.0017076043483,1,0.506932948332
0.0017176043483,1,0.51183908815
0.0017276043483,1,0.516696410656
0.0017376043483,1,0.521505401595
0.0017476043483,1,0.526266541877
0.0017576043483,1,0.53098030763
0.0017676043483,1,0.53564717024
0.0017776043483,1,0.540267596407
0.0017876043483,1,0.544842048184
0.0017976043483,1,0.549370983028
0.0018076043483,1,0.553854853844
0.0018176043483,1,0.558294109029
0.0018276043483,1,0.562689192522
0.0018376043483,1,0.56704054384
0.0018476043483,1,0.57134859813
0.0018576043483,1,0.575613786208
0.0018676043483,1,0.579836534604
0.0018776043483,1,0.584017265603
0.0018876043483,1,0.588156397289
0.0018976043483,1,0.592254343584
0.0019076043483,1,0.596311514295
0.0019176043483,1,0.600328315148
0.0019276043483,1,0.604305147833
0.0019376043483,1,0.608242410043
0.0019476043483,1,0.612140495516
0.0019576043483,1,0.615999794068
0.0019676043483,1,0.619820691639
0.0019776043483,1,0.623603570329
0.0019876043483,1,0.627348808436
0.0019976043483,1,0.631056780491
0.0020076043483,1,0.634727857302
0.0020176043483,1,0.638362405985
0.0020276043483,1,0.641960790006
0.0020376043483,1,0.645523369209
0.0020476043483,1,0.649050499864
0.0020576043483,1,0.652542534691
0.0020676043483,1,0.655999822903
0.0020776043483,1,0.659422710238
0.0020876043483,1,0.662811538991
0.0020976043483,1,0.666166648056
0.0021076043483,1,0.669488372951
0.0021176043483,1,0.672777045857
0.0021276043483,1,0.67603299565
0.0021376043483,1,0.679256547932
0.0021476043483,1,0.682448025067
0.0021576043483,1,0.68560774621
0.0021676043483,1,0.688736027343
0.0021776043483,1,0.691833181299
0.0021876043483,1,0.694899517804
0.0021976043483,1,0.697935343497
0.0022076043483,1,0.70094096197
0.0022176043483,1,0.703916673791
0.0022276043483,1,0.70686277654
0.0022376043483,1,0.709779564833
0.0022476043483,1,0.712667330357
0.0022576043483,1,0.715526361895
0.0022676043483,1,0.718356945359
0.0022776043483,1,0.721159363813
0.0022876043483,1,0.723933897507
0.0022976043483,1,0.7266808239
0.0023076043483,1,0.729400417692
0.0023176043483,1,0.732092950849
0.0023276043483,1,0.734758692632
0.0023376043483,1,0.73739790962
0.0023476043483,1,0.740010865744
0.0023576043483,1,0.742597822303
0.0023676043483,1,0.745159038002
0.0023776043483,1,0.747694768967
0.0023876043483,1,0.750205268778
0.0023976043483,1,0.752690788492
0.0024076043483,1,0.755151576666
0.0024176043483,1,0.757587879386
0.0024276043483,1,0.759999940287
0.0024376043483,1,0.762388000583
0.0024476043483,1,0.764752299085
0.0024576043483,1,0.767093072228
0.0024676043483,1,0.769410554097
0.0024776043483,1,0.771704976444
0.0024876043483,1,0.773976568718
0.0024976043483,1,0.776225558084
0.0025076043483,1,0.778452169446
0.0025176043483,1,0.780656625472
0.0025276043483,1,0.782839146611
0.0025376043483,1,0.784999951123
0.0025476043483,1,0.787139255092
0.0025576043483,1,0.789257272454
0.0025676043483,1,0.791354215017
0.0025776043483,1,0.793430292479
0.0025876043483,1,0.795485712454
0.0025976043483,1,0.79752068049
0.0026076043483,1,0.799535400087
0.0026176043483,1,0.801530072723
0.0026276043483,1,0.80350489787
0.0026376043483,1,0.805460073015
0.0026476043483,1,0.807395793682
0.0026576043483,1,0.809312253446
0.0026676043483,1,0.811209643959
0.0026776043483,1,0.813088154965
0.0026876043483,1,0.814947974318
0.0026976043483,1,0.816789288007
0.0027076043483,1,0.818612280166
0.0027176043483,1,0.820417133099
0.0027276043483,1,0.822204027297
0.0027376043483,1,0.823973141454
0.0027476043483,1,0.825724652484
0.0027576043483,1,0.827458735544
0.0027676043483,1,0.829175564046
0.0027776043483,1,0.830875309677
0.0027876043483,1,0.832558142417
0.0027976043483,1,0.834224230552
0.0028076043483,1,0.835873740696
0.0028176043483,1,0.837506837803
0.0028276043483,1,0.839123685188
0.0028376043483,1,0.84072444454
0.0028476043483,1,0.842309275937
0.0028576043483,1,0.843878337868
0.0028676043483,1,0.845431787243
0.0028776043483,1,0.846969779409
0.0028876043483,1,0.848492468171
0.0028976043483,1,0.850000005802
0.0029076043483,1,0.851492543057
0.0029176043483,1,0.852970229196
0.0029276043483,1,0.85443321199
0.0029376043483,1,0.855881637741
0.0029476043483,1,0.857315651296
0.0029576043483,1,0.85873539606
0.0029676043483,1,0.860141014009
0.0029776043483,1,0.861532645711
0.0029876043483,1,0.86291043033
0.0029976043483,1,0.86427450565
0.0030076043483,1,0.865625008082
0.0030176043483,1,0.866962072678
0.0030276043483,1,0.868285833149
0.0030376043483,1,0.869596421874
0.0030476043483,1,0.870893969915
0.0030576043483,1,0.87217860703
0.0030676043483,1,0.873450461687
0.0030776043483,1,0.874709661073
0.0030876043483,1,0.875956331112
0.0030976043483,1,0.877190596474
0.0031076043483,1,0.878412580589
0.0031176043483,1,0.879622405657
0.0031276043483,1,0.880820192666
0.0031376043483,1,0.882006061395
0.0031476043483,1,0.883180130436
0.0031576043483,1,0.884342517198
0.0031676043483,1,0.885493337922
0.0031776043483,1,0.886632707694
0.0031876043483,1,0.887760740454
0.0031976043483,1,0.888877549006
0.0032076043483,1,0.889983245036
0.0032176043483,1,0.891077939115
0.0032276043483,1,0.892161740716
0.0032376043483,1,0.893234758222
0.0032476043483,1,0.894297098936
0.0032576043483,1,0.895348869096
0.0032676043483,1,0.896390173881
0.0032776043483,1,0.897421117424
0.0032876043483,1,0.898441802823
0.0032976043483,1,0.899452332148
0.0033076043483,1,0.900452806455
0.0033176043483,1,0.901443325794
0.0033276043483,1,0.902423989219
0.0033376043483,1,0.903394894799
0.0033476043483,1,0.904356139627
0.0033576043483,1,0.905307819829
0.0033676043483,1,0.906250030577
0.0033776043483,1,0.907182866094
0.0033876043483,1,0.908106419665
0.0033976043483,1,0.909020783649
0.0034076043483,1,0.909926049483
0.0034176043483,1,0.910822307697
0.0034276043483,1,0.911709647919
0.0034376043483,1,0.912588158885
0.0034476043483,1,0.913457928448
0.0034576043483,1,0.914319043588
0.0034676043483,1,0.915171590418
0.0034776043483,1,0.916015654195
0.0034876043483,1,0.916851319327
0.0034976043483,1,0.917678669384
0.0035076043483,1,0.918497787101
0.0035176043483,1,0.919308754394
0.0035276043483,1,0.92011165236
0.0035376043483,1,0.920906561292
0.0035476043483,1,0.921693560682
0.0035576043483,1,0.922472729232
0.0035676043483,1,0.923244144862
0.0035776043483,1,0.924007884714
0.0035876043483,1,0.924764025165
0.0035976043483,1,0.92551264183
0.0036076043483,1,0.926253809573
0.0036176043483,1,0.926987602512
0.0036276043483,1,0.92771409403
0.0036376043483,1,0.928433356775
0.0036476043483,1,0.929145462678
0.0036576043483,1,0.92985048295
0.0036676043483,1,0.930548488095
0.0036776043483,1,0.931239547915
0.0036876043483,1,0.931923731518
0.0036976043483,1,0.932601107323
0.0037076043483,1,0.933271743071
0.0037176043483,1,0.933935705827
0.0037276043483,1,0.934593061988
0.0037376043483,1,0.935243877292
0.0037476043483,1,0.935888216821
0.0037576043483,1,0.936526145012
0.0037676043483,1,0.937157725658
0.0037776043483,1,0.937783021921
0.0037876043483,1,0.938402096329
0.0037976043483,1,0.939015010794
0.0038076043483,1,0.939621826607
0.0038176043483,1,0.940222604451
0.0038276043483,1,0.940817404407
0.0038376043483,1,0.941406285955
0.0038476043483,1,0.941989307986
0.0038576043483,1,0.942566528802
0.0038676043483,1,0.943138006127
0.0038776043483,1,0.943703797111
0.0038876043483,1,0.944263958334
0.0038976043483,1,0.944818545813
0.0039076043483,1,0.945367615009
0.0039176043483,1,0.94591122083
0.0039276043483,1,0.946449417637
0.0039376043483,1,0.946982259253
0.0039476043483,1,0.947509798962
0.0039576043483,1,0.948032089519
0.0039676043483,1,0.948549183156
0.0039776043483,1,0.949061131582
0.0039876043483,1,0.949567985994
0.0039976043483,1,0.950069797079
0.0040076043483,1,0.950566615018
0.0040176043483,1,0.951058489496
0.0040276043483,1,0.9515454697
0.0040376043483,1,0.95202760433
0.0040476043483,1,0.9525049416
0.0040576043483,1,0.952977529246
0.0040676043483,1,0.953445414527
0.0040776043483,1,0.953908644233
0.0040876043483,1,0.954367264689
0.0040976043483,1,0.954821321756
0.0041076043483,1,0.955270860843
0.0041176043483,1,0.955715926905
0.0041276043483,1,0.956156564448
0.0041376043483,1,0.956592817538
0.0041476043483,1,0.957024729801
0.0041576043483,1,0.95745234443
0.0041676043483,1,0.957875704187
0.0041776043483,1,0.958294851409
0.0041876043483,1,0.958709828012
0.0041976043483,1,0.959120675494
0.0042076043483,1,0.959527434942
0.0042176043483,1,0.959930147032
0.0042276043483,1,0.960328852037
0.0042376043483,1,0.960723589828
0.0042476043483,1,0.961114399879
0.0042576043483,1,0.961501321273
0.0042676043483,1,0.961884392704
0.0042776043483,1,0.962263652478
0.0042876043483,1,0.962639138523
0.0042976043483,1,0.963010888388
0.0043076043483,1,0.96337893925
0.0043176043483,1,0.963743327914
0.0043276043483,1,0.96410409082
0.0043376043483,1,0.964461264046
0.0043476043483,1,0.964814883309
0.0043576043483,1,0.965164983973
0.0043676043483,1,0.965511601048
0.0043776043483,1,0.965854769197
0.0043876043483,1,0.966194522737
0.0043976043483,1,0.966530895645
0.0044076043483,1,0.966863921559
0.0044176043483,1,0.967193633782
0.0044276043483,1,0.967520065287
0.0044376043483,1,0.967843248717
0.0044476043483,1,0.968163216391
0.0044576043483,1,0.968480000308
0.0044676043483,1,0.968793632146
0.0044776043483,1,0.969104143268
0.0044876043483,1,0.969411564729
0.0044976043483,1,0.969715927269
0.0045076043483,1,0.970017261326
0.0045176043483,1,0.970315597034
0.0045276043483,1,0.970610964227
0.0045376043483,1,0.970903392444
0.0045476043483,1,0.971192910927
0.0045576043483,1,0.971479548629
0.0045676043483,1,0.971763334215
0.0045776043483,1,0.972044296064
0.0045876043483,1,0.972322462272
0.0045976043483,1,0.972597860657
0.0046076043483,1,0.97287051876
0.0046176043483,1,0.973140463847
0.0046276043483,1,0.973407722914
0.0046376043483,1,0.973672322686
0.0046476043483,1,0.973934289624
0.0046576043483,1,0.974193649926
0.0046676043483,1,0.974450429529
0.0046776043483,1,0.974704654111
0.0046876043483,1,0.974956349095
0.0046976043483,1,0.975205539651
0.0047076043483,1,0.975452250699
0.0047176043483,1,0.975696506911
0.0047276043483,1,0.975938332713
0.0047376043483,1,0.976177752288
0.0047476043483,1,0.976414789579
0.0047576043483,1,0.976649468289
0.0047676043483,1,0.976881811889
0.0047776043483,1,0.977111843611
0.0047876043483,1,0.977339586461
0.0047976043483,1,0.977565063212
0.0048076043483,1,0.977788296414
0.0048176043483,1,0.97800930839
0.0048276043483,1,0.978228121242
0.0048376043483,1,0.978444756852
0.0048476043483,1,0.978659236883
0.0048576043483,1,0.978871582785
0.0048676043483,1,0.979081815792
0.0048776043483,1,0.979289956928
0.0048876043483,1,0.979496027008
0.0048976043483,1,0.97970004664
0.0049076043483,1,0.979902036226
0.0049176043483,1,0.980102015965
0.0049276043483,1,0.980300005856
0.0049376043483,1,0.980496025698
0.0049476043483,1,0.980690095094
0.0049576043483,1,0.980882233451
0.0049676043483,1,0.981072459984
0.0049776043483,1,0.981260793716
0.0049876043483,1,0.98144725348
0.0049976043483,1,0.981631857923
0.0050076043483,1,0.981814625505
0.0050176043483,1,0.981995574505
0.0050276043483,1,0.982174723018
0.0050376043483,1,0.982352088958
0.0050476043483,1,0.982527690063
0.0050576043483,1,0.982701543893
0.0050676043483,1,0.982873667834
0.0050776043483,1,0.9830440791
0.0050876043483,1,0.983212794731
0.0050976043483,1,0.983379831599
0.0051076043483,1,0.983545206409
0.0051176043483,1,0.983708935698
0.0051276043483,1,0.983871035841
0.0051376043483,1,0.984031523046
0.0051476043483,1,0.984190413364
0.0051576043483,1,0.984347722684
0.0051676043483,1,0.984503466737
0.0051776043483,1,0.984657661098
0.0051876043483,1,0.984810321186
0.0051976043483,1,0.984961462269
0.0052076043483,1,0.98511109946
0.0052176043483,1,0.985259247724
0.0052276043483,1,0.985405921876
0.0052376043483,1,0.985551136584
0.0052476043483,1,0.985694906369
0.0052576043483,1,0.985837245609
0.0052676043483,1,0.985978168539
0.0052776043483,1,0.98611768925
0.0052876043483,1,0.986255821695
0.0052976043483,1,0.986392579688
0.0053076043483,1,0.986527976905
0.0053176043483,1,0.986662026886
0.0053276043483,1,0.986794743037
0.0053376043483,1,0.986926138628
0.0053476043483,1,0.987056226801
0.0053576043483,1,0.987185020564
0.0053676043483,1,0.987312532797
0.0053776043483,1,0.987438776252
0.0053876043483,1,0.987563763553
0.0053976043483,1,0.987687507199
0.0054076043483,1,0.987810019566
0.0054176043483,1,0.987931312903
0.0054276043483,1,0.988051399342
0.0054376043483,1,0.988170290891
0.0054476043483,1,0.988287999439
0.0054576043483,1,0.988404536758
0.0054676043483,1,0.988519914502
0.0054776043483,1,0.988634144208
0.0054876043483,1,0.988747237301
0.0054976043483,1,0.988859205089
0.0055076043483,1,0.98897005877
0.0055176043483,1,0.989079809429
0.0055276043483,1,0.989188468041
0.0055376043483,1,0.989296045474
0.0055476043483,1,0.989402552484
0.0055576043483,1,0.989507999723
0.0055676043483,1,0.989612397736
0.0055776043483,1,0.989715756962
0.0055876043483,1,0.989818087739
0.0055976043483,1,0.989919400298
0.0056076043483,1,0.990019704773
0.0056176043483,1,0.990119011193
0.0056276043483,1,0.99021732949
0.0056376043483,1,0.990314669495
0.0056476043483,1,0.990411040943
0.0056576043483,1,0.990506453471
0.0056676043483,1,0.99060091662
0.0056776043483,1,0.990694439838
0.0056876043483,1,0.990787032476
0.0056976043483,1,0.990878703795
0.0057076043483,1,0.990969462961
0.0057176043483,1,0.991059319051
0.0057276043483,1,0.991148281051
0.0057376043483,1,0.991236357856
0.0057476043483,1,0.991323558275
0.0057576043483,1,0.991409891029
0.0057676043483,1,0.99149536475
0.0057776043483,1,0.991579987986
0.0057876043483,1,0.9916637692
0.0057976043483,1,0.991746716771
0.0058076043483,1,0.991828838992
0.0058176043483,1,0.991910144076
0.0058276043483,1,0.991990640155
0.0058376043483,1,0.992070335278
0.0058476043483,1,0.992149237415
0.0058576043483,1,0.992227354455
0.0058676043483,1,0.992304694212
0.0058776043483,1,0.992381264419
0.0058876043483,1,0.992457072733
0.0058976043483,1,0.992532126736
0.0059076043483,1,0.992606433932
0.0059176043483,1,0.992680001754
0.0059276043483,1,0.992752837557
0.0059376043483,1,0.992824948626
0.0059476043483,1,0.992896342172
0.0059576043483,1,0.992967025335
0.0059676043483,1,0.993037005182
0.0059776043483,1,0.993106288713
0.0059876043483,1,0.993174882855
0.0059976043483,1,0.993242794468
0.0060076043483,1,0.993310030344
0.0060176043483,1,0.993376597207
0.0060276043483,1,0.993442501712
0.0060376043483,1,0.993507750451
0.0060476043483,1,0.993572349949
0.0060576043483,1,0.993636306666
0.0060676043483,1,0.993699626998
0.0060776043483,1,0.993762317276
0.0060876043483,1,0.993824383771
0.0060976043483,1,0.993885832689
0.0061076043483,1,0.993946670174
0.0061176043483,1,0.994006902312
0.0061276043483,1,0.994066535125
0.0061376043483,1,0.994125574576
0.0061476043483,1,0.994184026571
0.0061576043483,1,0.994241896953
0.0061676043483,1,0.994299191511
0.0061776043483,1,0.994355915973
0.0061876043483,1,0.994412076013
0.0061976043483,1,0.994467677247
0.0062076043483,1,0.994522725235
0.0062176043483,1,0.994577225481
0.0062276043483,1,0.994631183436
0.0062376043483,1,0.994684604497
0.0062476043483,1,0.994737494004
0.0062576043483,1,0.994789857248
0.0062676043483,1,0.994841699464
0.0062776043483,1,0.994893025838
0.0062876043483,1,0.994943841501
0.0062976043483,1,0.994994151536
0.0063076043483,1,0.995043960974
0.0063176043483,1,0.995093274795
0.0063276043483,1,0.995142097931
0.0063376043483,1,0.995190435265
0.0063476043483,1,0.995238291631
0.0063576043483,1,0.995285671813
0.0063676043483,1,0.995332580552
0.0063776043483,1,0.995379022536
0.0063876043483,1,0.995425002411
0.0063976043483,1,0.995470524775
0.0064076043483,1,0.995515594181
0.0064176043483,1,0.995560215134
0.0064276043483,1,0.995604392098
0.0064376043483,1,0.99564812949
0.0064476043483,1,0.995691431684
0.0064576043483,1,0.995734303011
0.0064676043483,1,0.995776747757
0.0064776043483,1,0.995818770167
0.0064876043483,1,0.995860374444
0.0064976043483,1,0.995901564748
0.0065076043483,1,0.995942345198
0.0065176043483,1,0.995982719873
0.0065276043483,1,0.99602269281
0.0065376043483,1,0.996062268006
0.0065476043483,1,0.996101449418
0.0065576043483,1,0.996140240967
0.0065676043483,1,0.996178646529
0.0065776043483,1,0.996216669947
0.0065876043483,1,0.996254315022
0.0065976043483,1,0.996291585519
0.0066076043483,1,0.996328485166
0.0066176043483,1,0.996365017652
0.0066276043483,1,0.99640118663
0.0066376043483,1,0.996436995718
0.0066476043483,1,0.996472448497
0.0066576043483,1,0.996507548512
0.0066676043483,1,0.996542299273
0.0066776043483,1,0.996576704256
0.0066876043483,1,0.9966107669
0.0066976043483,1,0.996644490612
0.0067076043483,1,0.996677878766
0.0067176043483,1,0.996710934698
0.0067276043483,1,0.996743661716
0.0067376043483,1,0.996776063092
0.0067476043483,1,0.996808142066
0.0067576043483,1,0.996839901847
0.0067676043483,1,0.996871345609
0.0067776043483,1,0.996902476499
0.0067876043483,1,0.996933297628
0.0067976043483,1,0.99696381208
0.0068076043483,1,0.996994022905
0.0068176043483,1,0.997023933125
0.0068276043483,1,0.99705354573
0.0068376043483,1,0.997082863683
0.0068476043483,1,0.997111889915
0.0068576043483,1,0.997140627329
0.0068676043483,1,0.997169078798
0.0068776043483,1,0.997197247169
0.0068876043483,1,0.997225135257
0.0068976043483,1,0.997252745851
0.0069076043483,1,0.997280081713
0.0069176043483,1,0.997307145577
0.0069276043483,1,0.997333940148
0.0069376043483,1,0.997360468107
0.0069476043483,1,0.997386732106
0.0069576043483,1,0.997412734771
0.0069676043483,1,0.997438478704
0.0069776043483,1,0.997463966478
0.0069876043483,1,0.997489200642
0.0069976043483,1,0.997514183721
0.0070076043483,1,0.997538918211
0.0070176043483,1,0.997563406587
0.0070276043483,1,0.997587651298
0.0070376043483,1,0.997611654767
0.0070476043483,1,0.997635419396
0.0070576043483,1,0.997658947562
0.0070676043483,1,0.997682241616
0.0070776043483,1,0.997705303888
0.0070876043483,1,0.997728136685
0.0070976043483,1,0.99775074229
0.0071076043483,1,0.997773122964
0.0071176043483,1,0.997795280945
0.0071276043483,1,0.997817218448
0.0071376043483,1,0.997838937667
0.0071476043483,1,0.997860440775
0.0071576043483,1,0.997881729921
0.0071676043483,1,0.997902807236
0.0071776043483,1,0.997923674825
0.0071876043483,1,0.997944334777
0.0071976043483,1,0.997964789158
0.0072076043483,1,0.997985040012
0.0072176043483,1,0.998005089365
0.0072276043483,1,0.998024939222
0.0072376043483,1,0.998044591568
0.0072476043483,1,0.998064048368
0.0072576043483,1,0.998083311569
0.0072676043483,1,0.998102383095
0.0072776043483,1,0.998121264856
0.0072876043483,1,0.998139958738
0.0072976043483,1,0.998158466611
0.0073076043483,1,0.998176790326
0.0073176043483,1,0.998194931716
0.0073276043483,1,0.998212892594
0.0073376043483,1,0.998230674758
0.0073476043483,1,0.998248279984
0.0073576043483,1,0.998265710034
0.0073676043483,1,0.99828296665
0.0073776043483,1,0.998300051559
0.0073876043483,1,0.998316966469
0.0073976043483,1,0.998333713072
0.0074076043483,1,0.998350293041
0.0074176043483,1,0.998366708036
0.0074276043483,1,0.998382959697
0.0074376043483,1,0.99839904965
0.0074476043483,1,0.998414979504
0.0074576043483,1,0.998430750853
0.0074676043483,1,0.998446365272
0.0074776043483,1,0.998461824324
0.0074876043483,1,0.998477129555
0.0074976043483,1,0.998492282494
0.0075076043483,1,0.998507284659
0.0075176043483,1,0.998522137548
0.0075276043483,1,0.998536842647
0.0075376043483,1,0.998551401426
0.0075476043483,1,0.998565815342
0.0075576043483,1,0.998580085837
0.0075676043483,1,0.998594214336
0.0075776043483,1,0.998608202253
0.0075876043483,1,0.998622050987
0.0075976043483,1,0.998635761922
0.0076076043483,1,0.99864933643
0.0076176043483,1,0.998662775869
0.0076276043483,1,0.998676081582
0.0076376043483,1,0.998689254899
0.0076476043483,1,0.998702297139
0.0076576043483,1,0.998715209605
0.0076676043483,1,0.998727993589
0.0076776043483,1,0.998740650369
0.0076876043483,1,0.998753181212
0.0076976043483,1,0.998765587369
0.0077076043483,1,0.998777870081
0.0077176043483,1,0.998790030578
0.0077276043483,1,0.998802070075
0.0077376043483,1,0.998813989776
0.0077476043483,1,0.998825790872
0.0077576043483,1,0.998837474545
0.0077676043483,1,0.998849041963
0.0077776043483,1,0.998860494281
0.0077876043483,1,0.998871832647
0.0077976043483,1,0.998883058193
0.0078076043483,1,0.998894172041
0.0078176043483,1,0.998905175305
0.0078276043483,1,0.998916069083
0.0078376043483,1,0.998926854465
0.0078476043483,1,0.99893753253
0.0078576043483,1,0.998948104346
0.0078676043483,1,0.998958570969
0.0078776043483,1,0.998968933447
0.0078876043483,1,0.998979192816
0.0078976043483,1,0.998989350101
0.0079076043483,1,0.998999406319
0.0079176043483,1,0.999009362475
0.0079276043483,1,0.999019219565
0.0079376043483,1,0.999028978574
0.0079476043483,1,0.999038640479
0.0079576043483,1,0.999048206245
0.0079676043483,1,0.99905767683
0.0079776043483,1,0.99906705318
0.0079876043483,1,0.999076336233
0.0079976043483,1,0.999085526917
0.0080076043483,1,0.999094626152
0.0080176043483,1,0.999103634847
0.0080276043483,1,0.999112553903
0.0080376043483,1,0.999121384212
0.0080476043483,1,0.999130126658
0.0080576043483,1,0.999138782114
0.0080676043483,1,0.999147351446
0.0080776043483,1,0.999155835512
0.0080876043483,1,0.999164235158
0.0080976043483,1,0.999172551226
0.0081076043483,1,0.999180784547
0.0081176043483,1,0.999188935945
0.0081276043483,1,0.999197006234
0.0081376043483,1,0.999204996222
0.0081476043483,1,0.999212906707
0.0081576043483,1,0.999220738481
0.0081676043483,1,0.999228492327
0.0081776043483,1,0.99923616902
0.0081876043483,1,0.999243769329
0.0081976043483,1,0.999251294012
0.0082076043483,1,0.999258743823
0.0082176043483,1,0.999266119506
0.0082276043483,1,0.9992734218
0.0082376043483,1,0.999280651433
0.0082476043483,1,0.999287809131
0.0082576043483,1,0.999294895607
0.0082676043483,1,0.999301911571
0.0082776043483,1,0.999308857725
0.0082876043483,1,0.999315734762
0.0082976043483,1,0.999322543371
0.0083076043483,1,0.999329284233
0.0083176043483,1,0.999335958022
0.0083276043483,1,0.999342565405
0.0083376043483,1,0.999349107043
0.0083476043483,1,0.99935558359
0.0083576043483,1,0.999361995693
0.0083676043483,1,0.999368343995
0.0083776043483,1,0.999374629129
0.0083876043483,1,0.999380851725
0.0083976043483,1,0.999387012404
0.0084076043483,1,0.999393111783
0.0084176043483,1,0.999399150472
0.0084276043483,1,0.999405129074
0.0084376043483,1,0.999411048188
0.0084476043483,1,0.999416908405
0.0084576043483,1,0.999422710311
0.0084676043483,1,0.999428454487
0.0084776043483,1,0.999434141507
0.0084876043483,1,0.99943977194
0.0084976043483,1,0.999445346349
0.0085076043483,1,0.999450865291
0.0085176043483,1,0.999456329318
0.0085276043483,1,0.999461738976
0.0085376043483,1,0.999467094807
0.0085476043483,1,0.999472397346
0.0085576043483,1,0.999477647124
0.0085676043483,1,0.999482844665
0.0085776043483,1,0.999487990489
0.0085876043483,1,0.999493085111
0.0085976043483,1,0.999498129041
0.0086076043483,1,0.999503122781
0.0086176043483,1,0.999508066833
0.0086276043483,1,0.999512961691
0.0086376043483,1,0.999517807843
0.0086476043483,1,0.999522605775
0.0086576043483,1,0.999527355966
0.0086676043483,1,0.999532058892
0.0086776043483,1,0.999536715022
0.0086876043483,1,0.999541324823
0.0086976043483,1,0.999545888755
0.0087076043483,1,0.999550407275
0.0087176043483,1,0.999554880835
0.0087276043483,1,0.999559309881
0.0087376043483,1,0.999563694857
0.0087476043483,1,0.999568036202
0.0087576043483,1,0.999572334349
0.0087676043483,1,0.999576589729
0.0087776043483,1,0.999580802766
0.0087876043483,1,0.999584973883
0.0087976043483,1,0.999589103496
0.0088076043483,1,0.999593192019
0.0088176043483,1,0.999597239859
0.0088276043483,1,0.999601247423
0.0088376043483,1,0.99960521511
0.0088476043483,1,0.999609143318
0.0088576043483,1,0.999613032439
0.0088676043483,1,0.999616882863
0.0088776043483,1,0.999620694974
0.0088876043483,1,0.999624469153
0.0088976043483,1,0.999628205778
0.0089076043483,1,0.999631905223
0.0089176043483,1,0.999635567858
0.0089276043483,1,0.999639194048
0.0089376043483,1,0.999642784157
0.0089476043483,1,0.999646338544
0.0089576043483,1,0.999649857563
0.0089676043483,1,0.999653341568
0.0089776043483,1,0.999656790905
0.0089876043483,1,0.999660205921
0.0089976043483,1,0.999663586957
0.0090076043483,1,0.99966693435
0.0090176043483,1,0.999670248436
0.0090276043483,1,0.999673529546
0.0090376043483,1,0.999676778009
0.0090476043483,1,0.999679994148
0.0090576043483,1,0.999683178286
0.0090676043483,1,0.999686330741
0.0090776043483,1,0.999689451828
0.0090876043483,1,0.999692541859
0.0090976043483,1,0.999695601144
0.0091076043483,1,0.999698629989
0.0091176043483,1,0.999701628695
0.0091276043483,1,0.999704597564
0.0091376043483,1,0.999707536892
0.0091476043483,1,0.999710446972
0.0091576043483,1,0.999713328097
0.0091676043483,1,0.999716180554
0.0091776043483,1,0.999719004628
0.0091876043483,1,0.999721800602
0.0091976043483,1,0.999724568755
0.0092076043483,1,0.999727309364
0.0092176043483,1,0.999730022704
0.0092276043483,1,0.999732709045
0.0092376043483,1,0.999735368657
0.0092476043483,1,0.999738001804
0.0092576043483,1,0.999740608752
0.0092676043483,1,0.999743189759
0.0092776043483,1,0.999745745085
0.0092876043483,1,0.999748274984
0.0092976043483,1,0.999750779711
0.0093076043483,1,0.999753259515
0.0093176043483,1,0.999755714644
0.0093276043483,1,0.999758145344
0.0093376043483,1,0.999760551858
0.0093476043483,1,0.999762934427
0.0093576043483,1,0.999765293288
0.0093676043483,1,0.999767628678
0.0093776043483,1,0.999769940831
0.0093876043483,1,0.999772229977
0.0093976043483,1,0.999774496345
0.0094076043483,1,0.999776740163
0.0094176043483,1,0.999778961653
0.0094276043483,1,0.99978116104
0.0094376043483,1,0.999783338542
0.0094476043483,1,0.999785494377
0.0094576043483,1,0.999787628762
0.0094676043483,1,0.999789741908
0.0094776043483,1,0.999791834029
0.0094876043483,1,0.999793905332
0.0094976043483,1,0.999795956025
0.0095076043483,1,0.999797986313
0.0095176043483,1,0.9997999964
0.0095276043483,1,0.999801986485
0.0095376043483,1,0.999803956769
0.0095476043483,1,0.999805907448
0.0095576043483,1,0.999807838717
0.0095676043483,1,0.99980975077
0.0095776043483,1,0.999811643797
0.0095876043483,1,0.999813517988
0.0095976043483,1,0.99981537353
0.0096076043483,1,0.99981721061
0.0096176043483,1,0.99981902941
0.0096276043483,1,0.999820830112
0.0096376043483,1,0.999822612897
0.0096476043483,1,0.999824377943
0.0096576043483,1,0.999826125426
0.0096676043483,1,0.999827855521
0.0096776043483,1,0.999829568402
0.0096876043483,1,0.999831264238
0.0096976043483,1,0.999832943201
0.0097076043483,1,0.999834605458
0.0097176043483,1,0.999836251175
0.0097276043483,1,0.999837880516
0.0097376043483,1,0.999839493646
0.0097476043483,1,0.999841090724
0.0097576043483,1,0.999842671911
0.0097676043483,1,0.999844237364
0.0097776043483,1,0.999845787241
0.0097876043483,1,0.999847321696
0.0097976043483,1,0.999848840884
0.0098076043483,1,0.999850344954
0.0098176043483,1,0.999851834059
0.0098276043483,1,0.999853308347
0.0098376043483,1,0.999854767966
0.0098476043483,1,0.999856213061
0.0098576043483,1,0.999857643776
0.0098676043483,1,0.999859060256
0.0098776043483,1,0.999860462642
0.0098876043483,1,0.999861851073
0.0098976043483,1,0.999863225689
0.0099076043483,1,0.999864586628
0.0099176043483,1,0.999865934024
0.0099276043483,1,0.999867268014
0.0099376043483,1,0.999868588731
0.0099476043483,1,0.999869896305
0.0099576043483,1,0.999871190869
0.0099676043483,1,0.999872472552
0.0099776043483,1,0.999873741482
0.0099876043483,1,0.999874997786
0.0099976043483,1,0.999876241589
0.0100076043483,1,0.999877473016
0.0100176043483,1,0.99987869219
0.0100276043483,1,0.999879899233
0.0100376043483,1,0.999881094265
0.0100476043483,1,0.999882277407
0.0100576043483,1,0.999883448776
0.0100676043483,1,0.99988460849
0.0100776043483,1,0.999885756664
0.0100876043483,1,0.999886893414
0.0100976043483,1,0.999888018852
0.0101076043483,1,0.999889133093
0.0101176043483,1,0.999890236246
0.0101276043483,1,0.999891328422
0.0101376043483,1,0.999892409732
0.0101476043483,1,0.999893480282
0.0101576043483,1,0.999894540179
0.0101676043483,1,0.999895589531
0.0101776043483,1,0.999896628441
0.0101876043483,1,0.999897657014
0.0101976043483,1,0.999898675352
0.0102076043483,1,0.999899683557
0.0102176043483,1,0.999900681731
0.0102276043483,1,0.999901669972
0.0102376043483,1,0.999902648381
0.0102476043483,1,0.999903617053
0.0102576043483,1,0.999904576088
0.0102676043483,1,0.999905525579
0.0102776043483,1,0.999906465623
0.0102876043483,1,0.999907396314
0.0102976043483,1,0.999908317743
0.0103076043483,1,0.999909230005
0.0103176043483,1,0.999910133189
0.0103276043483,1,0.999911027386
0.0103376043483,1,0.999911912685
0.0103476043483,1,0.999912789176
0.0103576043483,1,0.999913656946
0.0103676043483,1,0.99991451608
0.0103776043483,1,0.999915366667
0.0103876043483,1,0.999916208789
0.0103976043483,1,0.999917042533
0.0104076043483,1,0.99991786798
0.0104176043483,1,0.999918685214
0.0104276043483,1,0.999919494317
0.0104376043483,1,0.999920295368
0.0104476043483,1,0.999921088449
0.0104576043483,1,0.999921873639
0.0104676043483,1,0.999922651015
0.0104776043483,1,0.999923420657
0.0104876043483,1,0.999924182641
0.0104976043483,1,0.999924937042
0.0105076043483,1,0.999925683937
0.0105176043483,1,0.999926423401
0.0105276043483,1,0.999927155506
0.0105376043483,1,0.999927880327
0.0105476043483,1,0.999928597935
0.0105576043483,1,0.999929308404
0.0105676043483,1,0.999930011803
0.0105776043483,1,0.999930708203
0.0105876043483,1,0.999931397673
0.0105976043483,1,0.999932080284
0.0106076043483,1,0.999932756102
0.0106176043483,1,0.999933425195
0.0106276043483,1,0.999934087631
0.0106376043483,1,0.999934743476
0.0106476043483,1,0.999935392794
0.0106576043483,1,0.999936035652
0.0106676043483,1,0.999936672113
0.0106776043483,1,0.999937302241
0.0106876043483,1,0.9999379261
0.0106976043483,1,0.99993854375
0.0107076043483,1,0.999939155255
0.0107176043483,1,0.999939760676
0.0107276043483,1,0.999940360072
0.0107376043483,1,0.999940953504
0.0107476043483,1,0.999941541031
0.0107576043483,1,0.999942122713
0.0107676043483,1,0.999942698606
0.0107776043483,1,0.999943268769
0.0107876043483,1,0.999943833259
0.0107976043483,1,0.999944392132
0.0108076043483,1,0.999944945444
0.0108176043483,1,0.999945493251
0.0108276043483,1,0.999946035606
0.0108376043483,1,0.999946572566
0.0108476043483,1,0.999947104182
0.0108576043483,1,0.999947630508
0.0108676043483,1,0.999948151598
0.0108776043483,1,0.999948667502
0.0108876043483,1,0.999949178274
0.0108976043483,1,0.999949683962
0.0109076043483,1,0.999950184619
0.0109176043483,1,0.999950680295
0.0109276043483,1,0.999951171038
0.0109376043483,1,0.999951656898
0.0109476043483,1,0.999952137924
0.0109576043483,1,0.999952614164
0.0109676043483,1,0.999953085665
0.0109776043483,1,0.999953552474
0.0109876043483,1,0.999954014639
0.0109976043483,1,0.999954472204
0.011001,1,0.999954626539
0.0110011,0.900000000001,0.999944632076
0.0110013,0.699999999998,0.999904647148
0.0110015970895,0.402910498675,0.999771437327
0.0110019154439,0.0845561258328,0.99953078759
0.011002,0,0.99944984943
0.0110020636709,0,0.999386217636
0.0110021910126,0,0.999258962149
0.0110024435486,0,0.999006645158
0.0110029486206,0,0.998502202286
0.0110039587645,0,0.997494080494
0.0110059790525,0,0.995480888873
0.0110100196283,0,0.99146668271
0.0110181007799,0,0.983486733678
0.0110281007799,0,0.973700796029
0.0110381007799,0,0.964012230895
0.0110481007799,0,0.954420069393
0.0110581007799,0,0.944923352285
0.0110681007799,0,0.935521129874
0.0110781007799,0,0.926212461915
0.0110881007799,0,0.916996417518
0.0110981007799,0,0.907872075055
0.0111081007799,0,0.898838522069
0.0111181007799,0,0.889894855183
0.0111281007799,0,0.881040180007
0.0111381007799,0,0.872273611052
0.0111481007799,0,0.863594271638
0.0111581007799,0,0.855001293811
0.0111681007799,0,0.846493818251
0.0111781007799,0,0.838070994189
0.0111881007799,0,0.829731979321
0.0111981007799,0,0.821475939726
0.0112081007799,0,0.813302049778
0.0112181007799,0,0.805209492069
0.0112281007799,0,0.797197457322
0.0112381007799,0,0.789265144314
0.0112481007799,0,0.781411759793
0.0112581007799,0,0.773636518402
0.0112681007799,0,0.765938642597
0.0112781007799,0,0.758317362572
0.0112881007799,0,0.750771916178
0.0112981007799,0,0.743301548853
0.0113081007799,0,0.735905513541
0.0113181007799,0,0.72858307062
0.0113281007799,0,0.721333487828
0.0113381007799,0,0.714156040188
0.0113481007799,0,0.707050009937
0.0113581007799,0,0.700014686455
0.0113681007799,0,0.693049366192
0.0113781007799,0,0.686153352598
0.0113881007799,0,0.679325956055
0.0113981007799,0,0.672566493805
0.0114081007799,0,0.665874289887
0.0114181007799,0,0.659248675062
0.0114281007799,0,0.652688986753
0.0114381007799,0,0.646194568974
0.0114481007799,0,0.639764772268
0.0114581007799,0,0.633398953639
0.0114681007799,0,0.627096476488
0.0114781007799,0,0.620856710553
0.0114881007799,0,0.614679031841
0.0114981007799,0,0.608562822569
0.0115081007799,0,0.6025074711
0.0115181007799,0,0.596512371886
0.0115281007799,0,0.590576925399
0.0115381007799,0,0.584700538082
0.0115481007799,0,0.57888262228
0.0115581007799,0,0.573122596188
0.0115681007799,0,0.567419883788
0.0115781007799,0,0.561773914795
0.0115881007799,0,0.556184124598
0.0115981007799,0,0.550649954204
0.0116081007799,0,0.545170850182
0.0116181007799,0,0.539746264608
0.0116281007799,0,0.53437565501
0.0116381007799,0,0.529058484313
0.0116481007799,0,0.523794220788
0.0116581007799,0,0.518582337994
0.0116681007799,0,0.51342231473
0.0116781007799,0,0.508313634982
0.0116881007799,0,0.503255787867
0.0116981007799,0,0.49824826759
0.0117081007799,0,0.493290573385
0.0117181007799,0,0.488382209471
0.0117281007799,0,0.483522684999
0.0117381007799,0,0.478711514004
0.0117481007799,0,0.473948215357
0.0117581007799,0,0.469232312716
0.0117681007799,0,0.46456333448
0.0117781007799,0,0.459940813739
0.0117881007799,0,0.455364288229
0.0117981007799,0,0.450833300287
0.0118081007799,0,0.446347396801
0.0118181007799,0,0.441906129172
0.0118281007799,0,0.437509053259
0.0118381007799,0,0.433155729346
0.0118481007799,0,0.428845722089
0.0118581007799,0,0.424578600476
0.0118681007799,0,0.420353937785
0.0118781007799,0,0.416171311538
0.0118881007799,0,0.412030303463
0.0118981007799,0,0.407930499449
0.0119081007799,0,0.403871489504
0.0119181007799,0,0.399852867718
0.0119281007799,0,0.395874232218
0.0119381007799,0,0.391935185132
0.0119481007799,0,0.388035332543
0.0119581007799,0,0.384174284458
0.0119681007799,0,0.380351654762
0.0119781007799,0,0.376567061182
0.0119881007799,0,0.37282012525
0.0119981007799,0,0.369110472263
0.0120081007799,0,0.365437731245
0.0120181007799,0,0.361801534914
0.0120281007799,0,0.358201519642
0.0120381007799,0,0.354637325416
0.0120481007799,0,0.35110859581
0.0120581007799,0,0.347614977941
0.0120681007799,0,0.344156122439
0.0120781007799,0,0.34073168341
0.0120881007799,0,0.337341318401
0.0120981007799,0,0.333984688367
0.0121081007799,0,0.330661457637
0.0121181007799,0,0.32737129388
0.0121281007799,0,0.32411386807
0.0121381007799,0,0.320888854457
0.0121481007799,0,0.317695930532
0.0121581007799,0,0.314534776995
0.0121681007799,0,0.311405077721
0.0121781007799,0,0.308306519734
0.0121881007799,0,0.305238793169
0.0121981007799,0,0.302201591247
0.0122081007799,0,0.29919461024
0.0122181007799,0,0.296217549441
0.0122281007799,0,0.293270111139
0.0122381007799,0,0.29035200058
0.0122481007799,0,0.287462925947
0.0122581007799,0,0.284602598326
0.0122681007799,0,0.281770731676
0.0122781007799,0,0.278967042804
0.0122881007799,0,0.276191251333
0.0122981007799,0,0.273443079678
0.0123081007799,0,0.270722253014
0.0123181007799,0,0.268028499253
0.0123281007799,0,0.265361549012
0.0123381007799,0,0.262721135589
0.0123481007799,0,0.260106994936
0.0123581007799,0,0.257518865633
0.0123681007799,0,0.254956488861
0.0123781007799,0,0.252419608375
0.0123881007799,0,0.24990797048
0.0123981007799,0,0.247421324008
0.0124081007799,0,0.244959420286
0.0124181007799,0,0.242522013119
0.0124281007799,0,0.24010885876
0.0124381007799,0,0.237719715887
0.0124481007799,0,0.235354345579
0.0124581007799,0,0.233012511295
0.0124681007799,0,0.230693978844
0.0124781007799,0,0.228398516368
0.0124881007799,0,0.226125894315
0.0124981007799,0,0.223875885416
0.0125081007799,0,0.221648264666
0.0125181007799,0,0.219442809296
0.0125281007799,0,0.217259298756
0.0125381007799,0,0.215097514688
0.0125481007799,0,0.21295724091
0.0125581007799,0,0.210838263389
0.0125681007799,0,0.208740370221
0.0125781007799,0,0.206663351612
0.0125881007799,0,0.204606999854
0.0125981007799,0,0.202571109309
0.0126081007799,0,0.20055547638
0.0126181007799,0,0.198559899501
0.0126281007799,0,0.196584179108
0.0126381007799,0,0.194628117624
0.0126481007799,0,0.192691519439
0.0126581007799,0,0.190774190887
0.0126681007799,0,0.188875940232
0.0126781007799,0,0.186996577642
0.0126881007799,0,0.185135915178
0.0126981007799,0,0.183293766768
0.0127081007799,0,0.181469948194
0.0127181007799,0,0.179664277067
0.0127281007799,0,0.177876572818
0.0127381007799,0,0.17610665667
0.0127481007799,0,0.174354351629
0.0127581007799,0,0.172619482458
0.0127681007799,0,0.170901875668
0.0127781007799,0,0.169201359492
0.0127881007799,0,0.167517763875
0.0127981007799,0,0.165850920454
0.0128081007799,0,0.164200662539
0.0128181007799,0,0.1625668251
0.0128281007799,0,0.160949244751
0.0128381007799,0,0.159347759729
0.0128481007799,0,0.157762209881
0.0128581007799,0,0.156192436648
0.0128681007799,0,0.15463828305
0.0128781007799,0,0.153099593666
0.0128881007799,0,0.151576214625
0.0128981007799,0,0.150067993583
0.0129081007799,0,0.148574779717
0.0129181007799,0,0.1470964237
0.0129281007799,0,0.145632777693
0.0129381007799,0,0.144183695328
0.0129481007799,0,0.142749031693
0.0129581007799,0,0.141328643318
0.0129681007799,0,0.13992238816
0.0129781007799,0,0.138530125592
0.0129881007799,0,0.137151716382
0.0129981007799,0,0.135787022686
0.0130081007799,0,0.134435908033
0.0130181007799,0,0.133098237306
0.0130281007799,0,0.131773876736
0.0130381007799,0,0.130462693883
0.0130481007799,0,0.129164557625
0.0130581007799,0,0.127879338146
0.0130681007799,0,0.126606906921
0.0130781007799,0,0.125347136703
0.0130881007799,0,0.124099901512
0.0130981007799,0,0.122865076621
0.0131081007799,0,0.121642538545
0.0131181007799,0,0.120432165027
0.0131281007799,0,0.119233835027
0.0131381007799,0,0.118047428708
0.0131481007799,0,0.116872827428
0.0131581007799,0,0.115709913722
0.0131681007799,0,0.114558571297
0.0131781007799,0,0.113418685015
0.0131881007799,0,0.112290140886
0.0131981007799,0,0.111172826051
0.0132081007799,0,0.110066628777
0.0132181007799,0,0.108971438441
0.0132281007799,0,0.107887145521
0.0132381007799,0,0.106813641586
0.0132481007799,0,0.105750819281
0.0132581007799,0,0.104698572323
0.0132681007799,0,0.103656795484
0.0132781007799,0,0.102625384584
0.0132881007799,0,0.101604236479
0.0132981007799,0,0.100593249051
0.0133081007799,0,0.0995923211997
0.0133181007799,0,0.0986013528295
0.0133281007799,0,0.0976202448412
0.0133381007799,0,0.0966488991214
0.0133481007799,0,0.0956872185331
0.0133581007799,0,0.0947351069059
0.0133681007799,0,0.0937924690262
0.0133781007799,0,0.092859210628
0.0133881007799,0,0.0919352383829
0.0133981007799,0,0.0910204598915
0.0134081007799,0,0.0901147836737
0.0134181007799,0,0.0892181191595
0.0134281007799,0,0.0883303766803
0.0134381007799,0,0.0874514674596
0.0134481007799,0,0.0865813036043
0.0134581007799,0,0.0857197980958
0.0134681007799,0,0.0848668647814
0.0134781007799,0,0.0840224183657
0.0134881007799,0,0.0831863744019
0.0134981007799,0,0.0823586492834
0.0135081007799,0,0.0815391602358
0.0135181007799,0,0.0807278253081
0.0135281007799,0,0.0799245633648
0.0135381007799,0,0.0791292940775
0.0135481007799,0,0.0783419379176
0.0135581007799,0,0.0775624161472
0.0135681007799,0,0.0767906508124
0.0135781007799,0,0.0760265647347
0.0135881007799,0,0.0752700815035
0.0135981007799,0,0.0745211254687
0.0136081007799,0,0.0737796217327
0.0136181007799,0,0.0730454961433
0.0136281007799,0,0.0723186752861
0.0136381007799,0,0.0715990864773
0.0136481007799,0,0.0708866577561
0.0136581007799,0,0.070181317878
0.0136681007799,0,0.069482996307
0.0136781007799,0,0.0687916232095
0.0136881007799,0,0.0681071294462
0.0136981007799,0,0.0674294465661
0.0137081007799,0,0.0667585067993
0.0137181007799,0,0.06609424305
0.0137281007799,0,0.0654365888903
0.0137381007799,0,0.0647854785531
0.0137481007799,0,0.0641408469257
0.0137581007799,0,0.0635026295434
0.0137681007799,0,0.0628707625828
0.0137781007799,0,0.0622451828556
0.0137881007799,0,0.0616258278023
0.0137981007799,0,0.0610126354858
0.0138081007799,0,0.0604055445855
0.0138181007799,0,0.0598044943906
0.0138281007799,0,0.0592094247947
0.0138381007799,0,0.0586202762893
0.0138481007799,0,0.058036989958
0.0138581007799,0,0.0574595074709
0.0138681007799,0,0.0568877710781
0.0138781007799,0,0.0563217236047
0.0138881007799,0,0.0557613084445
0.0138981007799,0,0.0552064695545
0.0139081007799,0,0.0546571514495
0.0139181007799,0,0.0541132991962
0.0139281007799,0,0.0535748584082
0.0139381007799,0,0.05304177524
0.0139481007799,0,0.0525139963819
0.0139581007799,0,0.0519914690547
0.0139681007799,0,0.0514741410044
0.0139781007799,0,0.0509619604969
0.0139881007799,0,0.0504548763128
0.0139981007799,0,0.0499528377425
0.0140081007799,0,0.0494557945809
0.0140181007799,0,0.0489636971224
0.0140281007799,0,0.048476496156
0.0140381007799,0,0.0479941429604
0.0140481007799,0,0.0475165892991
0.0140581007799,0,0.0470437874156
0.0140681007799,0,0.0465756900283
0.0140781007799,0,0.0461122503266
0.0140881007799,0,0.0456534219651
0.0140981007799,0,0.04519915906
0.0141081007799,0,0.0447494161838
0.0141181007799,0,0.044304148361
0.0141281007799,0,0.0438633110639
0.0141381007799,0,0.0434268602076
0.0141481007799,0,0.0429947521458
0.0141581007799,0,0.0425669436667
0.0141681007799,0,0.0421433919885
0.0141781007799,0,0.0417240547547
0.0141881007799,0,0.0413088900308
0.0141981007799,0,0.0408978562992
0.0142081007799,0,0.0404909124554
0.0142181007799,0,0.0400880178041
0.0142281007799,0,0.0396891320548
0.0142381007799,0,0.0392942153179
0.0142481007799,0,0.0389032281008
0.0142581007799,0,0.0385161313038
0.0142681007799,0,0.0381328862162
0.0142781007799,0,0.0377534545126
0.0142881007799,0,0.0373777982488
0.0142981007799,0,0.0370058798582
0.0143081007799,0,0.0366376621482
0.0143181007799,0,0.036273108296
0.0143281007799,0,0.0359121818453
0.0143381007799,0,0.0355548467025
0.0143481007799,0,0.0352010671334
0.0143581007799,0,0.0348508077589
0.0143681007799,0,0.0345040335523
0.0143781007799,0,0.0341607098354
0.0143881007799,0,0.0338208022748
0.0143981007799,0,0.0334842768791
0.0144081007799,0,0.0331510999947
0.0144181007799,0,0.0328212383032
0.0144281007799,0,0.0324946588176
0.0144381007799,0,0.0321713288791
0.0144481007799,0,0.031851216154
0.0144581007799,0,0.03153428863
0.0144681007799,0,0.0312205146138
0.0144781007799,0,0.0309098627271
0.0144881007799,0,0.030602301904
0.0144981007799,0,0.0302978013875
0.0145081007799,0,0.0299963307269
0.0145181007799,0,0.0296978597744
0.0145281007799,0,0.0294023586821
0.0145381007799,0,0.0291097978992
0.0145481007799,0,0.0288201481689
0.0145581007799,0,0.0285333805254
0.0145681007799,0,0.0282494662913
0.0145781007799,0,0.0279683770745
0.0145881007799,0,0.0276900847653
0.0145981007799,0,0.0274145615338
0.0146081007799,0,0.027141779827
0.0146181007799,0,0.026871712366
0.0146281007799,0,0.0266043321435
0.0146381007799,0,0.0263396124207
0.0146481007799,0,0.026077526725
0.0146581007799,0,0.0258180488471
0.0146681007799,0,0.0255611528387
0.0146781007799,0,0.0253068130094
0.0146881007799,0,0.0250550039248
0.0146981007799,0,0.0248057004031
0.0147081007799,0,0.0245588775135
0.0147181007799,0,0.0243145105731
0.0147281007799,0,0.0240725751445
0.0147381007799,0,0.0238330470336
0.0147481007799,0,0.023595902287
0.0147581007799,0,0.0233611171896
0.0147681007799,0,0.0231286682624
0.0147781007799,0,0.0228985322598
0.0147881007799,0,0.0226706861676
0.0147981007799,0,0.0224451072008
0.0148081007799,0,0.0222217728008
0.0148181007799,0,0.0220006606336
0.0148281007799,0,0.0217817485875
0.0148381007799,0,0.0215650147707
0.0148481007799,0,0.0213504375093
0.0148581007799,0,0.021137995345
0.0148681007799,0,0.0209276670331
0.0148781007799,0,0.0207194315403
0.0148881007799,0,0.0205132680424
0.0148981007799,0,0.0203091559225
0.0149081007799,0,0.0201070747691
0.0149181007799,0,0.0199070043734
0.0149281007799,0,0.0197089247279
0.0149381007799,0,0.0195128160241
0.0149481007799,0,0.0193186586507
0.0149581007799,0,0.0191264331915
0.0149681007799,0,0.0189361204234
0.0149781007799,0,0.0187477013148
0.0149881007799,0,0.0185611570231
0.0149981007799,0,0.0183764688935
0.0150081007799,0,0.0181936184567
0.0150181007799,0,0.0180125874273
0.0150281007799,0,0.0178333577017
0.0150381007799,0,0.0176559113564
0.0150481007799,0,0.0174802306464
0.0150581007799,0,0.0173062980031
0.0150681007799,0,0.0171340960329
0.0150781007799,0,0.0169636075152
0.0150881007799,0,0.0167948154006
0.0150981007799,0,0.0166277028096
0.0151081007799,0,0.0164622530304
0.0151181007799,0,0.0162984495176
0.0151281007799,0,0.0161362758906
0.0151381007799,0,0.0159757159315
0.0151481007799,0,0.0158167535839
0.0151581007799,0,0.0156593729512
0.0151681007799,0,0.015503558295
0.0151781007799,0,0.0153492940333
0.0151881007799,0,0.0151965647395
0.0151981007799,0,0.0150453551401
0.0152081007799,0,0.0148956501138
0.0152181007799,0,0.0147474346898
0.0152281007799,0,0.0146006940461
0.0152381007799,0,0.0144554135083
0.0152481007799,0,0.0143115785481
0.0152581007799,0,0.0141691747814
0.0152681007799,0,0.0140281879677
0.0152781007799,0,0.0138886040078
0.0152881007799,0,0.013750408943
0.0152981007799,0,0.0136135889536
0.0153081007799,0,0.013478130357
0.0153181007799,0,0.0133440196072
0.0153281007799,0,0.0132112432927
0.0153381007799,0,0.0130797881355
0.0153481007799,0,0.0129496409899
0.0153581007799,0,0.0128207888408
0.0153681007799,0,0.0126932188025
0.0153781007799,0,0.0125669181179
0.0153881007799,0,0.0124418741566
0.0153981007799,0,0.0123180744137
0.0154081007799,0,0.0121955065091
0.0154181007799,0,0.0120741581856
0.0154281007799,0,0.0119540173082
0.0154381007799,0,0.0118350718623
0.0154481007799,0,0.0117173099532
0.0154581007799,0,0.0116007198044
0.0154681007799,0,0.0114852897566
0.0154781007799,0,0.0113710082665
0.0154881007799,0,0.0112578639057
0.0154981007799,0,0.0111458453593
0.0155081007799,0,0.0110349414254
0.0155181007799,0,0.0109251410132
0.0155281007799,0,0.0108164331424
0.0155381007799,0,0.010708806942
0.0155481007799,0,0.0106022516491
0.0155581007799,0,0.0104967566078
0.0155681007799,0,0.0103923112684
0.0155781007799,0,0.0102889051861
0.0155881007799,0,0.0101865280201
0.0155981007799,0,0.0100851695323
0.0156081007799,0,0.00998481958674
0.0156181007799,0,0.00988546814806
0.0156281007799,0,0.00978710528092
0.0156381007799,0,0.00968972114877
0.0156481007799,0,0.00959330601296
0.0156581007799,0,0.00949785023174
0.0156681007799,0,0.00940334425928
0.0156781007799,0,0.00930977864476
0.0156881007799,0,0.00921714403138
0.0156981007799,0,0.00912543115545
0.0157081007799,0,0.00903463084544
0.0157181007799,0,0.00894473402111
0.0157281007799,0,0.00885573169254
0.0157381007799,0,0.00876761495928
0.0157481007799,0,0.00868037500944
0.0157581007799,0,0.0085940031188
0.0157681007799,0,0.00850849064995
0.0157781007799,0,0.00842382905145
0.0157881007799,0,0.0083400098569
0.0157981007799,0,0.0082570246842
0.0158081007799,0,0.0081748652346
0.0158181007799,0,0.00809352329197
0.0158281007799,0,0.0080129907219
0.0158381007799,0,0.00793325947094
0.0158481007799,0,0.00785432156575
0.0158581007799,0,0.00777616911236
0.0158681007799,0,0.00769879429533
0.0158781007799,0,0.00762218937696
0.0158881007799,0,0.0075463466966
0.0158981007799,0,0.00747125866976
0.0159081007799,0,0.00739691778748
0.0159181007799,0,0.00732331661546
0.0159281007799,0,0.00725044779342
0.0159381007799,0,0.00717830403428
0.0159481007799,0,0.00710687812349
0.0159581007799,0,0.00703616291828
0.0159681007799,0,0.00696615134696
0.0159781007799,0,0.00689683640818
0.0159881007799,0,0.00682821117029
0.0159981007799,0,0.00676026877058
0.0160081007799,0,0.00669300241466
0.0160181007799,0,0.00662640537571
0.0160281007799,0,0.00656047099386
0.0160381007799,0,0.00649519267551
0.0160481007799,0,0.00643056389267
0.0160581007799,0,0.0063665781823
0.0160681007799,0,0.00630322914566
0.0160781007799,0,0.00624051044769
0.0160881007799,0,0.00617841581637
0.0160981007799,0,0.00611693904208
0.0161081007799,0,0.00605607397698
0.0161181007799,0,0.00599581453442
0.0161281007799,0,0.00593615468831
0.0161381007799,0,0.00587708847251
0.0161481007799,0,0.00581860998024
0.0161581007799,0,0.00576071336352
0.0161681007799,0,0.00570339283254
0.0161781007799,0,0.00564664265511
0.0161881007799,0,0.00559045715605
0.0161981007799,0,0.00553483071669
0.0162081007799,0,0.00547975777423
0.0162181007799,0,0.00542523282125
0.0162281007799,0,0.00537125040512
0.0162381007799,0,0.00531780512746
0.0162481007799,0,0.0052648916436
0.0162581007799,0,0.00521250466208
0.0162681007799,0,0.00516063894405
0.0162781007799,0,0.00510928930281
0.0162881007799,0,0.00505845060328
0.0162981007799,0,0.00500811776146
0.0163081007799,0,0.00495828574393
0.0163181007799,0,0.00490894956737
0.0163281007799,0,0.00486010429805
0.0163381007799,0,0.0048117450513
0.0163481007799,0,0.00476386699109
0.0163581007799,0,0.00471646532948
0.0163681007799,0,0.00466953532621
0.0163781007799,0,0.00462307228813
0.0163881007799,0,0.00457707156885
0.0163981007799,0,0.00453152856816
0.0164081007799,0,0.00448643873167
0.0164181007799,0,0.00444179755026
0.0164281007799,0,0.00439760055971
0.0164381007799,0,0.00435384334021
0.0164481007799,0,0.00431052151593
0.0164581007799,0,0.00426763075457
0.0164681007799,0,0.00422516676697
0.0164781007799,0,0.0041831253066
0.0164881007799,0,0.00414150216922
0.0164981007799,0,0.00410029319241
0.0165081007799,0,0.00405949425517
0.0165181007799,0,0.00401910127751
0.0165281007799,0,0.00397911022002
0.0165381007799,0,0.0039395170835
0.0165481007799,0,0.00390031790854
0.0165581007799,0,0.00386150877513
0.0165681007799,0,0.00382308580224
0.0165781007799,0,0.00378504514749
0.0165881007799,0,0.00374738300672
0.0165981007799,0,0.00371009561362
0.0166081007799,0,0.00367317923935
0.0166181007799,0,0.00363663019219
0.0166281007799,0,0.00360044481715
0.0166381007799,0,0.00356461949558
0.0166481007799,0,0.00352915064488
0.0166581007799,0,0.00349403471807
0.0166681007799,0,0.00345926820346
0.0166781007799,0,0.00342484762432
0.0166881007799,0,0.00339076953851
0.0166981007799,0,0.00335703053812
0.0167081007799,0,0.00332362724919
0.0167181007799,0,0.00329055633128
0.0167281007799,0,0.00325781447724
0.0167381007799,0,0.00322539841279
0.0167481007799,0,0.00319330489625
0.0167581007799,0,0.00316153071817
0.0167681007799,0,0.00313007270108
0.0167781007799,0,0.00309892769908
0.0167881007799,0,0.00306809259759
0.0167981007799,0,0.00303756431304
0.0168081007799,0,0.00300733979251
0.0168181007799,0,0.00297741601348
0.0168281007799,0,0.0029477899835
0.0168381007799,0,0.00291845873988
0.0168481007799,0,0.00288941934943
0.0168581007799,0,0.00286066890815
0.0168681007799,0,0.0028322045409
0.0168781007799,0,0.00280402340119
0.0168881007799,0,0.00277612267083
0.0168981007799,0,0.00274849955968
0.0169081007799,0,0.00272115130535
0.0169181007799,0,0.00269407517296
0.0169281007799,0,0.00266726845482
0.0169381007799,0,0.0026407284702
0.0169481007799,0,0.00261445256502
0.0169581007799,0,0.00258843811164
0.0169681007799,0,0.00256268250854
0.0169781007799,0,0.00253718318009
0.0169881007799,0,0.00251193757631
0.0169981007799,0,0.00248694317257
0.0170081007799,0,0.00246219746936
0.0170181007799,0,0.00243769799205
0.0170281007799,0,0.00241344229064
0.0170381007799,0,0.00238942793949
0.0170481007799,0,0.0023656525371
0.0170581007799,0,0.00234211370589
0.0170681007799,0,0.0023188090919
0.0170781007799,0,0.00229573636462
0.0170881007799,0,0.00227289321671
0.0170981007799,0,0.00225027736381
0.0171081007799,0,0.00222788654427
0.0171181007799,0,0.00220571851895
0.0171281007799,0,0.002183771071
0.0171381007799,0,0.00216204200562
0.0171481007799,0,0.00214052914984
0.0171581007799,0,0.00211923035233
0.0171681007799,0,0.00209814348315
0.0171781007799,0,0.00207726643357
0.0171881007799,0,0.00205659711582
0.0171981007799,0,0.00203613346293
0.0172081007799,0,0.00201587342847
0.0172181007799,0,0.0019958149864
0.0172281007799,0,0.00197595613081
0.0172381007799,0,0.00195629487578
0.0172481007799,0,0.00193682925512
0.0172581007799,0,0.00191755732224
0.0172681007799,0,0.00189847714988
0.0172781007799,0,0.00187958682998
0.0172881007799,0,0.00186088447346
0.0172981007799,0,0.00184236821004
0.0173081007799,0,0.00182403618805
0.0173181007799,0,0.00180588657424
0.0173281007799,0,0.0017879175536
0.0173381007799,0,0.00177012732919
0.0173481007799,0,0.00175251412193
0.0173581007799,0,0.00173507617047
0.0173681007799,0,0.00171781173096
0.0173781007799,0,0.00170071907692
0.0173881007799,0,0.00168379649904
0.0173981007799,0,0.00166704230502
0.0174081007799,0,0.0016504548194
0.0174181007799,0,0.00163403238339
0.0174281007799,0,0.0016177733547
0.0174381007799,0,0.00160167610739
0.0174481007799,0,0.00158573903169
0.0174581007799,0,0.00156996053386
0.0174681007799,0,0.00155433903601
0.0174781007799,0,0.00153887297595
0.0174881007799,0,0.00152356080704
0.0174981007799,0,0.00150840099801
0.0175081007799,0,0.00149339203286
0.0175181007799,0,0.00147853241064
0.0175281007799,0,0.00146382064536
0.0175381007799,0,0.00144925526581
0.0175481007799,0,0.0014348348154
0.0175581007799,0,0.00142055785206
0.0175681007799,0,0.00140642294806
0.0175781007799,0,0.00139242868987
0.0175881007799,0,0.00137857367803
0.0175981007799,0,0.00136485652701
0.0176081007799,0,0.00135127586505
0.0176181007799,0,0.00133783033405
0.0176281007799,0,0.00132451858943
0.0176381007799,0,0.00131133929999
0.0176481007799,0,0.00129829114775
0.0176581007799,0,0.00128537282787
0.0176681007799,0,0.00127258304849
0.0176781007799,0,0.00125992053059
0.0176881007799,0,0.0012473840079
0.0176981007799,0,0.00123497222673
0.0177081007799,0,0.00122268394586
0.0177181007799,0,0.00121051793645
0.0177281007799,0,0.00119847298186
0.0177381007799,0,0.00118654787756
0.0177481007799,0,0.00117474143102
0.0177581007799,0,0.00116305246156
0.0177681007799,0,0.00115147980025
0.0177781007799,0,0.0011400222898
0.0177881007799,0,0.00112867878443
0.0177981007799,0,0.00111744814976
0.0178081007799,0,0.0011063292627
0.0178181007799,0,0.00109532101132
0.0178281007799,0,0.00108442229479
0.0178381007799,0,0.0010736320232
0.0178481007799,0,0.0010629491175
0.0178581007799,0,0.00105237250937
0.0178681007799,0,0.00104190114111
0.0178781007799,0,0.00103153396558
0.0178881007799,0,0.00102126994602
0.0178981007799,0,0.00101110805601
0.0179081007799,0,0.00100104727934
0.0179181007799,0,0.00099108660989
0.0179281007799,0,0.000981225051582
0.0179381007799,0,0.000971461618233
0.0179481007799,0,0.000961795333475
0.0179581007799,0,0.000952225230654
0.0179681007799,0,0.000942750352737
0.0179781007799,0,0.000933369752212
0.0179881007799,0,0.000924082490996
0.0179981007799,0,0.00091488764034
0.0180081007799,0,0.000905784280734
0.0180181007799,0,0.000896771501821
0.0180281007799,0,0.000887848402301
0.0180381007799,0,0.00087901408984
0.0180481007799,0,0.000870267680986
0.0180581007799,0,0.000861608301076
0.0180681007799,0,0.00085303508415
0.0180781007799,0,0.000844547172864
0.0180881007799,0,0.000836143718408
0.0180981007799,0,0.000827823880414
0.0181081007799,0,0.000819586826878
0.0181181007799,0,0.000811431734073
0.0181281007799,0,0.00080335778647
0.0181381007799,0,0.000795364176654
0.0181481007799,0,0.000787450105245
0.0181581007799,0,0.000779614780815
0.0181681007799,0,0.000771857419812
0.0181781007799,0,0.00076417724648
0.0181881007799,0,0.000756573492784
0.0181981007799,0,0.000749045398328
0.0182081007799,0,0.000741592210285
0.0182181007799,0,0.000734213183317
0.0182281007799,0,0.000726907579503
0.0182381007799,0,0.000719674668264
0.0182481007799,0,0.000712513726291
0.0182581007799,0,0.000705424037473
0.0182681007799,0,0.000698404892821
0.0182781007799,0,0.000691455590405
0.0182881007799,0,0.000684575435277
0.0182981007799,0,0.000677763739403
0.0183081007799,0,0.000671019821598
0.0183181007799,0,0.000664343007453
0.0183281007799,0,0.000657732629269
0.0183381007799,0,0.000651188025993
0.0183481007799,0,0.000644708543147
0.0183581007799,0,0.000638293532768
0.0183681007799,0,0.000631942353337
0.0183781007799,0,0.000625654369722
0.0183881007799,0,0.000619428953108
0.0183981007799,0,0.000613265480938
0.0184081007799,0,0.000607163336849
0.0184181007799,0,0.000601121910611
0.0184281007799,0,0.000595140598068
0.0184381007799,0,0.000589218801072
0.0184481007799,0,0.00058335592743
0.0184581007799,0,0.000577551390838
0.0184681007799,0,0.00057180461083
0.0184781007799,0,0.000566115012712
0.0184881007799,0,0.000560482027511
0.0184981007799,0,0.000554905091914
0.0185081007799,0,0.000549383648213
0.0185181007799,0,0.000543917144251
0.0185281007799,0,0.000538505033363
0.0185381007799,0,0.000533146774325
0.0185481007799,0,0.000527841831296
0.0185581007799,0,0.000522589673771
0.0185681007799,0,0.00051738977652
0.0185781007799,0,0.000512241619539
0.0185881007799,0,0.000507144688002
0.0185981007799,0,0.000502098472201
0.0186081007799,0,0.000497102467502
0.0186181007799,0,0.000492156174293
0.0186281007799,0,0.000487259097932
0.0186381007799,0,0.000482410748699
0.0186481007799,0,0.000477610641747
0.0186581007799,0,0.000472858297053
0.0186681007799,0,0.000468153239371
0.0186781007799,0,0.000463494998183
0.0186881007799,0,0.000458883107654
0.0186981007799,0,0.000454317106582
0.0187081007799,0,0.000449796538358
0.0187181007799,0,0.000445320950911
0.0187281007799,0,0.000440889896673
0.0187381007799,0,0.000436502932527
0.0187481007799,0,0.000432159619766
0.0187581007799,0,0.000427859524047
0.0187681007799,0,0.00042360221535
0.0187781007799,0,0.000419387267934
0.0187881007799,0,0.000415214260292
0.0187981007799,0,0.000411082775115
0.0188081007799,0,0.000406992399244
0.0188181007799,0,0.000402942723629
0.0188281007799,0,0.000398933343295
0.0188381007799,0,0.000394963857292
0.0188481007799,0,0.000391033868662
0.0188581007799,0,0.000387142984397
0.0188681007799,0,0.000383290815398
0.0188781007799,0,0.000379476976438
0.0188881007799,0,0.000375701086126
0.0188981007799,0,0.000371962766861
0.0189081007799,0,0.000368261644802
0.0189181007799,0,0.000364597349829
0.0189281007799,0,0.000360969515503
0.0189381007799,0,0.00035737777903
0.0189481007799,0,0.000353821781229
0.0189581007799,0,0.00035030116649
0.0189681007799,0,0.000346815582744
0.0189781007799,0,0.000343364681423
0.0189881007799,0,0.000339948117429
0.0189981007799,0,0.000336565549096
0.0190081007799,0,0.00033321663816
0.0190181007799,0,0.00032990104972
0.0190281007799,0,0.000326618452211
0.0190381007799,0,0.000323368517363
0.0190481007799,0,0.000320150920175
0.0190581007799,0,0.00031696533888
0.0190681007799,0,0.000313811454911
0.0190781007799,0,0.000310688952872
0.0190881007799,0,0.000307597520505
0.0190981007799,0,0.000304536848659
0.0191081007799,0,0.00030150663126
0.0191181007799,0,0.000298506565277
0.0191281007799,0,0.000295536350697
0.0191381007799,0,0.000292595690491
0.0191481007799,0,0.000289684290586
0.0191581007799,0,0.000286801859834
0.0191681007799,0,0.000283948109985
0.0191781007799,0,0.000281122755656
0.0191881007799,0,0.000278325514307
0.0191981007799,0,0.000275556106204
0.0192081007799,0,0.000272814254401
0.0192181007799,0,0.000270099684706
0.0192281007799,0,0.000267412125654
0.0192381007799,0,0.000264751308483
0.0192481007799,0,0.000262116967105
0.0192581007799,0,0.000259508838079
0.0192681007799,0,0.000256926660586
0.0192781007799,0,0.000254370176401
0.0192881007799,0,0.00025183912987
0.0192981007799,0,0.000249333267881
0.0193081007799,0,0.000246852339842
0.0193181007799,0,0.000244396097655
0.0193281007799,0,0.000241964295688
0.0193381007799,0,0.000239556690756
0.0193481007799,0,0.000237173042092
0.0193581007799,0,0.000234813111324
0.0193681007799,0,0.000232476662456
0.0193781007799,0,0.000230163461834
0.0193881007799,0,0.000227873278134
0.0193981007799,0,0.000225605882332
0.0194081007799,0,0.000223361047682
0.0194181007799,0,0.000221138549695
0.0194281007799,0,0.000218938166116
0.0194381007799,0,0.000216759676901
0.0194481007799,0,0.000214602864195
0.0194581007799,0,0.000212467512313
0.0194681007799,0,0.000210353407713
0.0194781007799,0,0.000208260338979
0.0194881007799,0,0.0002061880968
0.0194981007799,0,0.000204136473947
0.0195081007799,0,0.000202105265251
0.0195181007799,0,0.000200094267586
0.0195281007799,0,0.000198103279849
0.0195381007799,0,0.000196132102935
0.0195481007799,0,0.000194180539722
0.0195581007799,0,0.000192248395048
0.0195681007799,0,0.000190335475695
0.0195781007799,0,0.000188441590364
0.0195881007799,0,0.000186566549664
0.0195981007799,0,0.000184710166085
0.0196081007799,0,0.000182872253985
0.0196181007799,0,0.000181052629567
0.0196281007799,0,0.000179251110865
0.0196381007799,0,0.000177467517722
0.0196481007799,0,0.000175701671775
0.0196581007799,0,0.000173953396434
0.0196681007799,0,0.000172222516867
0.0196781007799,0,0.000170508859983
0.0196881007799,0,0.000168812254411
0.0196981007799,0,0.000167132530486
0.0197081007799,0,0.000165469520233
0.0197181007799,0,0.000163823057345
0.0197281007799,0,0.000162192977172
0.0197381007799,0,0.000160579116703
0.0197481007799,0,0.000158981314547
0.0197581007799,0,0.000157399410919
0.0197681007799,0,0.000155833247627
0.0197781007799,0,0.000154282668048
0.0197881007799,0,0.000152747517122
0.0197981007799,0,0.00015122764133
0.0198081007799,0,0.00014972288868
0.0198181007799,0,0.000148233108693
0.0198281007799,0,0.000146758152388
0.0198381007799,0,0.000145297872265
0.0198481007799,0,0.000143852122292
0.0198581007799,0,0.000142420757891
0.0198681007799,0,0.000141003635922
0.0198781007799,0,0.000139600614669
0.0198881007799,0,0.000138211553826
0.0198981007799,0,0.000136836314485
0.0199081007799,0,0.000135474759117
0.0199181007799,0,0.000134126751563
0.0199281007799,0,0.00013279215702
0.0199381007799,0,0.000131470842025
0.0199481007799,0,0.000130162674443
0.0199581007799,0,0.000128867523453
0.0199681007799,0,0.000127585259538
0.0199781007799,0,0.000126315754468
0.0199881007799,0,0.00012505888129
0.0199981007799,0,0.000123814514312
0.0200081007799,0,0.000122582529095
0.0200181007799,0,0.000121362802437
0.0200281007799,0,0.000120155212363
0.0200381007799,0,0.000118959638111
0.0200481007799,0,0.000117775960119
0.0200581007799,0,0.000116604060019
0.0200681007799,0,0.000115443820616
0.0200781007799,0,0.000114295125883
0.0200881007799,0,0.000113157860949
0.0200981007799,0,0.000112031912084
0.0201081007799,0,0.00011091716669
0.0201181007799,0,0.00010981351329
0.0201281007799,0,0.000108720841516
0.0201381007799,0,0.000107639042098
0.0201481007799,0,0.000106568006853
0.0201581007799,0,0.000105507628675
0.0201681007799,0,0.000104457801524
0.0201781007799,0,0.000103418420415
0.0201881007799,0,0.000102389381406
0.0201981007799,0,0.000101370581591
0.0202081007799,0,0.000100361919087
0.0202181007799,0,9.93632930267e-05
0.0202281007799,0,9.83746035439e-05
0.0202381007799,0,9.73957517673e-05
0.0202481007799,0,9.64266398095e-05
0.0202581007799,0,9.54671707566e-05
0.0202681007799,0,9.45172486595e-05
0.0202781007799,0,9.35767785236e-05
0.0202881007799,0,9.26456662995e-05
0.0202981007799,0,9.17238188736e-05
0.0203081007799,0,9.0811144059e-05
0.0203181007799,0,8.99075505858e-05
0.0203281007799,0,8.90129480924e-05
0.0203381007799,0,8.81272471163e-05
0.0203481007799,0,8.72503590853e-05
0.0203581007799,0,8.63821963084e-05
0.0203681007799,0,8.5522671967e-05
0.0203781007799,0,8.46717001066e-05
0.0203881007799,0,8.38291956279e-05
0.0203981007799,0,8.29950742784e-05
0.0204081007799,0,8.21692526438e-05
0.0204181007799,0,8.13516481399e-05
0.0204281007799,0,8.05421790042e-05
0.0204381007799,0,7.97407642877e-05
0.0204481007799,0,7.8947323847e-05
0.0204581007799,0,7.81617783361e-05
0.0204681007799,0,7.73840491984e-05
0.0204781007799,0,7.66140586591e-05
0.0204881007799,0,7.58517297173e-05
0.0204981007799,0,7.5096986138e-05
0.0205081007799,0,7.43497524451e-05
0.0205181007799,0,7.36099539133e-05
0.0205281007799,0,7.28775165609e-05
0.0205381007799,0,7.21523671424e-05
0.0205481007799,0,7.1434433141e-05
0.0205581007799,0,7.07236427615e-05
0.0205681007799,0,7.0019924923e-05
0.0205781007799,0,6.93232092522e-05
0.0205881007799,0,6.86334260755e-05
0.0205981007799,0,6.79505064131e-05
0.0206081007799,0,6.72743819712e-05
0.0206181007799,0,6.66049851356e-05
0.0206281007799,0,6.59422489651e-05
0.0206381007799,0,6.52861071844e-05
0.0206481007799,0,6.46364941776e-05
0.0206581007799,0,6.39933449818e-05
0.0206681007799,0,6.33565952805e-05
0.0206781007799,0,6.27261813971e-05
0.0206881007799,0,6.21020402886e-05
0.0206981007799,0,6.14841095395e-05
0.0207081007799,0,6.0872327355e-05
0.0207181007799,0,6.02666325555e-05
0.0207281007799,0,5.96669645698e-05
0.0207381007799,0,5.90732634299e-05
0.0207481007799,0,5.84854697639e-05
0.0207581007799,0,5.79035247911e-05
0.0207681007799,0,5.73273703156e-05
0.0207781007799,0,5.67569487204e-05
0.0207881007799,0,5.6192202962e-05
0.0207981007799,0,5.56330765643e-05
0.0208081007799,0,5.50795136135e-05
0.0208181007799,0,5.45314587516e-05
0.0208281007799,0,5.3988857172e-05
0.0208381007799,0,5.34516546131e-05
0.0208481007799,0,5.29197973533e-05
0.0208581007799,0,5.23932322055e-05
0.0208681007799,0,5.18719065119e-05
0.0208781007799,0,5.13557681386e-05
0.0208881007799,0,5.08447654706e-05
0.0208981007799,0,5.03388474062e-05
0.0209081007799,0,4.98379633524e-05
0.0209181007799,0,4.93420632195e-05
0.0209281007799,0,4.88510974164e-05
0.0209381007799,0,4.83650168451e-05
0.0209481007799,0,4.78837728964e-05
0.0209581007799,0,4.74073174446e-05
0.0209681007799,0,4.69356028432e-05
0.0209781007799,0,4.64685819194e-05
0.0209881007799,0,4.60062079699e-05
0.0209981007799,0,4.55484347563e-05
0.021,0,4.54620103248e-05
0.0210000000155,1.55232979249e-05,4.54620098601e-05
0.0210000000466,4.65698972441e-05,4.54620094125e-05
0.0210000001087,0.000108663095882,4.54620114091e-05
0.0210000002328,0.000232849493159,4.54620269689e-05
0.0210000004812,0.000481222284243,4.54621043554e-05
0.021000000978,0.000977967866411,4.54624441954e-05
0.0210000019715,0.00197145903422,4.54638641429e-05
0.0210000039584,0.00395844136983,4.54696651049e-05
0.0210000079324,0.00793240604105,4.54931112672e-05
0.0210000158803,0.01588033538,4.55873803097e-05
0.0210000317762,0.031776194058,4.5965423383e-05
0.0210000635679,0.0635679114173,4.74795144221e-05
0.0210001271513,0.127151346136,5.35395955821e-05
0.0210002543182,0.254318215574,7.77863903987e-05
0.0210004239587,0.42395870933,0.000135299932586
0.0210006274786,0.627478600974,0.000242255716276
0.0210008735175,0.873517521562,0.000426825139208
0.021001,1,0.000545247233909
0.0210010000674,1,0.000545314609057
0.0210010002022,1,0.000545449359344
0.0210010004719,1,0.000545718859863
0.0210010010112,1,0.000546257860684
0.0210010020898,1,0.000547335861453
0.021001004247,1,0.000549491859503
0.0210010085613,1,0.00055380384165
0.02100101719,1,0.000562427750135
0.0210010344475,1,0.000579675343867
0.0210010689624,1,0.000614169638397
0.0210011379922,1,0.000683154655879
0.0210012760518,1,0.000821110405765
0.0210015521709,1,0.00109696477508
0.0210021044093,1,0.00164844507075
0.021003208886,1,0.00275049252064
0.0210054178394,1,0.0049509398918
0.0210098357463,1,0.00933728471694
0.02101867156,1,0.0180520946858
0.0210285263717,1,0.0276815581483
0.0210385263717,1,0.037356368515
0.0210485263717,1,0.0469349121119
0.0210585263717,1,0.0564181468173
0.0210685263717,1,0.0658070209783
0.0210785263717,1,0.0751024735059
0.0210885263717,1,0.0843054339685
0.0210985263717,1,0.0934168226852
0.0211085263717,1,0.102437550818
0.0211185263717,1,0.111368520461
0.0211285263717,1,0.120210624735
0.0211385263717,1,0.128964747872
0.0211485263717,1,0.137631765306
0.0211585263717,1,0.146212543761
0.0211685263717,1,0.154707941336
0.0211785263717,1,0.163118807591
0.0211885263717,1,0.171445983635
0.0211985263717,1,0.179690302206
0.0212085263717,1,0.187852587756
0.0212185263717,1,0.195933656534
0.0212285263717,1,0.203934316668
0.0212385263717,1,0.211855368244
0.0212485263717,1,0.219697603386
0.0212585263717,1,0.227461806337
0.0212685263717,1,0.235148753538
0.0212785263717,1,0.242759213701
0.0212885263717,1,0.250293947893
0.0212985263717,1,0.257753709606
0.0213085263717,1,0.265139244834
0.0213185263717,1,0.272451292149
0.0213285263717,1,0.279690582774
0.0213385263717,1,0.286857840657
0.0213485263717,1,0.293953782541
0.0213585263717,1,0.300979118038
0.0213685263717,1,0.3079345497
0.0213785263717,1,0.314820773086
0.0213885263717,1,0.321638476836
0.0213985263717,1,0.328388342738
0.0214085263717,1,0.335071045795
0.0214185263717,1,0.341687254295
0.0214285263717,1,0.348237629874
0.0214385263717,1,0.354722827587
0.0214485263717,1,0.361143495969
0.0214585263717,1,0.367500277104
0.0214685263717,1,0.373793806685
0.0214785263717,1,0.380024714081
0.0214885263717,1,0.386193622399
0.0214985263717,1,0.392301148544
0.0215085263717,1,0.398347903285
0.0215185263717,1,0.404334491312
0.0215285263717,1,0.410261511299
0.0215385263717,1,0.416129555962
0.0215485263717,1,0.421939212122
0.0215585263717,1,0.427691060758
0.0215685263717,1,0.433385677068
0.0215785263717,1,0.43902363053
0.0215885263717,1,0.444605484953
0.0215985263717,1,0.450131798536
0.0216085263717,1,0.455603123923
0.0216185263717,1,0.461020008262
0.0216285263717,1,0.466382993255
0.0216385263717,1,0.471692615212
0.0216485263717,1,0.476949405111
0.0216585263717,1,0.482153888642
0.0216685263717,1,0.487306586267
0.0216785263717,1,0.49240801327
0.0216885263717,1,0.497458679804
0.0216985263717,1,0.502459090951
0.0217085263717,1,0.507409746762
0.0217185263717,1,0.512311142317
0.0217285263717,1,0.517163767766
0.0217385263717,1,0.521968108385
0.0217485263717,1,0.52672464462
0.0217585263717,1,0.531433852137
0.0217685263717,1,0.536096201867
0.0217785263717,1,0.540712160057
0.0217885263717,1,0.545282188315
0.0217985263717,1,0.549806743655
0.0218085263717,1,0.554286278544
0.0218185263717,1,0.558721240947
0.0218285263717,1,0.56311207437
0.0218385263717,1,0.567459217909
0.0218485263717,1,0.571763106288
0.0218585263717,1,0.576024169907
0.0218685263717,1,0.580242834883
0.0218785263717,1,0.584419523093
0.0218885263717,1,0.588554652217
0.0218985263717,1,0.592648635777
0.0219085263717,1,0.596701883182
0.0219185263717,1,0.600714799767
0.0219285263717,1,0.604687786834
0.0219385263717,1,0.608621241691
0.0219485263717,1,0.612515557694
0.0219585263717,1,0.616371124285
0.0219685263717,1,0.620188327028
0.0219785263717,1,0.623967547655
0.0219885263717,1,0.627709164096
0.0219985263717,1,0.631413550523
0.0220085263717,1,0.635081077383
0.0220185263717,1,0.638712111439
0.0220285263717,1,0.642307015803
0.0220385263717,1,0.645866149974
0.0220485263717,1,0.649389869875
0.0220585263717,1,0.652878527886
0.0220685263717,1,0.656332472882
0.0220785263717,1,0.659752050266
0.0220885263717,1,0.663137602005
0.0220985263717,1,0.666489466662
0.0221085263717,1,0.669807979431
0.0221185263717,1,0.673093472173
0.0221285263717,1,0.676346273445
0.0221385263717,1,0.679566708535
0.0221485263717,1,0.682755099495
0.0221585263717,1,0.685911765172
0.0221685263717,1,0.68903702124
0.0221785263717,1,0.692131180232
0.0221885263717,1,0.695194551573
0.0221985263717,1,0.698227441607
0.0222085263717,1,0.701230153631
0.0222185263717,1,0.704202987923
0.0222285263717,1,0.707146241775
0.0222385263717,1,0.710060209518
0.0222485263717,1,0.712945182558
0.0222585263717,1,0.715801449398
0.0222685263717,1,0.718629295673
0.0222785263717,1,0.721429004174
0.0222885263717,1,0.724200854878
0.0222985263717,1,0.726945124979
0.0223085263717,1,0.72966208891
0.0223185263717,1,0.732352018373
0.0223285263717,1,0.73501518237
0.0223385263717,1,0.737651847222
0.0223485263717,1,0.740262276603
0.0223585263717,1,0.742846731562
0.0223685263717,1,0.745405470551
0.0223785263717,1,0.747938749451
0.0223885263717,1,0.750446821596
0.0223985263717,1,0.752929937799
0.0224085263717,1,0.755388346378
0.0224185263717,1,0.75782229318
0.0224285263717,1,0.760232021606
0.0224385263717,1,0.762617772635
0.0224485263717,1,0.764979784848
0.0224585263717,1,0.767318294451
0.0224685263717,1,0.769633535302
0.0224785263717,1,0.771925738931
0.0224885263717,1,0.774195134564
0.0224985263717,1,0.776441949145
0.0225085263717,1,0.778666407363
0.0225185263717,1,0.780868731668
0.0225285263717,1,0.783049142298
0.0225385263717,1,0.7852078573
0.0225485263717,1,0.78734509255
0.0225585263717,1,0.789461061779
0.0225685263717,1,0.791555976587
0.0225785263717,1,0.793630046472
0.0225885263717,1,0.795683478845
0.0225985263717,1,0.797716479056
0.0226085263717,1,0.799729250408
0.0226185263717,1,0.801721994185
0.0226285263717,1,0.803694909666
0.0226385263717,1,0.805648194147
0.0226485263717,1,0.807582042961
0.0226585263717,1,0.809496649499
0.0226685263717,1,0.811392205226
0.0226785263717,1,0.813268899701
0.0226885263717,1,0.815126920599
0.0226985263717,1,0.816966453728
0.0227085263717,1,0.818787683044
0.0227185263717,1,0.820590790675
0.0227285263717,1,0.822375956937
0.0227385263717,1,0.824143360351
0.0227485263717,1,0.825893177661
0.0227585263717,1,0.827625583853
0.0227685263717,1,0.829340752173
0.0227785263717,1,0.831038854141
0.0227885263717,1,0.832720059573
0.0227985263717,1,0.834384536592
0.0228085263717,1,0.836032451651
0.0228185263717,1,0.837663969545
0.0228285263717,1,0.83927925343
0.0228385263717,1,0.840878464839
0.0228485263717,1,0.842461763696
0.0228585263717,1,0.844029308336
0.0228685263717,1,0.845581255517
0.0228785263717,1,0.847117760437
0.0228885263717,1,0.848638976751
0.0228985263717,1,0.850145056584
0.0229085263717,1,0.851636150549
0.0229185263717,1,0.853112407757
0.0229285263717,1,0.854573975839
0.0229385263717,1,0.856021000955
0.0229485263717,1,0.857453627811
0.0229585263717,1,0.858871999674
0.0229685263717,1,0.860276258384
0.0229785263717,1,0.86166654437
0.0229885263717,1,0.863042996665
0.0229985263717,1,0.864405752917
0.0230085263717,1,0.865754949405
0.0230185263717,1,0.867090721053
0.0230285263717,1,0.86841320144
0.0230385263717,1,0.869722522819
0.0230485263717,1,0.871018816124
0.0230585263717,1,0.872302210989
0.0230685263717,1,0.873572835755
0.0230785263717,1,0.874830817489
0.0230885263717,1,0.876076281991
0.0230985263717,1,0.877309353812
0.0231085263717,1,0.878530156262
0.0231185263717,1,0.879738811424
0.0231285263717,1,0.880935440166
0.0231385263717,1,0.882120162154
0.0231485263717,1,0.883293095864
0.0231585263717,1,0.884454358592
0.0231685263717,1,0.885604066466
0.0231785263717,1,0.886742334462
0.0231885263717,1,0.887869276407
0.0231985263717,1,0.888985005
0.0232085263717,1,0.890089631816
0.0232185263717,1,0.891183267321
0.0232285263717,1,0.89226602088
0.0232385263717,1,0.893338000771
0.0232485263717,1,0.894399314196
0.0232585263717,1,0.895450067289
0.0232685263717,1,0.896490365127
0.0232785263717,1,0.897520311743
0.0232885263717,1,0.898540010133
0.0232985263717,1,0.899549562271
0.0233085263717,1,0.900549069114
0.0233185263717,1,0.901538630616
0.0233285263717,1,0.902518345734
0.0233385263717,1,0.903488312443
0.0233485263717,1,0.904448627742
0.0233585263717,1,0.905399387665
0.0233685263717,1,0.90634068729
0.0233785263717,1,0.90727262075
0.0233885263717,1,0.90819528124
0.0233985263717,1,0.909108761029
0.0234085263717,1,0.910013151466
0.0234185263717,1,0.910908542994
0.0234285263717,1,0.911795025153
0.0234385263717,1,0.912672686595
0.0234485263717,1,0.913541615086
0.0234585263717,1,0.914401897523
0.0234685263717,1,0.915253619936
0.0234785263717,1,0.916096867499
0.0234885263717,1,0.916931724538
0.0234985263717,1,0.917758274543
0.0235085263717,1,0.918576600169
0.0235185263717,1,0.919386783252
0.0235285263717,1,0.920188904812
0.0235385263717,1,0.920983045063
0.0235485263717,1,0.92176928342
0.0235585263717,1,0.922547698511
0.0235685263717,1,0.923318368177
0.0235785263717,1,0.924081369489
0.0235885263717,1,0.924836778748
0.0235985263717,1,0.925584671496
0.0236085263717,1,0.926325122526
0.0236185263717,1,0.927058205884
0.0236285263717,1,0.92778399488
0.0236385263717,1,0.928502562096
0.0236485263717,1,0.929213979388
0.0236585263717,1,0.929918317902
0.0236685263717,1,0.930615648072
0.0236785263717,1,0.931306039633
0.0236885263717,1,0.931989561627
0.0236985263717,1,0.932666282407
0.0237085263717,1,0.933336269647
0.0237185263717,1,0.933999590347
0.0237285263717,1,0.934656310841
0.0237385263717,1,0.935306496802
0.0237485263717,1,0.935950213252
0.0237585263717,1,0.936587524563
0.0237685263717,1,0.937218494468
0.0237785263717,1,0.937843186065
0.0237885263717,1,0.938461661826
0.0237985263717,1,0.939073983599
0.0238085263717,1,0.939680212618
0.0238185263717,1,0.940280409507
0.0238285263717,1,0.940874634288
0.0238385263717,1,0.941462946385
0.0238485263717,1,0.94204540463
0.0238585263717,1,0.94262206727
0.0238685263717,1,0.943192991974
0.0238785263717,1,0.943758235835
0.0238885263717,1,0.944317855379
0.0238985263717,1,0.944871906569
0.0239085263717,1,0.945420444812
0.0239185263717,1,0.945963524963
0.0239285263717,1,0.946501201332
0.0239385263717,1,0.947033527687
0.0239485263717,1,0.947560557262
0.0239585263717,1,0.948082342762
0.0239685263717,1,0.948598936366
0.0239785263717,1,0.949110389736
0.0239885263717,1,0.949616754017
0.0239985263717,1,0.950118079848
0.0240085263717,1,0.950614417362
0.0240185263717,1,0.951105816194
0.0240285263717,1,0.951592325485
0.0240385263717,1,0.952073993888
0.0240485263717,1,0.952550869571
0.0240585263717,1,0.953023000222
0.0240685263717,1,0.953490433056
0.0240785263717,1,0.953953214816
0.0240885263717,1,0.954411391783
0.0240985263717,1,0.954865009776
0.0241085263717,1,0.955314114156
0.0241185263717,1,0.955758749836
0.0241285263717,1,0.95619896128
0.0241385263717,1,0.956634792511
0.0241485263717,1,0.957066287113
0.0241585263717,1,0.957493488237
0.0241685263717,1,0.957916438602
0.0241785263717,1,0.958335180507
0.0241885263717,1,0.958749755825
0.0241985263717,1,0.959160206016
0.0242085263717,1,0.959566572125
0.0242185263717,1,0.959968894791
0.0242285263717,1,0.960367214246
0.0242385263717,1,0.960761570323
0.0242485263717,1,0.961152002459
0.0242585263717,1,0.961538549698
0.0242685263717,1,0.961921250696
0.0242785263717,1,0.962300143724
0.0242885263717,1,0.962675266672
0.0242985263717,1,0.963046657053
0.0243085263717,1,0.963414352008
0.0243185263717,1,0.963778388306
0.0243285263717,1,0.964138802353
0.0243385263717,1,0.96449563019
0.0243485263717,1,0.964848907502
0.0243585263717,1,0.965198669616
0.0243685263717,1,0.965544951511
0.0243785263717,1,0.965887787814
0.0243885263717,1,0.966227212811
0.0243985263717,1,0.966563260445
0.0244085263717,1,0.966895964321
0.0244185263717,1,0.967225357711
0.0244285263717,1,0.967551473554
0.0244385263717,1,0.967874344464
0.0244485263717,1,0.968194002728
0.0244585263717,1,0.968510480313
0.0244685263717,1,0.968823808867
0.0244785263717,1,0.969134019724
0.0244885263717,1,0.969441143906
0.0244985263717,1,0.969745212126
0.0245085263717,1,0.970046254791
0.0245185263717,1,0.970344302007
0.0245285263717,1,0.970639383579
0.0245385263717,1,0.970931529016
0.0245485263717,1,0.971220767534
0.0245585263717,1,0.971507128056
0.0245685263717,1,0.971790639219
0.0245785263717,1,0.972071329376
0.0245885263717,1,0.972349226597
0.0245985263717,1,0.97262435867
0.0246085263717,1,0.972896753111
0.0246185263717,1,0.97316643716
0.0246285263717,1,0.973433437785
0.0246385263717,1,0.973697781688
0.0246485263717,1,0.973959495303
0.0246585263717,1,0.974218604802
0.0246685263717,1,0.974475136098
0.0246785263717,1,0.974729114843
0.0246885263717,1,0.974980566437
0.0246985263717,1,0.975229516024
0.0247085263717,1,0.975475988502
0.0247185263717,1,0.975720008517
0.0247285263717,1,0.975961600472
0.0247385263717,1,0.976200788527
0.0247485263717,1,0.976437596601
0.0247585263717,1,0.976672048376
0.0247685263717,1,0.976904167298
0.0247785263717,1,0.977133976579
0.0247885263717,1,0.9773614992
0.0247985263717,1,0.977586757914
0.0248085263717,1,0.977809775248
0.0248185263717,1,0.978030573504
0.0248285263717,1,0.978249174763
0.0248385263717,1,0.978465600885
0.0248485263717,1,0.978679873513
0.0248585263717,1,0.978892014075
0.0248685263717,1,0.979102043786
0.0248785263717,1,0.979309983649
0.0248885263717,1,0.979515854458
0.0248985263717,1,0.979719676802
0.0249085263717,1,0.979921471062
0.0249185263717,1,0.98012125742
0.0249285263717,1,0.980319055854
0.0249385263717,1,0.980514886144
0.0249485263717,1,0.980708767874
0.0249585263717,1,0.980900720432
0.0249685263717,1,0.981090763015
0.0249785263717,1,0.981278914627
0.0249885263717,1,0.981465194083
0.0249985263717,1,0.981649620013
0.0250085263717,1,0.981832210858
0.0250185263717,1,0.982012984879
0.0250285263717,1,0.982191960154
0.0250385263717,1,0.982369154581
0.0250485263717,1,0.982544585878
0.0250585263717,1,0.982718271591
0.0250685263717,1,0.982890229088
0.0250785263717,1,0.983060475564
0.0250885263717,1,0.983229028046
0.0250985263717,1,0.983395903389
0.0251085263717,1,0.983561118281
0.0251185263717,1,0.983724689243
0.0251285263717,1,0.983886632634
0.0251385263717,1,0.984046964647
0.0251485263717,1,0.984205701318
0.0251585263717,1,0.984362858518
0.0251685263717,1,0.984518451966
0.0251785263717,1,0.98467249722
0.0251885263717,1,0.984825009685
0.0251985263717,1,0.984976004614
0.0252085263717,1,0.985125497105
0.0252185263717,1,0.985273502109
0.0252285263717,1,0.985420034427
0.0252385263717,1,0.985565108711
0.0252485263717,1,0.98570873947
0.0252585263717,1,0.985850941067
0.0252685263717,1,0.985991727723
0.0252785263717,1,0.986131113517
0.0252885263717,1,0.986269112388
0.0252985263717,1,0.986405738135
0.0253085263717,1,0.986541004422
0.0253185263717,1,0.986674924776
0.0253285263717,1,0.986807512589
0.0253385263717,1,0.986938781121
0.0253485263717,1,0.987068743498
0.0253585263717,1,0.987197412717
0.0253685263717,1,0.987324801645
0.0253785263717,1,0.987450923022
0.0253885263717,1,0.987575789459
0.0253985263717,1,0.987699413445
0.0254085263717,1,0.987821807341
0.0254185263717,1,0.987942983387
0.0254285263717,1,0.988062953702
0.0254385263717,1,0.988181730282
0.0254485263717,1,0.988299325005
0.0254585263717,1,0.988415749632
0.0254685263717,1,0.988531015805
0.0254785263717,1,0.988645135051
0.0254885263717,1,0.988758118781
0.0254985263717,1,0.988869978296
0.0255085263717,1,0.988980724781
0.0255185263717,1,0.98909036931
0.0255285263717,1,0.989198922849
0.0255385263717,1,0.989306396254
0.0255485263717,1,0.989412800271
0.0255585263717,1,0.989518145542
0.0255685263717,1,0.989622442602
0.0255785263717,1,0.989725701879
0.0255885263717,1,0.989827933701
0.0255985263717,1,0.989929148291
0.0256085263717,1,0.990029355771
0.0256185263717,1,0.990128566161
0.0256285263717,1,0.990226789384
0.0256385263717,1,0.99032403526
0.0256485263717,1,0.990420313516
0.0256585263717,1,0.99051563378
0.0256685263717,1,0.990610005583
0.0256785263717,1,0.990703438363
0.0256885263717,1,0.990795941464
0.0256985263717,1,0.990887524136
0.0257085263717,1,0.990978195538
0.0257185263717,1,0.991067964737
0.0257285263717,1,0.991156840709
0.0257385263717,1,0.991244832344
0.0257485263717,1,0.99133194844
0.0257585263717,1,0.991418197709
0.0257685263717,1,0.991503588777
0.0257785263717,1,0.991588130182
0.0257885263717,1,0.991671830379
0.0257985263717,1,0.991754697739
0.0258085263717,1,0.991836740547
0.0258185263717,1,0.99191796701
0.0258285263717,1,0.991998385248
0.0258385263717,1,0.992078003305
0.0258485263717,1,0.992156829143
0.0258585263717,1,0.992234870644
0.0258685263717,1,0.992312135613
0.0258785263717,1,0.992388631776
0.0258885263717,1,0.992464366783
0.0258985263717,1,0.992539348208
0.0259085263717,1,0.99261358355
0.0259185263717,1,0.992687080231
0.0259285263717,1,0.992759845601
0.0259385263717,1,0.992831886939
0.0259485263717,1,0.992903211447
0.0259585263717,1,0.992973826258
0.0259685263717,1,0.993043738435
0.0259785263717,1,0.993112954968
0.0259885263717,1,0.993181482779
0.0259985263717,1,0.993249328722
0.0260085263717,1,0.99331649958
0.0260185263717,1,0.993383002072
0.0260285263717,1,0.993448842847
0.0260385263717,1,0.993514028491
0.0260485263717,1,0.99357856552
0.0260585263717,1,0.993642460391
0.0260685263717,1,0.993705719492
0.0260785263717,1,0.993768349148
0.0260885263717,1,0.993830355624
0.0260985263717,1,0.993891745121
0.0261085263717,1,0.993952523776
0.0261185263717,1,0.994012697669
0.0261285263717,1,0.994072272817
0.0261385263717,1,0.994131255177
0.0261485263717,1,0.994189650647
0.0261585263717,1,0.994247465069
0.0261685263717,1,0.994304704222
0.0261785263717,1,0.994361373832
0.0261885263717,1,0.994417479565
0.0261985263717,1,0.994473027032
0.0262085263717,1,0.994528021788
0.0262185263717,1,0.994582469333
0.0262285263717,1,0.99463637511
0.0262385263717,1,0.994689744512
0.0262485263717,1,0.994742582875
0.0262585263717,1,0.994794895483
0.0262685263717,1,0.994846687568
0.0262785263717,1,0.994897964309
0.0262885263717,1,0.994948730833
0.0262985263717,1,0.994998992218
0.0263085263717,1,0.995048753489
0.0263185263717,1,0.995098019624
0.0263285263717,1,0.995146795548
0.0263385263717,1,0.995195086139
0.0263485263717,1,0.995242896228
0.0263585263717,1,0.995290230594
0.0263685263717,1,0.995337093971
0.0263785263717,1,0.995383491046
0.0263885263717,1,0.995429426458
0.0263985263717,1,0.995474904802
0.0264085263717,1,0.995519930625
0.0264185263717,1,0.995564508429
0.0264285263717,1,0.995608642674
0.0264385263717,1,0.995652337772
0.0264485263717,1,0.995695598092
0.0264585263717,1,0.995738427962
0.0264685263717,1,0.995780831664
0.0264785263717,1,0.995822813438
0.0264885263717,1,0.995864377484
0.0264985263717,1,0.995905527957
0.0265085263717,1,0.995946268972
0.0265185263717,1,0.995986604604
0.0265285263717,1,0.996026538887
0.0265385263717,1,0.996066075813
0.0265485263717,1,0.996105219337
0.0265585263717,1,0.996143973374
0.0265685263717,1,0.996182341798
0.0265785263717,1,0.996220328447
0.0265885263717,1,0.996257937119
0.0265985263717,1,0.996295171575
0.0266085263717,1,0.99633203554
0.0266185263717,1,0.996368532699
0.0266285263717,1,0.996404666702
0.0266385263717,1,0.996440441162
0.0266485263717,1,0.996475859658
0.0266585263717,1,0.996510925731
0.0266685263717,1,0.996545642888
0.0266785263717,1,0.996580014601
0.0266885263717,1,0.996614044306
0.0266985263717,1,0.996647735408
0.0267085263717,1,0.996681091274
0.0267185263717,1,0.996714115242
0.0267285263717,1,0.996746810612
0.0267385263717,1,0.996779180656
0.0267485263717,1,0.99681122861
0.0267585263717,1,0.996842957678
0.0267685263717,1,0.996874371035
0.0267785263717,1,0.99690547182
0.0267885263717,1,0.996936263146
0.0267985263717,1,0.996966748089
0.0268085263717,1,0.9969969297
0.0268185263717,1,0.997026810997
0.0268285263717,1,0.997056394967
0.0268385263717,1,0.997085684569
0.0268485263717,1,0.997114682733
0.0268585263717,1,0.997143392358
0.0268685263717,1,0.997171816314
0.0268785263717,1,0.997199957445
0.0268885263717,1,0.997227818565
0.0268985263717,1,0.99725540246
0.0269085263717,1,0.997282711888
0.0269185263717,1,0.997309749581
0.0269285263717,1,0.997336518242
0.0269385263717,1,0.997363020548
0.0269485263717,1,0.99738925915
0.0269585263717,1,0.99741523667
0.0269685263717,1,0.997440955709
0.0269785263717,1,0.997466418836
0.0269885263717,1,0.997491628599
0.0269985263717,1,0.997516587518
0.0270085263717,1,0.99754129809
0.0270185263717,1,0.997565762786
0.0270285263717,1,0.997589984051
0.0270385263717,1,0.99761396431
0.0270485263717,1,0.997637705958
0.0270585263717,1,0.997661211372
0.0270685263717,1,0.9976844829
0.0270785263717,1,0.997707522871
0.0270885263717,1,0.997730333589
0.0270985263717,1,0.997752917335
0.0271085263717,1,0.997775276366
0.0271185263717,1,0.99779741292
0.0271285263717,1,0.997819329209
0.0271385263717,1,0.997841027426
0.0271485263717,1,0.99786250974
0.0271585263717,1,0.9978837783
0.0271685263717,1,0.997904835232
0.0271785263717,1,0.997925682643
0.0271885263717,1,0.997946322616
0.0271985263717,1,0.997966757217
0.0272085263717,1,0.997986988489
0.0272185263717,1,0.998007018454
0.0272285263717,1,0.998026849116
0.0272385263717,1,0.998046482458
0.0272485263717,1,0.998065920444
0.0272585263717,1,0.998085165016
0.0272685263717,1,0.998104218101
0.0272785263717,1,0.998123081602
0.0272885263717,1,0.998141757407
0.0272985263717,1,0.998160247383
0.0273085263717,1,0.99817855338
0.0273185263717,1,0.998196677227
0.0273285263717,1,0.998214620737
0.0273385263717,1,0.998232385705
0.0273485263717,1,0.998249973906
0.0273585263717,1,0.998267387101
0.0273685263717,1,0.998284627031
0.0273785263717,1,0.998301695419
0.0273885263717,1,0.998318593972
0.0273985263717,1,0.99833532438
0.0274085263717,1,0.998351888316
0.0274185263717,1,0.998368287438
0.0274285263717,1,0.998384523383
0.0274385263717,1,0.998400597778
0.0274485263717,1,0.998416512228
0.0274585263717,1,0.998432268325
0.0274685263717,1,0.998447867645
0.0274785263717,1,0.998463311748
0.0274885263717,1,0.998478602178
0.0274985263717,1,0.998493740465
0.0275085263717,1,0.998508728122
0.0275185263717,1,0.998523566648
0.0275285263717,1,0.998538257528
0.0275385263717,1,0.998552802229
0.0275485263717,1,0.998567202207
0.0275585263717,1,0.998581458901
0.0275685263717,1,0.998595573738
0.0275785263717,1,0.998609548128
0.0275885263717,1,0.99862338347
0.0275985263717,1,0.998637081147
0.0276085263717,1,0.998650642529
0.0276185263717,1,0.998664068972
0.0276285263717,1,0.998677361818
0.0276385263717,1,0.998690522397
0.0276485263717,1,0.998703552024
0.0276585263717,1,0.998716452004
0.0276685263717,1,0.998729223626
0.0276785263717,1,0.998741868167
0.0276885263717,1,0.998754386892
0.0276985263717,1,0.998766781052
0.0277085263717,1,0.998779051887
0.0277185263717,1,0.998791200625
0.0277285263717,1,0.998803228479
0.0277385263717,1,0.998815136654
0.0277485263717,1,0.998826926339
0.0277585263717,1,0.998838598713
0.0277685263717,1,0.998850154945
0.0277785263717,1,0.998861596189
0.0277885263717,1,0.998872923591
0.0277985263717,1,0.998884138281
0.0278085263717,1,0.998895241383
0.0278185263717,1,0.998906234006
0.0278285263717,1,0.99891711725
0.0278385263717,1,0.998927892202
0.0278485263717,1,0.998938559942
0.0278585263717,1,0.998949121534
0.0278685263717,1,0.998959578036
0.0278785263717,1,0.998969930494
0.0278885263717,1,0.998980179942
0.0278985263717,1,0.998990327405
0.0279085263717,1,0.999000373898
0.0279185263717,1,0.999010320427
0.0279285263717,1,0.999020167985
0.0279385263717,1,0.999029917557
0.0279485263717,1,0.999039570119
0.0279585263717,1,0.999049126635
0.0279685263717,1,0.999058588061
0.0279785263717,1,0.999067955344
0.0279885263717,1,0.999077229421
0.0279985263717,1,0.999086411217
0.0280085263717,1,0.999095501653
0.0280185263717,1,0.999104501637
0.0280285263717,1,0.999113412068
0.0280385263717,1,0.999122233838
0.0280485263717,1,0.99913096783
0.0280585263717,1,0.999139614916
0.0280685263717,1,0.999148175962
0.0280785263717,1,0.999156651823
0.0280885263717,1,0.999165043347
0.0280985263717,1,0.999173351374
0.0281085263717,1,0.999181576733
0.0281185263717,1,0.999189720248
0.0281285263717,1,0.999197782733
0.0281385263717,1,0.999205764995
0.0281485263717,1,0.999213667831
0.0281585263717,1,0.999221492031
0.0281685263717,1,0.999229238379
0.0281785263717,1,0.999236907649
0.0281885263717,1,0.999244500608
0.0281985263717,1,0.999252018015
0.0282085263717,1,0.999259460621
0.0282185263717,1,0.999266829172
0.0282285263717,1,0.999274124405
0.0282385263717,1,0.999281347047
0.0282485263717,1,0.999288497823
0.0282585263717,1,0.999295577447
0.0282685263717,1,0.999302586626
0.0282785263717,1,0.999309526063
0.0282885263717,1,0.99931639645
0.0282985263717,1,0.999323198476
0.0283085263717,1,0.999329932819
0.0283185263717,1,0.999336600154
0.0283285263717,1,0.999343201148
0.0283385263717,1,0.99934973646
0.0283485263717,1,0.999356206744
0.0283585263717,1,0.999362612647
0.0283685263717,1,0.999368954809
0.0283785263717,1,0.999375233866
0.0283885263717,1,0.999381450445
0.0283985263717,1,0.999387605166
0.0284085263717,1,0.999393698647
0.0284185263717,1,0.999399731497
0.0284285263717,1,0.999405704318
0.0284385263717,1,0.999411617708
0.0284485263717,1,0.999417472258
0.0284585263717,1,0.999423268554
0.0284685263717,1,0.999429007175
0.0284785263717,1,0.999434688696
0.0284885263717,1,0.999440313684
0.0284985263717,1,0.999445882702
0.0285085263717,1,0.999451396307
0.0285185263717,1,0.99945685505
0.0285285263717,1,0.999462259477
0.0285385263717,1,0.999467610129
0.0285485263717,1,0.999472907541
0.0285585263717,1,0.999478152242
0.0285685263717,1,0.999483344757
0.0285785263717,1,0.999488485605
0.0285885263717,1,0.999493575301
0.0285985263717,1,0.999498614352
0.0286085263717,1,0.999503603264
0.0286185263717,1,0.999508542535
0.0286285263717,1,0.999513432659
0.0286385263717,1,0.999518274125
0.0286485263717,1,0.999523067418
0.0286585263717,1,0.999527813016
0.0286685263717,1,0.999532511394
0.0286785263717,1,0.999537163021
0.0286885263717,1,0.999541768365
0.0286985263717,1,0.999546327883
0.0287085263717,1,0.999550842034
0.0287185263717,1,0.999555311267
0.0287285263717,1,0.999559736031
0.0287385263717,1,0.999564116767
0.0287485263717,1,0.999568453913
0.0287585263717,1,0.999572747904
0.0287685263717,1,0.999576999169
0.0287785263717,1,0.999581208132
0.0287885263717,1,0.999585375216
0.0287985263717,1,0.999589500835
0.0288085263717,1,0.999593585404
0.0288185263717,1,0.99959762933
0.0288285263717,1,0.999601633019
0.0288385263717,1,0.999605596869
0.0288485263717,1,0.999609521279
0.0288585263717,1,0.999613406639
0.0288685263717,1,0.999617253339
0.0288785263717,1,0.999621061764
0.0288885263717,1,0.999624832293
0.0288985263717,1,0.999628565305
0.0289085263717,1,0.999632261173
0.0289185263717,1,0.999635920266
0.0289285263717,1,0.99963954295
0.0289385263717,1,0.999643129587
0.0289485263717,1,0.999646680536
0.0289585263717,1,0.999650196153
0.0289685263717,1,0.999653676788
0.0289785263717,1,0.99965712279
0.0289885263717,1,0.999660534504
0.0289985263717,1,0.99966391227
0.0290085263717,1,0.999667256426
0.0290185263717,1,0.999670567308
0.0290285263717,1,0.999673845245
0.0290385263717,1,0.999677090566
0.0290485263717,1,0.999680303595
0.0290585263717,1,0.999683484654
0.0290685263717,1,0.99968663406
0.0290785263717,1,0.999689752129
0.0290885263717,1,0.999692839173
0.0290985263717,1,0.9996958955
0.0291085263717,1,0.999698921415
0.0291185263717,1,0.999701917222
0.0291285263717,1,0.99970488322
0.0291385263717,1,0.999707819705
0.0291485263717,1,0.999710726972
0.0291585263717,1,0.99971360531
0.0291685263717,1,0.999716455009
0.0291785263717,1,0.999719276352
0.0291885263717,1,0.999722069622
0.0291985263717,1,0.999724835098
0.0292085263717,1,0.999727573058
0.0292185263717,1,0.999730283773
0.0292285263717,1,0.999732967517
0.0292385263717,1,0.999735624557
0.0292485263717,1,0.999738255158
0.0292585263717,1,0.999740859584
0.0292685263717,1,0.999743438096
0.0292785263717,1,0.999745990951
0.0292885263717,1,0.999748518404
0.0292985263717,1,0.999751020708
0.0293085263717,1,0.999753498114
0.0293185263717,1,0.999755950869
0.0293285263717,1,0.999758379219
0.0293385263717,1,0.999760783406
0.0293485263717,1,0.99976316367
0.0293585263717,1,0.999765520251
0.0293685263717,1,0.999767853383
0.0293785263717,1,0.999770163299
0.0293885263717,1,0.999772450231
0.0293985263717,1,0.999774714408
0.0294085263717,1,0.999776956056
0.0294185263717,1,0.999779175399
0.0294285263717,1,0.999781372658
0.0294385263717,1,0.999783548055
0.0294485263717,1,0.999785701806
0.0294585263717,1,0.999787834126
0.0294685263717,1,0.999789945229
0.0294785263717,1,0.999792035326
0.0294885263717,1,0.999794104627
0.0294985263717,1,0.999796153337
0.0295085263717,1,0.999798181662
0.0295185263717,1,0.999800189804
0.0295285263717,1,0.999802177966
0.0295385263717,1,0.999804146344
0.0295485263717,1,0.999806095137
0.0295585263717,1,0.999808024538
0.0295685263717,1,0.999809934742
0.0295785263717,1,0.999811825938
0.0295885263717,1,0.999813698317
0.0295985263717,1,0.999815552065
0.0296085263717,1,0.999817387368
0.0296185263717,1,0.999819204409
0.0296285263717,1,0.99982100337
0.0296385263717,1,0.999822784431
0.0296485263717,1,0.99982454777
0.0296585263717,1,0.999826293564
0.0296685263717,1,0.999828021986
0.0296785263717,1,0.99982973321
0.0296885263717,1,0.999831427407
0.0296985263717,1,0.999833104746
0.0297085263717,1,0.999834765395
0.0297185263717,1,0.999836409521
0.0297285263717,1,0.999838037287
0.0297385263717,1,0.999839648856
0.0297485263717,1,0.99984124439
0.0297585263717,1,0.999842824048
0.0297685263717,1,0.999844387987
0.0297785263717,1,0.999845936366
0.0297885263717,1,0.999847469337
0.0297985263717,1,0.999848987055
0.0298085263717,1,0.999850489672
0.0298185263717,1,0.999851977336
0.0298285263717,1,0.999853450199
0.0298385263717,1,0.999854908406
0.0298485263717,1,0.999856352103
0.0298585263717,1,0.999857781436
0.0298685263717,1,0.999859196546
0.0298785263717,1,0.999860597575
0.0298885263717,1,0.999861984664
0.0298985263717,1,0.999863357951
0.0299085263717,1,0.999864717573
0.0299185263717,1,0.999866063667
0.0299285263717,1,0.999867396367
0.0299385263717,1,0.999868715806
0.0299485263717,1,0.999870022116
0.0299585263717,1,0.999871315429
0.0299685263717,1,0.999872595872
0.0299785263717,1,0.999873863575
0.0299885263717,1,0.999875118664
0.0299985263717,1,0.999876361264
0.0300085263717,1,0.9998775915
0.0300185263717,1,0.999878809495
0.0300285263717,1,0.999880015371
0.0300385263717,1,0.999881209248
0.0300485263717,1,0.999882391245
0.0300585263717,1,0.999883561482
0.0300685263717,1,0.999884720074
0.0300785263717,1,0.999885867138
0.0300885263717,1,0.999887002788
0.0300985263717,1,0.999888127139
0.0301085263717,1,0.999889240301
0.0301185263717,1,0.999890342388
0.0301285263717,1,0.999891433508
0.0301385263717,1,0.999892513772
0.0301485263717,1,0.999893583287
0.0301585263717,1,0.99989464216
0.0301685263717,1,0.999895690496
0.0301785263717,1,0.999896728402
0.0301885263717,1,0.99989775598
0.0301985263717,1,0.999898773333
0.0302085263717,1,0.999899780564
0.0302185263717,1,0.999900777772
0.0302285263717,1,0.999901765058
0.0302385263717,1,0.99990274252
0.0302485263717,1,0.999903710256
0.0302585263717,1,0.999904668363
0.0302685263717,1,0.999905616937
0.0302785263717,1,0.999906556072
0.0302885263717,1,0.999907485862
0.0302985263717,1,0.999908406401
0.0303085263717,1,0.99990931778
0.0303185263717,1,0.99991022009
0.0303285263717,1,0.999911113423
0.0303385263717,1,0.999911997866
0.0303485263717,1,0.999912873509
0.0303585263717,1,0.99991374044
0.0303685263717,1,0.999914598744
0.0303785263717,1,0.999915448508
0.0303885263717,1,0.999916289816
0.0303985263717,1,0.999917122753
0.0304085263717,1,0.999917947402
0.0304185263717,1,0.999918763846
0.0304285263717,1,0.999919572166
0.0304385263717,1,0.999920372443
0.0304485263717,1,0.999921164757
0.0304585263717,1,0.999921949187
0.0304685263717,1,0.999922725812
0.0304785263717,1,0.99992349471
0.0304885263717,1,0.999924255956
0.0304985263717,1,0.999925009628
0.0305085263717,1,0.999925755801
0.0305185263717,1,0.999926494549
0.0305285263717,1,0.999927225947
0.0305385263717,1,0.999927950067
0.0305485263717,1,0.999928666982
0.0305585263717,1,0.999929376763
0.0305685263717,1,0.999930079482
0.0305785263717,1,0.999930775208
0.0305885263717,1,0.999931464012
0.0305985263717,1,0.999932145962
0.0306085263717,1,0.999932821127
0.0306185263717,1,0.999933489573
0.0306285263717,1,0.999934151369
0.0306385263717,1,0.999934806579
0.0306485263717,1,0.99993545527
0.0306585263717,1,0.999936097506
0.0306685263717,1,0.999936733351
0.0306785263717,1,0.99993736287
0.0306885263717,1,0.999937986125
0.0306985263717,1,0.999938603179
0.0307085263717,1,0.999939214093
0.0307185263717,1,0.999939818927
0.0307285263717,1,0.999940417744
0.0307385263717,1,0.999941010602
0.0307485263717,1,0.999941597562
0.0307585263717,1,0.99994217868
0.0307685263717,1,0.999942754017
0.0307785263717,1,0.999943323629
0.0307885263717,1,0.999943887573
0.0307985263717,1,0.999944445905
0.0308085263717,1,0.999944998682
0.0308185263717,1,0.999945545959
0.0308285263717,1,0.99994608779
0.0308385263717,1,0.99994662423
0.0308485263717,1,0.999947155332
0.0308585263717,1,0.99994768115
0.0308685263717,1,0.999948201736
0.0308785263717,1,0.999948717141
0.0308885263717,1,0.999949227418
0.0308985263717,1,0.999949732618
0.0309085263717,1,0.999950232791
0.0309185263717,1,0.999950727987
0.0309285263717,1,0.999951218256
0.0309385263717,1,0.999951703647
0.0309485263717,1,0.999952184207
0.0309585263717,1,0.999952659986
0.0309685263717,1,0.999953131031
0.0309785263717,1,0.999953597389
0.0309885263717,1,0.999954059107
0.0309985263717,1,0.99995451623
0.031001,1,0.999954628601
0.0310011,0.900000000001,0.999944634137
0.0310013,0.700000000002,0.999904649209
0.0310015970895,0.402910498381,0.999771439388
0.0310019154439,0.0845561252915,0.99953078965
0.031002,0,0.99944985149
0.0310020636709,0,0.999386219696
0.0310021910126,0,0.999258964209
0.0310024435486,0,0.999006647217
0.0310029486206,0,0.998502204342
0.0310039587646,0,0.997494082548
0.0310059790525,0,0.99548089092
0.0310100196283,0,0.991466684742
0.03101810078,0,0.983486735682
0.03102810078,0,0.973700798013
0.03103810078,0,0.964012232859
0.03104810078,0,0.954420071338
0.03105810078,0,0.94492335421
0.03106810078,0,0.93552113178
0.03107810078,0,0.926212463802
0.03108810078,0,0.916996419387
0.03109810078,0,0.907872076905
0.03110810078,0,0.898838523901
0.03111810078,0,0.889894856997
0.03112810078,0,0.881040181803
0.03113810078,0,0.872273612829
0.03114810078,0,0.863594273398
0.03115810078,0,0.855001295553
0.03116810078,0,0.846493819976
0.03117810078,0,0.838070995896
0.03118810078,0,0.829731981012
0.03119810078,0,0.8214759414
0.03120810078,0,0.813302051436
0.03121810078,0,0.80520949371
0.03122810078,0,0.797197458947
0.03123810078,0,0.789265145922
0.03124810078,0,0.781411761386
0.03125810078,0,0.773636519979
0.03126810078,0,0.765938644158
0.03127810078,0,0.758317364117
0.03128810078,0,0.750771917708
0.03129810078,0,0.743301550367
0.03130810078,0,0.73590551504
0.03131810078,0,0.728583072105
0.03132810078,0,0.721333489298
0.03133810078,0,0.714156041643
0.03134810078,0,0.707050011378
0.03135810078,0,0.700014687882
0.03136810078,0,0.693049367604
0.03137810078,0,0.686153353996
0.03138810078,0,0.679325957439
0.03139810078,0,0.672566495176
0.03140810078,0,0.665874291244
0.03141810078,0,0.659248676406
0.03142810078,0,0.652688988083
0.03143810078,0,0.646194570291
0.03144810078,0,0.639764773572
0.03145810078,0,0.633398954929
0.03146810078,0,0.627096477766
0.03147810078,0,0.620856711818
0.03148810078,0,0.614679033093
0.03149810078,0,0.608562823809
0.03150810078,0,0.602507472328
0.03151810078,0,0.596512373101
0.03152810078,0,0.590576926603
0.03153810078,0,0.584700539273
0.03154810078,0,0.57888262346
0.03155810078,0,0.573122597355
0.03156810078,0,0.567419884944
0.03157810078,0,0.56177391594
0.03158810078,0,0.556184125731
0.03159810078,0,0.550649955326
0.03160810078,0,0.545170851293
0.03161810078,0,0.539746265708
0.03162810078,0,0.534375656099
0.03163810078,0,0.529058485391
0.03164810078,0,0.523794221855
0.03165810078,0,0.518582339051
0.03166810078,0,0.513422315776
0.03167810078,0,0.508313636017
0.03168810078,0,0.503255788893
0.03169810078,0,0.498248268605
0.03170810078,0,0.49329057439
0.03171810078,0,0.488382210466
0.03172810078,0,0.483522685984
0.03173810078,0,0.478711514979
0.03174810078,0,0.473948216323
0.03175810078,0,0.469232313673
0.03176810078,0,0.464563335427
0.03177810078,0,0.459940814677
0.03178810078,0,0.455364289157
0.03179810078,0,0.450833301206
0.03180810078,0,0.446347397711
0.03181810078,0,0.441906130072
0.03182810078,0,0.437509054151
0.03183810078,0,0.433155730229
0.03184810078,0,0.428845722963
0.03185810078,0,0.424578601342
0.03186810078,0,0.420353938642
0.03187810078,0,0.416171312387
0.03188810078,0,0.412030304303
0.03189810078,0,0.40793050028
0.03190810078,0,0.403871490327
0.03191810078,0,0.399852868533
0.03192810078,0,0.395874233025
0.03193810078,0,0.39193518593
0.03194810078,0,0.388035333334
0.03195810078,0,0.384174285241
0.03196810078,0,0.380351655537
0.03197810078,0,0.37656706195
0.03198810078,0,0.37282012601
0.03199810078,0,0.369110473015
0.03200810078,0,0.36543773199
0.03201810078,0,0.361801535652
0.03202810078,0,0.358201520371
0.03203810078,0,0.354637326139
0.03204810078,0,0.351108596526
0.03205810078,0,0.34761497865
0.03206810078,0,0.344156123141
0.03207810078,0,0.340731684105
0.03208810078,0,0.337341319089
0.03209810078,0,0.333984689048
0.03210810078,0,0.330661458311
0.03211810078,0,0.327371294547
0.03212810078,0,0.32411386873
0.03213810078,0,0.320888855111
0.03214810078,0,0.31769593118
0.03215810078,0,0.314534777636
0.03216810078,0,0.311405078356
0.03217810078,0,0.308306520362
0.03218810078,0,0.305238793791
0.03219810078,0,0.302201591863
0.03220810078,0,0.29919461085
0.03221810078,0,0.296217550045
0.03222810078,0,0.293270111736
0.03223810078,0,0.290352001172
0.03224810078,0,0.287462926533
0.03225810078,0,0.284602598906
0.03226810078,0,0.28177073225
0.03227810078,0,0.278967043372
0.03228810078,0,0.276191251896
0.03229810078,0,0.273443080235
0.03230810078,0,0.270722253566
0.03231810078,0,0.268028499799
0.03232810078,0,0.265361549552
0.03233810078,0,0.262721136124
0.03234810078,0,0.260106995466
0.03235810078,0,0.257518866158
0.03236810078,0,0.25495648938
0.03237810078,0,0.252419608889
0.03238810078,0,0.24990797099
0.03239810078,0,0.247421324512
0.03240810078,0,0.244959420786
0.03241810078,0,0.242522013614
0.03242810078,0,0.240108859249
0.03243810078,0,0.237719716371
0.03244810078,0,0.235354346059
0.03245810078,0,0.23301251177
0.03246810078,0,0.230693979314
0.03247810078,0,0.228398516834
0.03248810078,0,0.226125894776
0.03249810078,0,0.223875885872
0.03250810078,0,0.221648265117
0.03251810078,0,0.219442809743
0.03252810078,0,0.217259299198
0.03253810078,0,0.215097515127
0.03254810078,0,0.212957241344
0.03255810078,0,0.210838263819
0.03256810078,0,0.208740370646
0.03257810078,0,0.206663352033
0.03258810078,0,0.204607000271
0.03259810078,0,0.202571109721
0.03260810078,0,0.200555476789
0.03261810078,0,0.198559899905
0.03262810078,0,0.196584179508
0.03263810078,0,0.194628118021
0.03264810078,0,0.192691519831
0.03265810078,0,0.190774191276
0.03266810078,0,0.188875940616
0.03267810078,0,0.186996578023
0.03268810078,0,0.185135915555
0.03269810078,0,0.183293767142
0.03270810078,0,0.181469948563
0.03271810078,0,0.179664277433
0.03272810078,0,0.17787657318
0.03273810078,0,0.176106657029
0.03274810078,0,0.174354351984
0.03275810078,0,0.17261948281
0.03276810078,0,0.170901876016
0.03277810078,0,0.169201359837
0.03278810078,0,0.167517764217
0.03279810078,0,0.165850920791
0.03280810078,0,0.164200662873
0.03281810078,0,0.162566825432
0.03282810078,0,0.160949245079
0.03283810078,0,0.159347760053
0.03284810078,0,0.157762210202
0.03285810078,0,0.156192436966
0.03286810078,0,0.154638283365
0.03287810078,0,0.153099593978
0.03288810078,0,0.151576214933
0.03289810078,0,0.150067993889
0.03290810078,0,0.14857478002
0.03291810078,0,0.147096424
0.03292810078,0,0.14563277799
0.03293810078,0,0.144183695622
0.03294810078,0,0.142749031984
0.03295810078,0,0.141328643606
0.03296810078,0,0.139922388445
0.03297810078,0,0.138530125874
0.03298810078,0,0.137151716661
0.03299810078,0,0.135787022963
0.03300810078,0,0.134435908307
0.03301810078,0,0.133098237577
0.03302810078,0,0.131773877004
0.03303810078,0,0.130462694149
0.03304810078,0,0.129164557888
0.03305810078,0,0.127879338407
0.03306810078,0,0.126606907179
0.03307810078,0,0.125347136958
0.03308810078,0,0.124099901765
0.03309810078,0,0.122865076871
0.03310810078,0,0.121642538793
0.03311810078,0,0.120432165273
0.03312810078,0,0.11923383527
0.03313810078,0,0.118047428949
0.03314810078,0,0.116872827666
0.03315810078,0,0.115709913958
0.03316810078,0,0.11455857153
0.03317810078,0,0.113418685247
0.03318810078,0,0.112290141115
0.03319810078,0,0.111172826278
0.03320810078,0,0.110066629001
0.03321810078,0,0.108971438663
0.03322810078,0,0.107887145741
0.03323810078,0,0.106813641803
0.03324810078,0,0.105750819497
0.03325810078,0,0.104698572537
0.03326810078,0,0.103656795695
0.03327810078,0,0.102625384793
0.03328810078,0,0.101604236686
0.03329810078,0,0.100593249256
0.03330810078,0,0.0995923214026
0.03331810078,0,0.0986013530305
0.03332810078,0,0.0976202450401
0.03333810078,0,0.0966488993183
0.03334810078,0,0.0956872187281
0.03335810078,0,0.0947351070989
0.03336810078,0,0.0937924692174
0.03337810078,0,0.0928592108172
0.03338810078,0,0.0919352385703
0.03339810078,0,0.091020460077
0.03340810078,0,0.0901147838573
0.03341810078,0,0.0892181193413
0.03342810078,0,0.0883303768603
0.03343810078,0,0.0874514676378
0.03344810078,0,0.0865813037808
0.03345810078,0,0.0857197982705
0.03346810078,0,0.0848668649544
0.03347810078,0,0.0840224185369
0.03348810078,0,0.0831863745714
0.03349810078,0,0.0823586494513
0.03350810078,0,0.081539160402
0.03351810078,0,0.0807278254726
0.03352810078,0,0.0799245635276
0.03353810078,0,0.0791292942388
0.03354810078,0,0.0783419380772
0.03355810078,0,0.0775624163053
0.03356810078,0,0.0767906509689
0.03357810078,0,0.0760265648896
0.03358810078,0,0.0752700816569
0.03359810078,0,0.0745211256205
0.03360810078,0,0.073779621883
0.03361810078,0,0.0730454962921
0.03362810078,0,0.0723186754335
0.03363810078,0,0.0715990866232
0.03364810078,0,0.0708866579006
0.03365810078,0,0.070181318021
0.03366810078,0,0.0694829964486
0.03367810078,0,0.0687916233496
0.03368810078,0,0.068107129585
0.03369810078,0,0.0674294467035
0.03370810078,0,0.0667585069353
0.03371810078,0,0.0660942431847
0.03372810078,0,0.0654365890237
0.03373810078,0,0.0647854786851
0.03374810078,0,0.0641408470564
0.03375810078,0,0.0635026296728
0.03376810078,0,0.0628707627109
0.03377810078,0,0.0622451829824
0.03378810078,0,0.0616258279279
0.03379810078,0,0.0610126356102
0.03380810078,0,0.0604055447086
0.03381810078,0,0.0598044945125
0.03382810078,0,0.0592094249153
0.03383810078,0,0.0586202764087
0.03384810078,0,0.0580369900763
0.03385810078,0,0.057459507588
0.03386810078,0,0.0568877711941
0.03387810078,0,0.0563217237195
0.03388810078,0,0.0557613085581
0.03389810078,0,0.055206469667
0.03390810078,0,0.0546571515608
0.03391810078,0,0.0541132993065
0.03392810078,0,0.0535748585174
0.03393810078,0,0.0530417753481
0.03394810078,0,0.0525139964889
0.03395810078,0,0.0519914691606
0.03396810078,0,0.0514741411093
0.03397810078,0,0.0509619606007
0.03398810078,0,0.0504548764156
0.03399810078,0,0.0499528378443
0.03400810078,0,0.0494557946817
0.03401810078,0,0.0489636972222
0.03402810078,0,0.0484764962548
0.03403810078,0,0.0479941430582
0.03404810078,0,0.047516589396
0.03405810078,0,0.0470437875114
0.03406810078,0,0.0465756901233
0.03407810078,0,0.0461122504205
0.03408810078,0,0.0456534220581
0.03409810078,0,0.0451991591521
0.03410810078,0,0.044749416275
0.03411810078,0,0.0443041484513
0.03412810078,0,0.0438633111533
0.03413810078,0,0.0434268602961
0.03414810078,0,0.0429947522334
0.03415810078,0,0.0425669437535
0.03416810078,0,0.0421433920743
0.03417810078,0,0.0417240548398
0.03418810078,0,0.041308890115
0.03419810078,0,0.0408978563825
0.03420810078,0,0.0404909125379
0.03421810078,0,0.0400880178858
0.03422810078,0,0.0396891321357
0.03423810078,0,0.039294215398
0.03424810078,0,0.0389032281801
0.03425810078,0,0.0385161313823
0.03426810078,0,0.0381328862939
0.03427810078,0,0.0377534545895
0.03428810078,0,0.0373777983249
0.03429810078,0,0.0370058799336
0.03430810078,0,0.0366376622229
0.03431810078,0,0.0362731083699
0.03432810078,0,0.0359121819185
0.03433810078,0,0.035554846775
0.03434810078,0,0.0352010672051
0.03435810078,0,0.0348508078299
0.03436810078,0,0.0345040336226
0.03437810078,0,0.034160709905
0.03438810078,0,0.0338208023438
0.03439810078,0,0.0334842769473
0.03440810078,0,0.0331511000623
0.03441810078,0,0.0328212383701
0.03442810078,0,0.0324946588838
0.03443810078,0,0.0321713289447
0.03444810078,0,0.0318512162189
0.03445810078,0,0.0315342886943
0.03446810078,0,0.0312205146774
0.03447810078,0,0.0309098627901
0.03448810078,0,0.0306023019663
0.03449810078,0,0.0302978014492
0.03450810078,0,0.0299963307881
0.03451810078,0,0.0296978598349
0.03452810078,0,0.0294023587421
0.03453810078,0,0.0291097979586
0.03454810078,0,0.0288201482276
0.03455810078,0,0.0285333805836
0.03456810078,0,0.0282494663489
0.03457810078,0,0.0279683771315
0.03458810078,0,0.0276900848217
0.03459810078,0,0.0274145615897
0.03460810078,0,0.0271417798823
0.03461810078,0,0.0268717124208
0.03462810078,0,0.0266043321977
0.03463810078,0,0.0263396124744
0.03464810078,0,0.0260775267781
0.03465810078,0,0.0258180488997
0.03466810078,0,0.0255611528908
0.03467810078,0,0.025306813061
0.03468810078,0,0.0250550039758
0.03469810078,0,0.0248057004537
0.03470810078,0,0.0245588775636
0.03471810078,0,0.0243145106226
0.03472810078,0,0.0240725751936
0.03473810078,0,0.0238330470822
0.03474810078,0,0.0235959023351
0.03475810078,0,0.0233611172372
0.03476810078,0,0.0231286683095
0.03477810078,0,0.0228985323064
0.03478810078,0,0.0226706862138
0.03479810078,0,0.0224451072465
0.03480810078,0,0.0222217728461
0.03481810078,0,0.0220006606784
0.03482810078,0,0.0217817486319
0.03483810078,0,0.0215650148147
0.03484810078,0,0.0213504375528
0.03485810078,0,0.0211379953881
0.03486810078,0,0.0209276670758
0.03487810078,0,0.0207194315825
0.03488810078,0,0.0205132680842
0.03489810078,0,0.0203091559639
0.03490810078,0,0.0201070748101
0.03491810078,0,0.0199070044139
0.03492810078,0,0.019708924768
0.03493810078,0,0.0195128160639
0.03494810078,0,0.0193186586901
0.03495810078,0,0.0191264332305
0.03496810078,0,0.018936120462
0.03497810078,0,0.018747701353
0.03498810078,0,0.0185611570609
0.03499810078,0,0.0183764689309
0.03500810078,0,0.0181936184938
0.03501810078,0,0.018012587464
0.03502810078,0,0.017833357738
0.03503810078,0,0.0176559113924
0.03504810078,0,0.017480230682
0.03505810078,0,0.0173062980384
0.03506810078,0,0.0171340960678
0.03507810078,0,0.0169636075498
0.03508810078,0,0.0167948154348
0.03509810078,0,0.0166277028434
0.03510810078,0,0.0164622530639
0.03511810078,0,0.0162984495508
0.03512810078,0,0.0161362759235
0.03513810078,0,0.015975715964
0.03514810078,0,0.0158167536161
0.03515810078,0,0.0156593729831
0.03516810078,0,0.0155035583266
0.03517810078,0,0.0153492940646
0.03518810078,0,0.0151965647704
0.03519810078,0,0.0150453551707
0.03520810078,0,0.0148956501442
0.03521810078,0,0.0147474347198
0.03522810078,0,0.0146006940759
0.03523810078,0,0.0144554135378
0.03524810078,0,0.0143115785772
0.03525810078,0,0.0141691748103
0.03526810078,0,0.0140281879963
0.03527810078,0,0.0138886040361
0.03528810078,0,0.0137504089711
0.03529810078,0,0.0136135889813
0.03530810078,0,0.0134781303845
0.03531810078,0,0.0133440196344
0.03532810078,0,0.0132112433196
0.03533810078,0,0.0130797881622
0.03534810078,0,0.0129496410163
0.03535810078,0,0.0128207888669
0.03536810078,0,0.0126932188284
0.03537810078,0,0.0125669181435
0.03538810078,0,0.0124418741819
0.03539810078,0,0.0123180744388
0.03540810078,0,0.012195506534
0.03541810078,0,0.0120741582102
0.03542810078,0,0.0119540173325
0.03543810078,0,0.0118350718864
0.03544810078,0,0.0117173099771
0.03545810078,0,0.0116007198281
0.03546810078,0,0.01148528978
0.03547810078,0,0.0113710082897
0.03548810078,0,0.0112578639286
0.03549810078,0,0.011145845382
0.03550810078,0,0.0110349414479
0.03551810078,0,0.0109251410355
0.03552810078,0,0.0108164331645
0.03553810078,0,0.0107088069638
0.03554810078,0,0.0106022516707
0.03555810078,0,0.0104967566292
0.03556810078,0,0.0103923112896
0.03557810078,0,0.0102889052071
0.03558810078,0,0.0101865280409
0.03559810078,0,0.0100851695529
0.03560810078,0,0.00998481960708
0.03561810078,0,0.00988546816821
0.03562810078,0,0.00978710530086
0.03563810078,0,0.00968972116851
0.03564810078,0,0.00959330603251
0.03565810078,0,0.00949785025109
0.03566810078,0,0.00940334427844
0.03567810078,0,0.00930977866373
0.03568810078,0,0.00921714405016
0.03569810078,0,0.00912543117404
0.03570810078,0,0.00903463086385
0.03571810078,0,0.00894473403934
0.03572810078,0,0.00885573171059
0.03573810078,0,0.00876761497715
0.03574810078,0,0.00868037502713
0.03575810078,0,0.00859400313631
0.03576810078,0,0.00850849066729
0.03577810078,0,0.00842382906861
0.03578810078,0,0.0083400098739
0.03579810078,0,0.00825702470102
0.03580810078,0,0.00817486525126
0.03581810078,0,0.00809352330846
0.03582810078,0,0.00801299073823
0.03583810078,0,0.0079332594871
0.03584810078,0,0.00785432158176
0.03585810078,0,0.00777616912821
0.03586810078,0,0.00769879431101
0.03587810078,0,0.0076221893925
0.03588810078,0,0.00754634671197
0.03589810078,0,0.00747125868499
0.03590810078,0,0.00739691780255
0.03591810078,0,0.00732331663039
0.03592810078,0,0.00725044780819
0.03593810078,0,0.00717830404891
0.03594810078,0,0.00710687813797
0.03595810078,0,0.00703616293262
0.03596810078,0,0.00696615136115
0.03597810078,0,0.00689683642224
0.03598810078,0,0.0068282111842
0.03599810078,0,0.00676026878436
0.03600810078,0,0.0066930024283
0.03601810078,0,0.00662640538921
0.03602810078,0,0.00656047100723
0.03603810078,0,0.00649519268875
0.03604810078,0,0.00643056390578
0.03605810078,0,0.00636657819527
0.03606810078,0,0.0063032291585
0.03607810078,0,0.00624051046041
0.03608810078,0,0.00617841582896
0.03609810078,0,0.00611693905454
0.03610810078,0,0.00605607398932
0.03611810078,0,0.00599581454664
0.03612810078,0,0.00593615470041
0.03613810078,0,0.00587708848448
0.03614810078,0,0.0058186099921
0.03615810078,0,0.00576071337526
0.03616810078,0,0.00570339284417
0.03617810078,0,0.00564664266661
0.03618810078,0,0.00559045716744
0.03619810078,0,0.00553483072797
0.03620810078,0,0.0054797577854
0.03621810078,0,0.00542523283231
0.03622810078,0,0.00537125041607
0.03623810078,0,0.0053178051383
0.03624810078,0,0.00526489165433
0.03625810078,0,0.0052125046727
0.03626810078,0,0.00516063895456
0.03627810078,0,0.00510928931322
0.03628810078,0,0.00505845061359
0.03629810078,0,0.00500811777166
0.03630810078,0,0.00495828575403
0.03631810078,0,0.00490894957738
0.03632810078,0,0.00486010430795
0.03633810078,0,0.0048117450611
0.03634810078,0,0.0047638670008
0.03635810078,0,0.0047164653391
0.03636810078,0,0.00466953533572
0.03637810078,0,0.00462307229756
0.03638810078,0,0.00457707157818
0.03639810078,0,0.0045315285774
0.03640810078,0,0.00448643874081
0.03641810078,0,0.00444179755931
0.03642810078,0,0.00439760056867
0.03643810078,0,0.00435384334908
0.03644810078,0,0.00431052152471
0.03645810078,0,0.00426763076327
0.03646810078,0,0.00422516677558
0.03647810078,0,0.00418312531512
0.03648810078,0,0.00414150217766
0.03649810078,0,0.00410029320077
0.03650810078,0,0.00405949426344
0.03651810078,0,0.0040191012857
0.03652810078,0,0.00397911022813
0.03653810078,0,0.00393951709153
0.03654810078,0,0.00390031791649
0.03655810078,0,0.00386150878299
0.03656810078,0,0.00382308581003
0.03657810078,0,0.0037850451552
0.03658810078,0,0.00374738301436
0.03659810078,0,0.00371009562118
0.03660810078,0,0.00367317924684
0.03661810078,0,0.00363663019961
0.03662810078,0,0.00360044482448
0.03663810078,0,0.00356461950285
0.03664810078,0,0.00352915065207
0.03665810078,0,0.00349403472519
0.03666810078,0,0.00345926821051
0.03667810078,0,0.0034248476313
0.03668810078,0,0.00339076954542
0.03669810078,0,0.00335703054496
0.03670810078,0,0.00332362725596
0.03671810078,0,0.00329055633799
0.03672810078,0,0.00325781448388
0.03673810078,0,0.00322539841936
0.03674810078,0,0.00319330490275
0.03675810078,0,0.00316153072462
0.03676810078,0,0.00313007270746
0.03677810078,0,0.00309892770539
0.03678810078,0,0.00306809260385
0.03679810078,0,0.00303756431923
0.03680810078,0,0.00300733979864
0.03681810078,0,0.00297741601955
0.03682810078,0,0.00294778998951
0.03683810078,0,0.00291845874583
0.03684810078,0,0.00288941935532
0.03685810078,0,0.00286066891398
0.03686810078,0,0.00283220454667
0.03687810078,0,0.00280402340691
0.03688810078,0,0.00277612267649
0.03689810078,0,0.00274849956528
0.03690810078,0,0.0027211513109
0.03691810078,0,0.00269407517845
0.03692810078,0,0.00266726846026
0.03693810078,0,0.00264072847558
0.03694810078,0,0.00261445257035
0.03695810078,0,0.00258843811691
0.03696810078,0,0.00256268251376
0.03697810078,0,0.00253718318526
0.03698810078,0,0.00251193758143
0.03699810078,0,0.00248694317764
0.03700810078,0,0.00246219747438
0.03701810078,0,0.00243769799702
0.03702810078,0,0.00241344229556
0.03703810078,0,0.00238942794436
0.03704810078,0,0.00236565254192
0.03705810078,0,0.00234211371066
0.03706810078,0,0.00231880909663
0.03707810078,0,0.0022957363693
0.03708810078,0,0.00227289322134
0.03709810078,0,0.00225027736839
0.03710810078,0,0.00222788654881
0.03711810078,0,0.00220571852345
0.03712810078,0,0.00218377107545
0.03713810078,0,0.00216204201002
0.03714810078,0,0.0021405291542
0.03715810078,0,0.00211923035665
0.03716810078,0,0.00209814348743
0.03717810078,0,0.0020772664378
0.03718810078,0,0.00205659712001
0.03719810078,0,0.00203613346708
0.03720810078,0,0.00201587343258
0.03721810078,0,0.00199581499046
0.03722810078,0,0.00197595613484
0.03723810078,0,0.00195629487977
0.03724810078,0,0.00193682925907
0.03725810078,0,0.00191755732614
0.03726810078,0,0.00189847715375
0.03727810078,0,0.00187958683381
0.03728810078,0,0.00186088447725
0.03729810078,0,0.0018423682138
0.03730810078,0,0.00182403619177
0.03731810078,0,0.00180588657792
0.03732810078,0,0.00178791755725
0.03733810078,0,0.00177012733279
0.03734810078,0,0.0017525141255
0.03735810078,0,0.00173507617401
0.03736810078,0,0.00171781173446
0.03737810078,0,0.00170071908039
0.03738810078,0,0.00168379650247
0.03739810078,0,0.00166704230842
0.03740810078,0,0.00165045482276
0.03741810078,0,0.00163403238672
0.03742810078,0,0.00161777335799
0.03743810078,0,0.00160167611065
0.03744810078,0,0.00158573903492
0.03745810078,0,0.00156996053706
0.03746810078,0,0.00155433903918
0.03747810078,0,0.00153887297909
0.03748810078,0,0.00152356081014
0.03749810078,0,0.00150840100109
0.03750810078,0,0.0014933920359
0.03751810078,0,0.00147853241365
0.03752810078,0,0.00146382064834
0.03753810078,0,0.00144925526876
0.03754810078,0,0.00143483481832
0.03755810078,0,0.00142055785496
0.03756810078,0,0.00140642295093
0.03757810078,0,0.00139242869271
0.03758810078,0,0.00137857368084
0.03759810078,0,0.00136485652979
0.03760810078,0,0.0013512758678
0.03761810078,0,0.00133783033678
0.03762810078,0,0.00132451859213
0.03763810078,0,0.00131133930266
0.03764810078,0,0.00129829115039
0.03765810078,0,0.00128537283049
0.03766810078,0,0.00127258305108
0.03767810078,0,0.00125992053316
0.03768810078,0,0.00124738401044
0.03769810078,0,0.00123497222924
0.03770810078,0,0.00122268394836
0.03771810078,0,0.00121051793892
0.03772810078,0,0.0011984729843
0.03773810078,0,0.00118654787998
0.03774810078,0,0.00117474143342
0.03775810078,0,0.00116305246393
0.03776810078,0,0.0011514798026
0.03777810078,0,0.00114002229212
0.03778810078,0,0.00112867878673
0.03779810078,0,0.00111744815203
0.03780810078,0,0.00110632926495
0.03781810078,0,0.00109532101356
0.03782810078,0,0.001084422297
0.03783810078,0,0.00107363202539
0.03784810078,0,0.00106294911967
0.03785810078,0,0.00105237251151
0.03786810078,0,0.00104190114324
0.03787810078,0,0.00103153396768
0.03788810078,0,0.0010212699481
0.03789810078,0,0.00101110805807
0.03790810078,0,0.00100104728138
0.03791810078,0,0.000991086611909
0.03792810078,0,0.000981225053582
0.03793810078,0,0.000971461620213
0.03794810078,0,0.000961795335435
0.03795810078,0,0.000952225232594
0.03796810078,0,0.000942750354658
0.03797810078,0,0.000933369754114
0.03798810078,0,0.000924082492879
0.03799810078,0,0.000914887642204
0.03800810078,0,0.00090578428258
0.03801810078,0,0.000896771503649
0.03802810078,0,0.00088784840411
0.03803810078,0,0.000879014091631
0.03804810078,0,0.000870267682759
0.03805810078,0,0.000861608302831
0.03806810078,0,0.000853035085888
0.03807810078,0,0.000844547174585
0.03808810078,0,0.000836143720112
0.03809810078,0,0.000827823882101
0.03810810078,0,0.000819586828548
0.03811810078,0,0.000811431735726
0.03812810078,0,0.000803357788107
0.03813810078,0,0.000795364178275
0.03814810078,0,0.00078745010685
0.03815810078,0,0.000779614782403
0.03816810078,0,0.000771857421384
0.03817810078,0,0.000764177248037
0.03818810078,0,0.000756573494325
0.03819810078,0,0.000749045399855
0.03820810078,0,0.000741592211796
0.03821810078,0,0.000734213184813
0.03822810078,0,0.000726907580984
0.03823810078,0,0.000719674669731
0.03824810078,0,0.000712513727743
0.03825810078,0,0.00070542403891
0.03826810078,0,0.000698404894244
0.03827810078,0,0.000691455591814
0.03828810078,0,0.000684575436672
0.03829810078,0,0.000677763740784
0.03830810078,0,0.000671019822966
0.03831810078,0,0.000664343008807
0.03832810078,0,0.00065773263061
0.03833810078,0,0.00065118802732
0.03834810078,0,0.000644708544461
0.03835810078,0,0.000638293534068
0.03836810078,0,0.000631942354625
0.03837810078,0,0.000625654370997
0.03838810078,0,0.00061942895437
0.03839810078,0,0.000613265482187
0.03840810078,0,0.000607163338086
0.03841810078,0,0.000601121911836
0.03842810078,0,0.000595140599281
0.03843810078,0,0.000589218802273
0.03844810078,0,0.000583355928618
0.03845810078,0,0.000577551392015
0.03846810078,0,0.000571804611995
0.03847810078,0,0.000566115013866
0.03848810078,0,0.000560482028653
0.03849810078,0,0.000554905093045
0.03850810078,0,0.000549383649333
0.03851810078,0,0.000543917145359
0.03852810078,0,0.00053850503446
0.03853810078,0,0.000533146775411
0.03854810078,0,0.000527841832372
0.03855810078,0,0.000522589674836
0.03856810078,0,0.000517389777574
0.03857810078,0,0.000512241620583
0.03858810078,0,0.000507144689035
0.03859810078,0,0.000502098473224
0.03860810078,0,0.000497102468515
0.03861810078,0,0.000492156175296
0.03862810078,0,0.000487259098925
0.03863810078,0,0.000482410749682
0.03864810078,0,0.00047761064272
0.03865810078,0,0.000472858298016
0.03866810078,0,0.000468153240325
0.03867810078,0,0.000463494999127
0.03868810078,0,0.000458883108589
0.03869810078,0,0.000454317107508
0.03870810078,0,0.000449796539274
0.03871810078,0,0.000445320951819
0.03872810078,0,0.000440889897572
0.03873810078,0,0.000436502933417
0.03874810078,0,0.000432159620647
0.03875810078,0,0.000427859524919
0.03876810078,0,0.000423602216213
0.03877810078,0,0.000419387268788
0.03878810078,0,0.000415214261138
0.03879810078,0,0.000411082775953
0.03880810078,0,0.000406992400073
0.03881810078,0,0.00040294272445
0.03882810078,0,0.000398933344108
0.03883810078,0,0.000394963858096
0.03884810078,0,0.000391033869459
0.03885810078,0,0.000387142985185
0.03886810078,0,0.000383290816179
0.03887810078,0,0.000379476977212
0.03888810078,0,0.000375701086891
0.03889810078,0,0.000371962767619
0.03890810078,0,0.000368261645553
0.03891810078,0,0.000364597350572
0.03892810078,0,0.000360969516238
0.03893810078,0,0.000357377779758
0.03894810078,0,0.00035382178195
0.03895810078,0,0.000350301167204
0.03896810078,0,0.000346815583451
0.03897810078,0,0.000343364682123
0.03898810078,0,0.000339948118121
0.03899810078,0,0.000336565549782
0.03900810078,0,0.000333216638839
0.03901810078,0,0.000329901050393
0.03902810078,0,0.000326618452876
0.03903810078,0,0.000323368518022
0.03904810078,0,0.000320150920828
0.03905810078,0,0.000316965339526
0.03906810078,0,0.00031381145555
0.03907810078,0,0.000310688953505
0.03908810078,0,0.000307597521132
0.03909810078,0,0.00030453684928
0.03910810078,0,0.000301506631874
0.03911810078,0,0.000298506565885
0.03912810078,0,0.000295536351299
0.03913810078,0,0.000292595691088
0.03914810078,0,0.000289684291176
0.03915810078,0,0.000286801860418
0.03916810078,0,0.000283948110563
0.03917810078,0,0.000281122756229
0.03918810078,0,0.000278325514874
0.03919810078,0,0.000275556106766
0.03920810078,0,0.000272814254957
0.03921810078,0,0.000270099685256
0.03922810078,0,0.000267412126199
0.03923810078,0,0.000264751309023
0.03924810078,0,0.000262116967639
0.03925810078,0,0.000259508838608
0.03926810078,0,0.000256926661109
0.03927810078,0,0.000254370176919
0.03928810078,0,0.000251839130383
0.03929810078,0,0.000249333268389
0.03930810078,0,0.000246852340345
0.03931810078,0,0.000244396098153
0.03932810078,0,0.000241964296181
0.03933810078,0,0.000239556691244
0.03934810078,0,0.000237173042575
0.03935810078,0,0.000234813111803
0.03936810078,0,0.000232476662929
0.03937810078,0,0.000230163462303
0.03938810078,0,0.000227873278599
0.03939810078,0,0.000225605882792
0.03940810078,0,0.000223361048137
0.03941810078,0,0.000221138550146
0.03942810078,0,0.000218938166562
0.03943810078,0,0.000216759677343
0.03944810078,0,0.000214602864633
0.03945810078,0,0.000212467512746
0.03946810078,0,0.000210353408141
0.03947810078,0,0.000208260339404
0.03948810078,0,0.000206188097221
0.03949810078,0,0.000204136474363
0.03950810078,0,0.000202105265662
0.03951810078,0,0.000200094267994
0.03952810078,0,0.000198103280253
0.03953810078,0,0.000196132103335
0.03954810078,0,0.000194180540118
0.03955810078,0,0.00019224839544
0.03956810078,0,0.000190335476082
0.03957810078,0,0.000188441590748
0.03958810078,0,0.000186566550044
0.03959810078,0,0.000184710166462
0.03960810078,0,0.000182872254358
0.03961810078,0,0.000181052629936
0.03962810078,0,0.00017925111123
0.03963810078,0,0.000177467518084
0.03964810078,0,0.000175701672133
0.03965810078,0,0.000173953396788
0.03966810078,0,0.000172222517218
0.03967810078,0,0.00017050886033
0.03968810078,0,0.000168812254755
0.03969810078,0,0.000167132530827
0.03970810078,0,0.00016546952057
0.03971810078,0,0.000163823057679
0.03972810078,0,0.000162192977503
0.03973810078,0,0.00016057911703
0.03974810078,0,0.000158981314871
0.03975810078,0,0.00015739941124
0.03976810078,0,0.000155833247944
0.03977810078,0,0.000154282668363
0.03978810078,0,0.000152747517434
0.03979810078,0,0.000151227641638
0.03980810078,0,0.000149722888985
0.03981810078,0,0.000148233108995
0.03982810078,0,0.000146758152687
0.03983810078,0,0.000145297872561
0.03984810078,0,0.000143852122585
0.03985810078,0,0.000142420758181
0.03986810078,0,0.000141003636209
0.03987810078,0,0.000139600614953
0.03988810078,0,0.000138211554108
0.03989810078,0,0.000136836314764
0.03990810078,0,0.000135474759393
0.03991810078,0,0.000134126751837
0.03992810078,0,0.000132792157291
0.03993810078,0,0.000131470842293
0.03994810078,0,0.000130162674708
0.03995810078,0,0.000128867523716
0.03996810078,0,0.000127585259798
0.03997810078,0,0.000126315754726
0.03998810078,0,0.000125058881544
0.03999810078,0,0.000123814514564
0.04000810078,0,0.000122582529344
0.04001810078,0,0.000121362802684
0.04002810078,0,0.000120155212608
0.04003810078,0,0.000118959638353
0.04004810078,0,0.000117775960359
0.04005810078,0,0.000116604060256
0.04006810078,0,0.000115443820851
0.04007810078,0,0.000114295126116
0.04008810078,0,0.00011315786118
0.04009810078,0,0.000112031912312
0.04010810078,0,0.000110917166916
0.04011810078,0,0.000109813513514
0.04012810078,0,0.000108720841738
0.04013810078,0,0.000107639042317
0.04014810078,0,0.00010656800707
0.04015810078,0,0.00010550762889
0.04016810078,0,0.000104457801737
0.04017810078,0,0.000103418420626
0.04018810078,0,0.000102389381614
0.04019810078,0,0.000101370581797
0.04020810078,0,0.000100361919292
0.04021810078,0,9.93632932292e-05
0.04022810078,0,9.83746037444e-05
0.04023810078,0,9.73957519658e-05
0.04024810078,0,9.6426640006e-05
0.04025810078,0,9.54671709512e-05
0.04026810078,0,9.45172488522e-05
0.04027810078,0,9.35767787143e-05
0.04028810078,0,9.26456664883e-05
0.04029810078,0,9.17238190606e-05
0.04030810078,0,9.0811144244e-05
0.04031810078,0,8.9907550769e-05
0.04032810078,0,8.90129482738e-05
0.04033810078,0,8.81272472959e-05
0.04034810078,0,8.72503592631e-05
0.04035810078,0,8.63821964844e-05
0.04036810078,0,8.55226721412e-05
0.04037810078,0,8.46717002791e-05
0.04038810078,0,8.38291957988e-05
0.04039810078,0,8.29950744475e-05
0.04040810078,0,8.21692528112e-05
0.04041810078,0,8.13516483056e-05
0.04042810078,0,8.05421791683e-05
0.04043810078,0,7.97407644502e-05
0.04044810078,0,7.89473240079e-05
0.04045810078,0,7.81617784954e-05
0.04046810078,0,7.73840493561e-05
0.04047810078,0,7.66140588153e-05
0.04048810078,0,7.58517298718e-05
0.04049810078,0,7.5096986291e-05
0.04050810078,0,7.43497525966e-05
0.04051810078,0,7.36099540633e-05
0.04052810078,0,7.28775167094e-05
0.04053810078,0,7.21523672894e-05
0.04054810078,0,7.14344332865e-05
0.04055810078,0,7.07236429056e-05
0.04056810078,0,7.00199250657e-05
0.04057810078,0,6.93232093934e-05
0.04058810078,0,6.86334262154e-05
0.04059810078,0,6.79505065515e-05
0.04060810078,0,6.72743821083e-05
0.04061810078,0,6.66049852714e-05
0.04062810078,0,6.59422490995e-05
0.04063810078,0,6.52861073174e-05
0.04064810078,0,6.46364943093e-05
0.04065810078,0,6.39933451122e-05
0.04066810078,0,6.33565954096e-05
0.04067810078,0,6.27261815249e-05
0.04068810078,0,6.21020404152e-05
0.04069810078,0,6.14841096648e-05
0.04070810078,0,6.08723274791e-05
0.04071810078,0,6.02666326783e-05
0.04072810078,0,5.96669646914e-05
0.04073810078,0,5.90732635502e-05
0.04074810078,0,5.84854698831e-05
0.04075810078,0,5.79035249091e-05
0.04076810078,0,5.73273704324e-05
0.04077810078,0,5.67569488361e-05
0.04078810078,0,5.61922030765e-05
0.04079810078,0,5.56330766777e-05
0.04080810078,0,5.50795137257e-05
0.04081810078,0,5.45314588628e-05
0.04082810078,0,5.3988857282e-05
0.04083810078,0,5.3451654722e-05
0.04084810078,0,5.29197974611e-05
0.04085810078,0,5.23932323122e-05
0.04086810078,0,5.18719066176e-05
0.04087810078,0,5.13557682433e-05
0.04088810078,0,5.08447655742e-05
0.04089810078,0,5.03388475088e-05
0.04090810078,0,4.9837963454e-05
0.04091810078,0,4.93420633201e-05
0.04092810078,0,4.88510975159e-05
0.04093810078,0,4.83650169436e-05
0.04094810078,0,4.78837729939e-05
0.04095810078,0,4.74073175413e-05
0.04096810078,0,4.69356029389e-05
0.04097810078,0,4.64685820141e-05
0.04098810078,0,4.60062080637e-05
0.04099810078,0,4.55484348491e-05
0.041,0,4.54620104187e-05
0.0410000000155,1.55232979249e-05,4.54620099539e-05
0.0410000000466,4.65698937746e-05,4.54620095064e-05
0.0410000001087,0.000108663092413,4.5462011503e-05
0.0410000002328,0.00023284948969,4.54620270628e-05
0.0410000004812,0.000481222277304,4.54621044493e-05
0.041000000978,0.000977967852533,4.54624442892e-05
0.0410000019715,0.00197145900993,4.54638642367e-05
0.0410000039584,0.00395844132473,4.54696651986e-05
0.0410000079324,0.00793240594738,4.54931113604e-05
0.0410000158803,0.0158803351927,4.55873804006e-05
0.0410000317762,0.0317761936833,4.5965423465e-05
0.0410000635679,0.0635679106714,4.74795144685e-05
0.0410001271513,0.127151344648,5.35395954865e-05
0.0410002543182,0.254318212593,7.77863897349e-05
0.0410004239587,0.42395866779,0.000135299915074
0.0410006274786,0.62747857537,0.000242255700308
0.0410008735175,0.873517473791,0.00042682509759
0.041001,1,0.000545247233999
0.0410010000674,1,0.000545314609141
0.0410010002022,1,0.000545449359416
0.0410010004719,1,0.000545718859912
0.0410010010112,1,0.000546257860685
0.0410010020898,1,0.000547335861358
0.0410010042469,1,0.000549491859217
0.0410010085613,1,0.000553803840983
0.04100101719,1,0.000562427748705
0.0410010344475,1,0.00057967534091
0.0410010689624,1,0.000614169632387
0.0410011379922,1,0.000683154643765
0.0410012760517,1,0.000821110381444
0.0410015521709,1,0.00109696472636
0.0410021044092,1,0.00164844497326
0.0410032088858,1,0.00275049232577
0.041005417839,1,0.00495093950283
0.0410098357455,1,0.00933728394233
0.0410186715584,1,0.01805209315
0.0410285263702,1,0.02768155664
0.0410385263702,1,0.0373563670217
0.0410485263702,1,0.0469349106334
0.0410585263702,1,0.0564181453535
0.0410685263702,1,0.0658070195291
0.0410785263702,1,0.0751024720711
0.0410885263702,1,0.084305432548
0.0410985263702,1,0.0934168212789
0.0411085263702,1,0.102437549425
0.0411185263702,1,0.111368519083
0.0411285263702,1,0.120210623371
0.0411385263702,1,0.128964746521
0.0411485263702,1,0.137631763969
0.0411585263702,1,0.146212542437
0.0411685263702,1,0.154707940024
0.0411785263702,1,0.163118806293
0.0411885263702,1,0.171445982349
0.0411985263702,1,0.179690300933
0.0412085263702,1,0.187852586496
0.0412185263702,1,0.195933655287
0.0412285263702,1,0.203934315433
0.0412385263702,1,0.211855367021
0.0412485263702,1,0.219697602175
0.0412585263702,1,0.227461805139
0.0412685263702,1,0.235148752351
0.0412785263702,1,0.242759212527
0.0412885263702,1,0.25029394673
0.0412985263702,1,0.257753708455
0.0413085263702,1,0.265139243694
0.0413185263702,1,0.27245129102
0.0413285263702,1,0.279690581657
0.0413385263702,1,0.286857839551
0.0413485263702,1,0.293953781446
0.0413585263702,1,0.300979116954
0.0413685263702,1,0.307934548626
0.0413785263702,1,0.314820772023
0.0413885263702,1,0.321638475784
0.0413985263702,1,0.328388341696
0.0414085263702,1,0.335071044764
0.0414185263702,1,0.341687253274
0.0414285263702,1,0.348237628863
0.0414385263702,1,0.354722826586
0.0414485263702,1,0.361143494978
0.0414585263702,1,0.367500276123
0.0414685263702,1,0.373793805713
0.0414785263702,1,0.380024713119
0.0414885263702,1,0.386193621446
0.0414985263702,1,0.392301147601
0.0415085263702,1,0.398347902351
0.0415185263702,1,0.404334490388
0.0415285263702,1,0.410261510384
0.0415385263702,1,0.416129555057
0.0415485263702,1,0.421939211225
0.0415585263702,1,0.42769105987
0.0415685263702,1,0.433385676189
0.0415785263702,1,0.43902362966
0.0415885263702,1,0.444605484091
0.0415985263702,1,0.450131797683
0.0416085263702,1,0.455603123079
0.0416185263702,1,0.461020007426
0.0416285263702,1,0.466382992427
0.0416385263702,1,0.471692614393
0.0416485263702,1,0.476949404299
0.0416585263702,1,0.482153887839
0.0416685263702,1,0.487306585472
0.0416785263702,1,0.492408012482
0.0416885263702,1,0.497458679025
0.0416985263702,1,0.502459090179
0.0417085263702,1,0.507409745998
0.0417185263702,1,0.51231114156
0.0417285263702,1,0.517163767017
0.0417385263702,1,0.521968107644
0.0417485263702,1,0.526724643886
0.0417585263702,1,0.53143385141
0.0417685263702,1,0.536096201147
0.0417785263702,1,0.540712159345
0.0417885263702,1,0.54528218761
0.0417985263702,1,0.549806742957
0.0418085263702,1,0.554286277853
0.0418185263702,1,0.558721240262
0.0418285263702,1,0.563112073693
0.0418385263702,1,0.567459217238
0.0418485263702,1,0.571763105624
0.0418585263702,1,0.576024169249
0.0418685263702,1,0.580242834232
0.0418785263702,1,0.584419522448
0.0418885263702,1,0.588554651578
0.0418985263702,1,0.592648635145
0.0419085263702,1,0.596701882556
0.0419185263702,1,0.600714799148
0.0419285263702,1,0.604687786221
0.0419385263702,1,0.608621241084
0.0419485263702,1,0.612515557093
0.0419585263702,1,0.616371123689
0.0419685263702,1,0.620188326439
0.0419785263702,1,0.623967547071
0.0419885263702,1,0.627709163518
0.0419985263702,1,0.631413549951
0.0420085263702,1,0.635081076817
0.0420185263702,1,0.638712110879
0.0420285263702,1,0.642307015248
0.0420385263702,1,0.645866149425
0.0420485263702,1,0.649389869331
0.0420585263702,1,0.652878527348
0.0420685263702,1,0.656332472349
0.0420785263702,1,0.659752049739
0.0420885263702,1,0.663137601482
0.0420985263702,1,0.666489466144
0.0421085263702,1,0.669807978919
0.0421185263702,1,0.673093471666
0.0421285263702,1,0.676346272943
0.0421385263702,1,0.679566708038
0.0421485263702,1,0.682755099003
0.0421585263702,1,0.685911764685
0.0421685263702,1,0.689037020757
0.0421785263702,1,0.692131179755
0.0421885263702,1,0.6951945511
0.0421985263702,1,0.698227441139
0.0422085263702,1,0.701230153168
0.0422185263702,1,0.704202987465
0.0422285263702,1,0.707146241321
0.0422385263702,1,0.710060209069
0.0422485263702,1,0.712945182113
0.0422585263702,1,0.715801448957
0.0422685263702,1,0.718629295236
0.0422785263702,1,0.721429003742
0.0422885263702,1,0.724200854451
0.0422985263702,1,0.726945124556
0.0423085263702,1,0.72966208849
0.0423185263702,1,0.732352017958
0.0423285263702,1,0.735015181959
0.0423385263702,1,0.737651846815
0.0423485263702,1,0.7402622762
0.0423585263702,1,0.742846731163
0.0423685263702,1,0.745405470156
0.0423785263702,1,0.74793874906
0.0423885263702,1,0.750446821209
0.0423985263702,1,0.752929937416
0.0424085263702,1,0.755388345999
0.0424185263702,1,0.757822292805
0.0424285263702,1,0.760232021234
0.0424385263702,1,0.762617772267
0.0424485263702,1,0.764979784483
0.0424585263702,1,0.76731829409
0.0424685263702,1,0.769633534945
0.0424785263702,1,0.771925738577
0.0424885263702,1,0.774195134213
0.0424985263702,1,0.776441948798
0.0425085263702,1,0.778666407019
0.0425185263702,1,0.780868731328
0.0425285263702,1,0.783049141961
0.0425385263702,1,0.785207856967
0.0425485263702,1,0.787345092221
0.0425585263702,1,0.789461061452
0.0425685263702,1,0.791555976264
0.0425785263702,1,0.793630046152
0.0425885263702,1,0.795683478528
0.0425985263702,1,0.797716478742
0.0426085263702,1,0.799729250098
0.0426185263702,1,0.801721993878
0.0426285263702,1,0.803694909362
0.0426385263702,1,0.805648193846
0.0426485263702,1,0.807582042663
0.0426585263702,1,0.809496649204
0.0426685263702,1,0.811392204933
0.0426785263702,1,0.813268899411
0.0426885263702,1,0.815126920313
0.0426985263702,1,0.816966453444
0.0427085263702,1,0.818787682763
0.0427185263702,1,0.820590790397
0.0427285263702,1,0.822375956662
0.0427385263702,1,0.824143360078
0.0427485263702,1,0.825893177391
0.0427585263702,1,0.827625583586
0.0427685263702,1,0.829340751908
0.0427785263702,1,0.831038853879
0.0427885263702,1,0.832720059313
0.0427985263702,1,0.834384536335
0.0428085263702,1,0.836032451397
0.0428185263702,1,0.837663969293
0.0428285263702,1,0.839279253181
0.0428385263702,1,0.840878464592
0.0428485263702,1,0.842461763452
0.0428585263702,1,0.844029308094
0.0428685263702,1,0.845581255277
0.0428785263702,1,0.8471177602
0.0428885263702,1,0.848638976516
0.0428985263702,1,0.850145056352
0.0429085263702,1,0.851636150318
0.0429185263702,1,0.853112407529
0.0429285263702,1,0.854573975613
0.0429385263702,1,0.856021000732
0.0429485263702,1,0.85745362759
0.0429585263702,1,0.858871999455
0.0429685263702,1,0.860276258167
0.0429785263702,1,0.861666544155
0.0429885263702,1,0.863042996452
0.0429985263702,1,0.864405752706
0.0430085263702,1,0.865754949197
0.0430185263702,1,0.867090720847
0.0430285263702,1,0.868413201236
0.0430385263702,1,0.869722522617
0.0430485263702,1,0.871018815924
0.0430585263702,1,0.872302210791
0.0430685263702,1,0.873572835559
0.0430785263702,1,0.874830817295
0.0430885263702,1,0.876076281799
0.0430985263702,1,0.877309353622
0.0431085263702,1,0.878530156074
0.0431185263702,1,0.879738811237
0.0431285263702,1,0.880935439981
0.0431385263702,1,0.882120161971
0.0431485263702,1,0.883293095683
0.0431585263702,1,0.884454358412
0.0431685263702,1,0.885604066289
0.0431785263702,1,0.886742334286
0.0431885263702,1,0.887869276233
0.0431985263702,1,0.888985004828
0.0432085263702,1,0.890089631646
0.0432185263702,1,0.891183267152
0.0432285263702,1,0.892266020712
0.0432385263702,1,0.893338000606
0.0432485263702,1,0.894399314033
0.0432585263702,1,0.895450067127
0.0432685263702,1,0.896490364966
0.0432785263702,1,0.897520311584
0.0432885263702,1,0.898540009976
0.0432985263702,1,0.899549562115
0.0433085263702,1,0.90054906896
0.0433185263702,1,0.901538630463
0.0433285263702,1,0.902518345583
0.0433385263702,1,0.903488312293
0.0433485263702,1,0.904448627594
0.0433585263702,1,0.905399387518
0.0433685263702,1,0.906340687145
0.0433785263702,1,0.907272620606
0.0433885263702,1,0.908195281098
0.0433985263702,1,0.909108760888
0.0434085263702,1,0.910013151327
0.0434185263702,1,0.910908542856
0.0434285263702,1,0.911795025016
0.0434385263702,1,0.912672686459
0.0434485263702,1,0.913541614952
0.0434585263702,1,0.91440189739
0.0434685263702,1,0.915253619804
0.0434785263702,1,0.916096867368
0.0434885263702,1,0.91693172441
0.0434985263702,1,0.917758274415
0.0435085263702,1,0.918576600043
0.0435185263702,1,0.919386783127
0.0435285263702,1,0.920188904688
0.0435385263702,1,0.92098304494
0.0435485263702,1,0.921769283299
0.0435585263702,1,0.92254769839
0.0435685263702,1,0.923318368058
0.0435785263702,1,0.924081369371
0.0435885263702,1,0.924836778631
0.0435985263702,1,0.925584671381
0.0436085263702,1,0.926325122412
0.0436185263702,1,0.927058205771
0.0436285263702,1,0.927783994768
0.0436385263702,1,0.928502561985
0.0436485263702,1,0.929213979278
0.0436585263702,1,0.929918317793
0.0436685263702,1,0.930615647964
0.0436785263702,1,0.931306039527
0.0436885263702,1,0.931989561521
0.0436985263702,1,0.932666282302
0.0437085263702,1,0.933336269543
0.0437185263702,1,0.933999590244
0.0437285263702,1,0.934656310739
0.0437385263702,1,0.935306496702
0.0437485263702,1,0.935950213153
0.0437585263702,1,0.936587524465
0.0437685263702,1,0.937218494371
0.0437785263702,1,0.937843185969
0.0437885263702,1,0.93846166173
0.0437985263702,1,0.939073983504
0.0438085263702,1,0.939680212524
0.0438185263702,1,0.940280409414
0.0438285263702,1,0.940874634196
0.0438385263702,1,0.941462946294
0.0438485263702,1,0.94204540454
0.0438585263702,1,0.942622067181
0.0438685263702,1,0.943192991886
0.0438785263702,1,0.943758235748
0.0438885263702,1,0.944317855292
0.0438985263702,1,0.944871906483
0.0439085263702,1,0.945420444727
0.0439185263702,1,0.945963524879
0.0439285263702,1,0.946501201249
0.0439385263702,1,0.947033527604
0.0439485263702,1,0.947560557181
0.0439585263702,1,0.948082342681
0.0439685263702,1,0.948598936286
0.0439785263702,1,0.949110389657
0.0439885263702,1,0.949616753939
0.0439985263702,1,0.95011807977
0.0440085263702,1,0.950614417285
0.0440185263702,1,0.951105816118
0.0440285263702,1,0.95159232541
0.0440385263702,1,0.952073993814
0.0440485263702,1,0.952550869498
0.0440585263702,1,0.953023000149
0.0440685263702,1,0.953490432984
0.0440785263702,1,0.953953214745
0.0440885263702,1,0.954411391713
0.0440985263702,1,0.954865009706
0.0441085263702,1,0.955314114087
0.0441185263702,1,0.955758749767
0.0441285263702,1,0.956198961213
0.0441385263702,1,0.956634792444
0.0441485263702,1,0.957066287047
0.0441585263702,1,0.957493488171
0.0441685263702,1,0.957916438537
0.0441785263702,1,0.958335180442
0.0441885263702,1,0.958749755761
0.0441985263702,1,0.959160205953
0.0442085263702,1,0.959566572063
0.0442185263702,1,0.959968894729
0.0442285263702,1,0.960367214184
0.0442385263702,1,0.960761570262
0.0442485263702,1,0.961152002399
0.0442585263702,1,0.961538549638
0.0442685263702,1,0.961921250637
0.0442785263702,1,0.962300143665
0.0442885263702,1,0.962675266614
0.0442985263702,1,0.963046656996
0.0443085263702,1,0.963414351951
0.0443185263702,1,0.96377838825
0.0443285263702,1,0.964138802298
0.0443385263702,1,0.964495630135
0.0443485263702,1,0.964848907447
0.0443585263702,1,0.965198669562
0.0443685263702,1,0.965544951457
0.0443785263702,1,0.965887787761
0.0443885263702,1,0.966227212759
0.0443985263702,1,0.966563260393
0.0444085263702,1,0.96689596427
0.0444185263702,1,0.96722535766
0.0444285263702,1,0.967551473504
0.0444385263702,1,0.967874344414
0.0444485263702,1,0.968194002679
0.0444585263702,1,0.968510480264
0.0444685263702,1,0.968823808819
0.0444785263702,1,0.969134019676
0.0444885263702,1,0.969441143859
0.0444985263702,1,0.969745212079
0.0445085263702,1,0.970046254745
0.0445185263702,1,0.970344301961
0.0445285263702,1,0.970639383534
0.0445385263702,1,0.970931528971
0.0445485263702,1,0.971220767489
0.0445585263702,1,0.971507128012
0.0445685263702,1,0.971790639176
0.0445785263702,1,0.972071329333
0.0445885263702,1,0.972349226554
0.0445985263702,1,0.972624358628
0.0446085263702,1,0.972896753069
0.0446185263702,1,0.973166437118
0.0446285263702,1,0.973433437744
0.0446385263702,1,0.973697781647
0.0446485263702,1,0.973959495263
0.0446585263702,1,0.974218604762
0.0446685263702,1,0.974475136058
0.0446785263702,1,0.974729114804
0.0446885263702,1,0.974980566398
0.0446985263702,1,0.975229515986
0.0447085263702,1,0.975475988464
0.0447185263702,1,0.975720008479
0.0447285263702,1,0.975961600435
0.0447385263702,1,0.97620078849
0.0447485263702,1,0.976437596565
0.0447585263702,1,0.97667204834
0.0447685263702,1,0.976904167262
0.0447785263702,1,0.977133976543
0.0447885263702,1,0.977361499165
0.0447985263702,1,0.977586757879
0.0448085263702,1,0.977809775214
0.0448185263702,1,0.97803057347
0.0448285263702,1,0.978249174729
0.0448385263702,1,0.978465600852
0.0448485263702,1,0.97867987348
0.0448585263702,1,0.978892014042
0.0448685263702,1,0.979102043753
0.0448785263702,1,0.979309983616
0.0448885263702,1,0.979515854426
0.0448985263702,1,0.97971967677
0.0449085263702,1,0.979921471031
0.0449185263702,1,0.980121257389
0.0449285263702,1,0.980319055823
0.0449385263702,1,0.980514886113
0.0449485263702,1,0.980708767844
0.0449585263702,1,0.980900720402
0.0449685263702,1,0.981090762985
0.0449785263702,1,0.981278914598
0.0449885263702,1,0.981465194054
0.0449985263702,1,0.981649619984
0.0450085263702,1,0.98183221083
0.0450185263702,1,0.982012984852
0.0450285263702,1,0.982191960127
0.0450385263702,1,0.982369154553
0.0450485263702,1,0.982544585851
0.0450585263702,1,0.982718271564
0.0450685263702,1,0.982890229061
0.0450785263702,1,0.983060475538
0.0450885263702,1,0.98322902802
0.0450985263702,1,0.983395903363
0.0451085263702,1,0.983561118255
0.0451185263702,1,0.983724689218
0.0451285263702,1,0.983886632609
0.0451385263702,1,0.984046964623
0.0451485263702,1,0.984205701293
0.0451585263702,1,0.984362858494
0.0451685263702,1,0.984518451942
0.0451785263702,1,0.984672497196
0.0451885263702,1,0.984825009662
0.0451985263702,1,0.984976004591
0.0452085263702,1,0.985125497082
0.0452185263702,1,0.985273502086
0.0452285263702,1,0.985420034404
0.0452385263702,1,0.985565108689
0.0452485263702,1,0.985708739448
0.0452585263702,1,0.985850941045
0.0452685263702,1,0.985991727702
0.0452785263702,1,0.986131113496
0.0452885263702,1,0.986269112366
0.0452985263702,1,0.986405738114
0.0453085263702,1,0.986541004401
0.0453185263702,1,0.986674924756
0.0453285263702,1,0.986807512569
0.0453385263702,1,0.986938781101
0.0453485263702,1,0.987068743478
0.0453585263702,1,0.987197412697
0.0453685263702,1,0.987324801625
0.0453785263702,1,0.987450923002
0.0453885263702,1,0.98757578944
0.0453985263702,1,0.987699413426
0.0454085263702,1,0.987821807322
0.0454185263702,1,0.987942983368
0.0454285263702,1,0.988062953683
0.0454385263702,1,0.988181730263
0.0454485263702,1,0.988299324987
0.0454585263702,1,0.988415749614
0.0454685263702,1,0.988531015787
0.0454785263702,1,0.988645135033
0.0454885263702,1,0.988758118764
0.0454985263702,1,0.988869978279
0.0455085263702,1,0.988980724764
0.0455185263702,1,0.989090369293
0.0455285263702,1,0.989198922833
0.0455385263702,1,0.989306396237
0.0455485263702,1,0.989412800255
0.0455585263702,1,0.989518145526
0.0455685263702,1,0.989622442585
0.0455785263702,1,0.989725701863
0.0455885263702,1,0.989827933685
0.0455985263702,1,0.989929148276
0.0456085263702,1,0.990029355755
0.0456185263702,1,0.990128566146
0.0456285263702,1,0.990226789368
0.0456385263702,1,0.990324035245
0.0456485263702,1,0.990420313502
0.0456585263702,1,0.990515633765
0.0456685263702,1,0.990610005569
0.0456785263702,1,0.990703438349
0.0456885263702,1,0.99079594145
0.0456985263702,1,0.990887524122
0.0457085263702,1,0.990978195524
0.0457185263702,1,0.991067964723
0.0457285263702,1,0.991156840696
0.0457385263702,1,0.99124483233
0.0457485263702,1,0.991331948427
0.0457585263702,1,0.991418197696
0.0457685263702,1,0.991503588764
0.0457785263702,1,0.991588130169
0.0457885263702,1,0.991671830366
0.0457985263702,1,0.991754697726
0.0458085263702,1,0.991836740535
0.0458185263702,1,0.991917966997
0.0458285263702,1,0.991998385236
0.0458385263702,1,0.992078003293
0.0458485263702,1,0.992156829131
0.0458585263702,1,0.992234870632
0.0458685263702,1,0.992312135601
0.0458785263702,1,0.992388631764
0.0458885263702,1,0.992464366772
0.0458985263702,1,0.992539348197
0.0459085263702,1,0.992613583538
0.0459185263702,1,0.992687080219
0.0459285263702,1,0.99275984559
0.0459385263702,1,0.992831886928
0.0459485263702,1,0.992903211436
0.0459585263702,1,0.992973826247
0.0459685263702,1,0.993043738424
0.0459785263702,1,0.993112954957
0.0459885263702,1,0.993181482769
0.0459985263702,1,0.993249328711
0.0460085263702,1,0.99331649957
0.0460185263702,1,0.993383002062
0.0460285263702,1,0.993448842837
0.0460385263702,1,0.99351402848
0.0460485263702,1,0.993578565511
0.0460585263702,1,0.993642460381
0.0460685263702,1,0.993705719482
0.0460785263702,1,0.993768349139
0.0460885263702,1,0.993830355615
0.0460985263702,1,0.993891745111
0.0461085263702,1,0.993952523767
0.0461185263702,1,0.99401269766
0.0461285263702,1,0.994072272807
0.0461385263702,1,0.994131255168
0.0461485263702,1,0.994189650638
0.0461585263702,1,0.99424746506
0.0461685263702,1,0.994304704214
0.0461785263702,1,0.994361373823
0.0461885263702,1,0.994417479557
0.0461985263702,1,0.994473027024
0.0462085263702,1,0.99452802178
0.0462185263702,1,0.994582469324
0.0462285263702,1,0.994636375102
0.0462385263702,1,0.994689744504
0.0462485263702,1,0.994742582867
0.0462585263702,1,0.994794895475
0.0462685263702,1,0.99484668756
0.0462785263702,1,0.994897964301
0.0462885263702,1,0.994948730825
0.0462985263702,1,0.99499899221
0.0463085263702,1,0.995048753482
0.0463185263702,1,0.995098019616
0.0463285263702,1,0.99514679554
0.0463385263702,1,0.995195086132
0.0463485263702,1,0.99524289622
0.0463585263702,1,0.995290230586
0.0463685263702,1,0.995337093963
0.0463785263702,1,0.995383491038
0.0463885263702,1,0.995429426451
0.0463985263702,1,0.995474904795
0.0464085263702,1,0.995519930618
0.0464185263702,1,0.995564508423
0.0464285263702,1,0.995608642667
0.0464385263702,1,0.995652337765
0.0464485263702,1,0.995695598086
0.0464585263702,1,0.995738427955
0.0464685263702,1,0.995780831657
0.0464785263702,1,0.995822813432
0.0464885263702,1,0.995864377477
0.0464985263702,1,0.99590552795
0.0465085263702,1,0.995946268966
0.0465185263702,1,0.995986604598
0.0465285263702,1,0.99602653888
0.0465385263702,1,0.996066075807
0.0465485263702,1,0.996105219331
0.0465585263702,1,0.996143973368
0.0465685263702,1,0.996182341792
0.0465785263702,1,0.996220328441
0.0465885263702,1,0.996257937113
0.0465985263702,1,0.99629517157
0.0466085263702,1,0.996332035534
0.0466185263702,1,0.996368532693
0.0466285263702,1,0.996404666696
0.0466385263702,1,0.996440441157
0.0466485263702,1,0.996475859653
0.0466585263702,1,0.996510925726
0.0466685263702,1,0.996545642883
0.0466785263702,1,0.996580014595
0.0466885263702,1,0.996614044301
0.0466985263702,1,0.996647735402
0.0467085263702,1,0.996681091269
0.0467185263702,1,0.996714115237
0.0467285263702,1,0.996746810607
0.0467385263702,1,0.996779180651
0.0467485263702,1,0.996811228605
0.0467585263702,1,0.996842957673
0.0467685263702,1,0.99687437103
0.0467785263702,1,0.996905471816
0.0467885263702,1,0.996936263141
0.0467985263702,1,0.996966748085
0.0468085263702,1,0.996996929696
0.0468185263702,1,0.997026810992
0.0468285263702,1,0.997056394963
0.0468385263702,1,0.997085684565
0.0468485263702,1,0.997114682728
0.0468585263702,1,0.997143392353
0.0468685263702,1,0.99717181631
0.0468785263702,1,0.997199957441
0.0468885263702,1,0.997227818561
0.0468985263702,1,0.997255402456
0.0469085263702,1,0.997282711884
0.0469185263702,1,0.997309749577
0.0469285263702,1,0.997336518238
0.0469385263702,1,0.997363020544
0.0469485263702,1,0.997389259145
0.0469585263702,1,0.997415236666
0.0469685263702,1,0.997440955705
0.0469785263702,1,0.997466418832
0.0469885263702,1,0.997491628595
0.0469985263702,1,0.997516587514
0.0470085263702,1,0.997541298086
0.0470185263702,1,0.997565762782
0.0470285263702,1,0.997589984048
0.0470385263702,1,0.997613964306
0.0470485263702,1,0.997637705955
0.0470585263702,1,0.997661211368
0.0470685263702,1,0.997684482897
0.0470785263702,1,0.997707522868
0.0470885263702,1,0.997730333586
0.0470985263702,1,0.997752917331
0.0471085263702,1,0.997775276363
0.0471185263702,1,0.997797412916
0.0471285263702,1,0.997819329206
0.0471385263702,1,0.997841027422
0.0471485263702,1,0.997862509737
0.0471585263702,1,0.997883778296
0.0471685263702,1,0.997904835229
0.0471785263702,1,0.997925682639
0.0471885263702,1,0.997946322613
0.0471985263702,1,0.997966757214
0.0472085263702,1,0.997986988486
0.0472185263702,1,0.998007018451
0.0472285263702,1,0.998026849113
0.0472385263702,1,0.998046482455
0.0472485263702,1,0.998065920441
0.0472585263702,1,0.998085165014
0.0472685263702,1,0.998104218098
0.0472785263702,1,0.998123081599
0.0472885263702,1,0.998141757404
0.0472985263702,1,0.998160247381
0.0473085263702,1,0.998178553377
0.0473185263702,1,0.998196677224
0.0473285263702,1,0.998214620734
0.0473385263702,1,0.998232385702
0.0473485263702,1,0.998249973904
0.0473585263702,1,0.998267387099
0.0473685263702,1,0.998284627028
0.0473785263702,1,0.998301695416
0.0473885263702,1,0.998318593969
0.0473985263702,1,0.998335324377
0.0474085263702,1,0.998351888314
0.0474185263702,1,0.998368287435
0.0474285263702,1,0.998384523381
0.0474385263702,1,0.998400597775
0.0474485263702,1,0.998416512225
0.0474585263702,1,0.998432268322
0.0474685263702,1,0.998447867643
0.0474785263702,1,0.998463311746
0.0474885263702,1,0.998478602176
0.0474985263702,1,0.998493740463
0.0475085263702,1,0.99850872812
0.0475185263702,1,0.998523566646
0.0475285263702,1,0.998538257525
0.0475385263702,1,0.998552802226
0.0475485263702,1,0.998567202204
0.0475585263702,1,0.998581458899
0.0475685263702,1,0.998595573736
0.0475785263702,1,0.998609548126
0.0475885263702,1,0.998623383468
0.0475985263702,1,0.998637081145
0.0476085263702,1,0.998650642527
0.0476185263702,1,0.998664068969
0.0476285263702,1,0.998677361816
0.0476385263702,1,0.998690522394
0.0476485263702,1,0.998703552022
0.0476585263702,1,0.998716452002
0.0476685263702,1,0.998729223624
0.0476785263702,1,0.998741868165
0.0476885263702,1,0.99875438689
0.0476985263702,1,0.99876678105
0.0477085263702,1,0.998779051886
0.0477185263702,1,0.998791200623
0.0477285263702,1,0.998803228477
0.0477385263702,1,0.998815136652
0.0477485263702,1,0.998826926337
0.0477585263702,1,0.998838598712
0.0477685263702,1,0.998850154943
0.0477785263702,1,0.998861596188
0.0477885263702,1,0.998872923589
0.0477985263702,1,0.998884138279
0.0478085263702,1,0.998895241381
0.0478185263702,1,0.998906234004
0.0478285263702,1,0.998917117248
0.0478385263702,1,0.998927892201
0.0478485263702,1,0.99893855994
0.0478585263702,1,0.998949121533
0.0478685263702,1,0.998959578035
0.0478785263702,1,0.998969930492
0.0478885263702,1,0.99898017994
0.0478985263702,1,0.998990327403
0.0479085263702,1,0.999000373897
0.0479185263702,1,0.999010320425
0.0479285263702,1,0.999020167983
0.0479385263702,1,0.999029917555
0.0479485263702,1,0.999039570117
0.0479585263702,1,0.999049126633
0.0479685263702,1,0.99905858806
0.0479785263702,1,0.999067955343
0.0479885263702,1,0.999077229419
0.0479985263702,1,0.999086411216
0.0480085263702,1,0.999095501652
0.0480185263702,1,0.999104501635
0.0480285263702,1,0.999113412067
0.0480385263702,1,0.999122233837
0.0480485263702,1,0.999130967829
0.0480585263702,1,0.999139614915
0.0480685263702,1,0.999148175961
0.0480785263702,1,0.999156651822
0.0480885263702,1,0.999165043346
0.0480985263702,1,0.999173351372
0.0481085263702,1,0.999181576732
0.0481185263702,1,0.999189720247
0.0481285263702,1,0.999197782732
0.0481385263702,1,0.999205764993
0.0481485263702,1,0.999213667829
0.0481585263702,1,0.99922149203
0.0481685263702,1,0.999229238378
0.0481785263702,1,0.999236907648
0.0481885263702,1,0.999244500607
0.0481985263702,1,0.999252018013
0.0482085263702,1,0.99925946062
0.0482185263702,1,0.999266829171
0.0482285263702,1,0.999274124403
0.0482385263702,1,0.999281347046
0.0482485263702,1,0.999288497822
0.0482585263702,1,0.999295577446
0.0482685263702,1,0.999302586625
0.0482785263702,1,0.999309526062
0.0482885263702,1,0.999316396449
0.0482985263702,1,0.999323198475
0.0483085263702,1,0.999329932818
0.0483185263702,1,0.999336600153
0.0483285263702,1,0.999343201147
0.0483385263702,1,0.999349736459
0.0483485263702,1,0.999356206743
0.0483585263702,1,0.999362612646
0.0483685263702,1,0.999368954808
0.0483785263702,1,0.999375233865
0.0483885263702,1,0.999381450444
0.0483985263702,1,0.999387605166
0.0484085263702,1,0.999393698646
0.0484185263702,1,0.999399731496
0.0484285263702,1,0.999405704317
0.0484385263702,1,0.999411617707
0.0484485263702,1,0.999417472257
0.0484585263702,1,0.999423268553
0.0484685263702,1,0.999429007174
0.0484785263702,1,0.999434688695
0.0484885263702,1,0.999440313683
0.0484985263702,1,0.999445882701
0.0485085263702,1,0.999451396306
0.0485185263702,1,0.999456855049
0.0485285263702,1,0.999462259477
0.0485385263702,1,0.999467610128
0.0485485263702,1,0.99947290754
0.0485585263702,1,0.999478152241
0.0485685263702,1,0.999483344756
0.0485785263702,1,0.999488485604
0.0485885263702,1,0.9994935753
0.0485985263702,1,0.999498614352
0.0486085263702,1,0.999503603264
0.0486185263702,1,0.999508542535
0.0486285263702,1,0.999513432659
0.0486385263702,1,0.999518274125
0.0486485263702,1,0.999523067417
0.0486585263702,1,0.999527813015
0.0486685263702,1,0.999532511393
0.0486785263702,1,0.999537163021
0.0486885263702,1,0.999541768364
0.0486985263702,1,0.999546327883
0.0487085263702,1,0.999550842033
0.0487185263702,1,0.999555311267
0.0487285263702,1,0.99955973603
0.0487385263702,1,0.999564116766
0.0487485263702,1,0.999568453913
0.0487585263702,1,0.999572747904
0.0487685263702,1,0.999576999168
0.0487785263702,1,0.999581208132
0.0487885263702,1,0.999585375215
0.0487985263702,1,0.999589500835
0.0488085263702,1,0.999593585404
0.0488185263702,1,0.99959762933
0.0488285263702,1,0.999601633018
0.0488385263702,1,0.999605596869
0.0488485263702,1,0.999609521278
0.0488585263702,1,0.999613406638
0.0488685263702,1,0.999617253338
0.0488785263702,1,0.999621061763
0.0488885263702,1,0.999624832293
0.0488985263702,1,0.999628565305
0.0489085263702,1,0.999632261172
0.0489185263702,1,0.999635920265
0.0489285263702,1,0.999639542949
0.0489385263702,1,0.999643129586
0.0489485263702,1,0.999646680536
0.0489585263702,1,0.999650196152
0.0489685263702,1,0.999653676788
0.0489785263702,1,0.99965712279
0.0489885263702,1,0.999660534503
0.0489985263702,1,0.999663912269
0.0490085263702,1,0.999667256426
0.0490185263702,1,0.999670567307
0.0490285263702,1,0.999673845245
0.0490385263702,1,0.999677090565
0.0490485263702,1,0.999680303595
0.0490585263702,1,0.999683484653
0.0490685263702,1,0.99968663406
0.0490785263702,1,0.999689752129
0.0490885263702,1,0.999692839172
0.0490985263702,1,0.999695895499
0.0491085263702,1,0.999698921414
0.0491185263702,1,0.999701917221
0.0491285263702,1,0.999704883219
0.0491385263702,1,0.999707819704
0.0491485263702,1,0.999710726971
0.0491585263702,1,0.99971360531
0.0491685263702,1,0.999716455008
0.0491785263702,1,0.999719276351
0.0491885263702,1,0.999722069621
0.0491985263702,1,0.999724835098
0.0492085263702,1,0.999727573057
0.0492185263702,1,0.999730283773
0.0492285263702,1,0.999732967516
0.0492385263702,1,0.999735624556
0.0492485263702,1,0.999738255158
0.0492585263702,1,0.999740859584
0.0492685263702,1,0.999743438095
0.0492785263702,1,0.99974599095
0.0492885263702,1,0.999748518403
0.0492985263702,1,0.999751020708
0.0493085263702,1,0.999753498114
0.0493185263702,1,0.999755950869
0.0493285263702,1,0.999758379218
0.0493385263702,1,0.999760783405
0.0493485263702,1,0.99976316367
0.0493585263702,1,0.99976552025
0.0493685263702,1,0.999767853382
0.0493785263702,1,0.999770163299
0.0493885263702,1,0.999772450231
0.0493985263702,1,0.999774714408
0.0494085263702,1,0.999776956056
0.0494185263702,1,0.999779175398
0.0494285263702,1,0.999781372658
0.0494385263702,1,0.999783548055
0.0494485263702,1,0.999785701805
0.0494585263702,1,0.999787834126
0.0494685263702,1,0.999789945229
0.0494785263702,1,0.999792035326
0.0494885263702,1,0.999794104626
0.0494985263702,1,0.999796153336
0.0495085263702,1,0.999798181661
0.0495185263702,1,0.999800189804
0.0495285263702,1,0.999802177965
0.0495385263702,1,0.999804146344
0.0495485263702,1,0.999806095136
0.0495585263702,1,0.999808024538
0.0495685263702,1,0.999809934742
0.0495785263702,1,0.999811825938
0.0495885263702,1,0.999813698317
0.0495985263702,1,0.999815552065
0.0496085263702,1,0.999817387368
0.0496185263702,1,0.999819204409
0.0496285263702,1,0.99982100337
0.0496385263702,1,0.999822784431
0.0496485263702,1,0.99982454777
0.0496585263702,1,0.999826293563
0.0496685263702,1,0.999828021986
0.0496785263702,1,0.99982973321
0.0496885263702,1,0.999831427407
0.0496985263702,1,0.999833104746
0.0497085263702,1,0.999834765395
0.0497185263702,1,0.999836409521
0.0497285263702,1,0.999838037286
0.0497385263702,1,0.999839648856
0.0497485263702,1,0.99984124439
0.0497585263702,1,0.999842824047
0.0497685263702,1,0.999844387987
0.0497785263702,1,0.999845936365
0.0497885263702,1,0.999847469337
0.0497985263702,1,0.999848987055
0.0498085263702,1,0.999850489671
0.0498185263702,1,0.999851977336
0.0498285263702,1,0.999853450199
0.0498385263702,1,0.999854908406
0.0498485263702,1,0.999856352103
0.0498585263702,1,0.999857781435
0.0498685263702,1,0.999859196545
0.0498785263702,1,0.999860597575
0.0498885263702,1,0.999861984664
0.0498985263702,1,0.999863357951
0.0499085263702,1,0.999864717573
0.0499185263702,1,0.999866063667
0.0499285263702,1,0.999867396367
0.0499385263702,1,0.999868715806
0.0499485263702,1,0.999870022116
0.0499585263702,1,0.999871315428
0.0499685263702,1,0.999872595872
0.0499785263702,1,0.999873863575
0.0499885263702,1,0.999875118663
0.0499985263702,1,0.999876361264
0.05,1,0.999876543327
